name,prefix,seed,dim,xi,min_cluster_size,predecessor_correction,ari,nmi,sum
OPTICS,low_data,0,2,0.01,10,True,0.018544439065134408,0.3820954191053595,0.4006398581704939
OPTICS,low_data,0,2,0.01,50,True,0.01669269724269841,0.37253631665723086,0.38922901389992925
OPTICS,low_data,0,2,0.01,100,True,0.07808661739812002,0.48904716276554655,0.5671337801636666
OPTICS,low_data,0,2,0.01,150,True,0.1562468702891473,0.587491390987818,0.7437382612769653
OPTICS,low_data,0,2,0.01,200,True,0.1785921894562267,0.5734449110189115,0.7520371004751382
OPTICS,low_data,0,2,0.01,250,True,0.23400013766153097,0.6222649089390968,0.8562650466006277
OPTICS,low_data,0,2,0.01,300,True,0.2888484007522643,0.659971924565314,0.9488203253175782
OPTICS,low_data,0,2,0.01,350,True,0.2358910112398586,0.6150153791758198,0.8509063904156784
OPTICS,low_data,0,2,0.01,400,True,0.22567509340765995,0.6086861768758638,0.8343612702835237
OPTICS,low_data,0,2,0.01,500,True,0.35081326469890495,0.6462649126973956,0.9970781773963006
OPTICS,low_data,0,2,0.02,10,True,0.018967986905646425,0.3769200849624811,0.3958880718681275
OPTICS,low_data,0,2,0.02,50,True,0.031708216600781616,0.3901237598640962,0.4218319764648778
OPTICS,low_data,0,2,0.02,100,True,0.0976051606635609,0.5174169915216851,0.6150221521852459
OPTICS,low_data,0,2,0.02,150,True,0.1626529234468015,0.5816621733438537,0.7443150967906552
OPTICS,low_data,0,2,0.02,200,True,0.18744572919304733,0.570643995938409,0.7580897251314563
OPTICS,low_data,0,2,0.02,250,True,0.40842864168841664,0.7005296081792219,1.1089582498676385
OPTICS,low_data,0,2,0.02,300,True,0.7011819453914802,0.815367958441266,1.5165499038327461
OPTICS,low_data,0,2,0.02,350,True,0.6965237755184588,0.823660742126051,1.52018451764451
OPTICS,low_data,0,2,0.02,400,True,0.6153329798251227,0.7900345285330335,1.405367508358156
OPTICS,low_data,0,2,0.02,500,True,0.6190768321755471,0.7714482910513103,1.3905251232268574
OPTICS,low_data,0,2,0.03,10,True,0.015337355935090398,0.37654504339671613,0.3918823993318065
OPTICS,low_data,0,2,0.03,50,True,0.08113064230904136,0.4422497044344013,0.5233803467434427
OPTICS,low_data,0,2,0.03,100,True,0.10393731415100631,0.49214396193539317,0.5960812760863995
OPTICS,low_data,0,2,0.03,150,True,0.16374935659623854,0.5600831245425512,0.7238324811387897
OPTICS,low_data,0,2,0.03,200,True,0.41463834642486974,0.6981621506016287,1.1128004970264984
OPTICS,low_data,0,2,0.03,250,True,0.44960487528323956,0.72140931281509,1.1710141880983296
OPTICS,low_data,0,2,0.03,300,True,0.7563507318033696,0.8406120253210267,1.5969627571243965
OPTICS,low_data,0,2,0.03,350,True,0.7474604515481363,0.8456635193664207,1.593123970914557
OPTICS,low_data,0,2,0.03,400,True,0.6474973638416722,0.8034124122043873,1.4509097760460596
OPTICS,low_data,0,2,0.03,500,True,0.6536497775368271,0.7927142451283945,1.4463640226652217
OPTICS,low_data,0,2,0.04,10,True,0.01201107813512885,0.36404217293389246,0.3760532510690213
OPTICS,low_data,0,2,0.04,50,True,0.09476685457537337,0.45794034027802194,0.5527071948533953
OPTICS,low_data,0,2,0.04,100,True,0.17750526013449777,0.5878166109145346,0.7653218710490324
OPTICS,low_data,0,2,0.04,150,True,0.41776861935546583,0.7140009160887418,1.1317695354442077
OPTICS,low_data,0,2,0.04,200,True,0.4771398144908303,0.7418405613898298,1.21898037588066
OPTICS,low_data,0,2,0.04,250,True,0.4771398144908303,0.7418405613898298,1.21898037588066
OPTICS,low_data,0,2,0.04,300,True,0.7940442040577451,0.8661637405412145,1.6602079445989597
OPTICS,low_data,0,2,0.04,350,True,0.7625665178139934,0.8564349871076048,1.6190015049215982
OPTICS,low_data,0,2,0.04,400,True,0.6526143270735626,0.8050854033363706,1.4576997304099333
OPTICS,low_data,0,2,0.04,500,True,0.6610586327336024,0.7972705822215849,1.4583292149551874
OPTICS,low_data,0,2,0.05,10,True,0.009861278971511492,0.3528558848304376,0.3627171638019491
OPTICS,low_data,0,2,0.05,50,True,0.31564996448404853,0.6193075812346593,0.9349575457187078
OPTICS,low_data,0,2,0.05,100,True,0.46034678760764214,0.7351736409510177,1.1955204285586598
OPTICS,low_data,0,2,0.05,150,True,0.4391770411122969,0.7293654993304951,1.168542540442792
OPTICS,low_data,0,2,0.05,200,True,0.9126550330328935,0.931935181690905,1.8445902147237985
OPTICS,low_data,0,2,0.05,250,True,0.9126550330328935,0.931935181690905,1.8445902147237985
OPTICS,low_data,0,2,0.05,300,True,0.8895397233065376,0.9225659638339087,1.8121056871404462
OPTICS,low_data,0,2,0.05,350,True,0.8094987724126476,0.886698733420082,1.6961975058327297
OPTICS,low_data,0,2,0.05,400,True,0.7012989528723093,0.838402597581727,1.5397015504540361
OPTICS,low_data,0,2,0.05,500,True,0.680297811042312,0.8116705376145181,1.49196834865683
OPTICS,low_data,0,2,0.06,10,True,0.01252834358151908,0.34158601463599036,0.3541143582175095
OPTICS,low_data,0,2,0.06,50,True,0.44069821874899934,0.7049353135504873,1.1456335322994866
OPTICS,low_data,0,2,0.06,100,True,0.6604345495877326,0.8446892216745135,1.5051237712622463
OPTICS,low_data,0,2,0.06,150,True,0.6368149992753304,0.8427988767154654,1.4796138759907957
OPTICS,low_data,0,2,0.06,200,True,0.9388370394487516,0.9497560305281352,1.8885930699768867
OPTICS,low_data,0,2,0.06,250,True,0.9388370394487516,0.9497560305281352,1.8885930699768867
OPTICS,low_data,0,2,0.06,300,True,0.9160599636838158,0.9409280790956515,1.8569880427794674
OPTICS,low_data,0,2,0.06,350,True,0.8384028609679076,0.9065179291205304,1.744920790088438
OPTICS,low_data,0,2,0.06,400,True,0.7320344299995785,0.8610906636028616,1.5931250936024401
OPTICS,low_data,0,2,0.06,500,True,0.44894961296805863,0.7118476372073782,1.160797250175437
OPTICS,low_data,0,2,0.07,10,True,0.01753471062247924,0.3238915926027444,0.34142630322522366
OPTICS,low_data,0,2,0.07,50,True,0.48386750723761207,0.7277242953860165,1.2115918026236285
OPTICS,low_data,0,2,0.07,100,True,0.9055947435312526,0.9253300244016234,1.830924767932876
OPTICS,low_data,0,2,0.07,150,True,0.8963050414592999,0.9287371087510844,1.8250421502103844
OPTICS,low_data,0,2,0.07,200,True,0.9445080179349339,0.9533934194786425,1.8979014374135765
OPTICS,low_data,0,2,0.07,250,True,0.9445080179349339,0.9533934194786425,1.8979014374135765
OPTICS,low_data,0,2,0.07,300,True,0.9176440768801684,0.9412612474274181,1.8589053243075866
OPTICS,low_data,0,2,0.07,350,True,0.8411837446913102,0.9071071973429335,1.7482909420342438
OPTICS,low_data,0,2,0.07,400,True,0.7357229768736931,0.8619416272366454,1.5976646041103386
OPTICS,low_data,0,2,0.07,500,True,0.4530408355148725,0.7133796586289283,1.1664204941438008
OPTICS,low_data,0,2,0.08,10,True,0.015931254343485166,0.31291258448170645,0.32884383882519164
OPTICS,low_data,0,2,0.08,50,True,0.5627757503930414,0.7955231960506602,1.3582989464437016
OPTICS,low_data,0,2,0.08,100,True,0.8963087273898109,0.9309803936465452,1.827289121036356
OPTICS,low_data,0,2,0.08,150,True,0.9791680253133681,0.9723286766146955,1.9514967019280636
OPTICS,low_data,0,2,0.08,200,True,0.9464488353697731,0.9550987273864455,1.9015475627562186
OPTICS,low_data,0,2,0.08,250,True,0.9464488353697731,0.9550987273864455,1.9015475627562186
OPTICS,low_data,0,2,0.08,300,True,0.9197245959013712,0.9430449743354904,1.8627695702368616
OPTICS,low_data,0,2,0.08,350,True,0.8438042503220802,0.9091018503348813,1.7529061006569615
OPTICS,low_data,0,2,0.08,400,True,0.7386797092763133,0.864172459150736,1.6028521684270494
OPTICS,low_data,0,2,0.08,500,True,0.45258272401597816,0.7124122067246096,1.1649949307405878
OPTICS,low_data,0,2,0.09,10,True,0.01002849250051764,0.27370662133243107,0.2837351138329487
OPTICS,low_data,0,2,0.09,50,True,0.8321722375218608,0.8929695101577694,1.72514174767963
OPTICS,low_data,0,2,0.09,100,True,0.813006330887189,0.8980569298023003,1.7110632606894893
OPTICS,low_data,0,2,0.09,150,True,0.9235411671526853,0.9481012088980231,1.8716423760507084
OPTICS,low_data,0,2,0.09,200,True,0.8745049800919452,0.9236823687942406,1.7981873488861857
OPTICS,low_data,0,2,0.09,250,True,0.8745049800919452,0.9236823687942406,1.7981873488861857
OPTICS,low_data,0,2,0.09,300,True,0.8438042503220802,0.9091018503348813,1.7529061006569615
OPTICS,low_data,0,2,0.09,350,True,0.8438042503220802,0.9091018503348813,1.7529061006569615
OPTICS,low_data,0,2,0.09,400,True,0.7386797092763133,0.864172459150736,1.6028521684270494
OPTICS,low_data,0,2,0.09,500,True,0.45258272401597816,0.7124122067246096,1.1649949307405878
OPTICS,low_data,0,2,0.1,10,True,0.009556248092458473,0.25308300705365533,0.2626392551461138
OPTICS,low_data,0,2,0.1,50,True,0.7015246307140143,0.852039675998547,1.5535643067125613
OPTICS,low_data,0,2,0.1,100,True,0.7015246307140143,0.852039675998547,1.5535643067125613
OPTICS,low_data,0,2,0.1,150,True,0.6838957348823286,0.8543643304404527,1.5382600653227811
OPTICS,low_data,0,2,0.1,200,True,0.6203606371703416,0.8175410724457527,1.4379017096160944
OPTICS,low_data,0,2,0.1,250,True,0.6203606371703416,0.8175410724457527,1.4379017096160944
OPTICS,low_data,0,2,0.1,300,True,0.5897258184261118,0.7957677405170654,1.3854935589431774
OPTICS,low_data,0,2,0.1,350,True,0.5897258184261118,0.7957677405170654,1.3854935589431774
OPTICS,low_data,0,2,0.1,400,True,0.5897258184261118,0.7957677405170654,1.3854935589431774
OPTICS,low_data,0,2,0.1,500,True,0.3231127656415733,0.6038581374857152,0.9269709031272885
OPTICS,low_data,0,2,0.15,10,True,0.012891943998545317,0.13658027987629456,0.14947222387483988
OPTICS,low_data,0,2,0.15,50,True,0.4747644421522987,0.7380368804778166,1.2128013226301153
OPTICS,low_data,0,2,0.15,100,True,0.4747644421522987,0.7380368804778166,1.2128013226301153
OPTICS,low_data,0,2,0.15,150,True,0.4747644421522987,0.7380368804778166,1.2128013226301153
OPTICS,low_data,0,2,0.15,200,True,0.4747644421522987,0.7380368804778166,1.2128013226301153
OPTICS,low_data,0,2,0.15,250,True,0.4747644421522987,0.7380368804778166,1.2128013226301153
OPTICS,low_data,0,2,0.15,300,True,0.3231133215201726,0.6044364387670778,0.9275497602872503
OPTICS,low_data,0,2,0.15,350,True,0.3231133215201726,0.6044364387670778,0.9275497602872503
OPTICS,low_data,0,2,0.15,400,True,0.3231133215201726,0.6044364387670778,0.9275497602872503
OPTICS,low_data,0,2,0.15,500,True,0.3231133215201726,0.6044364387670778,0.9275497602872503
OPTICS,low_data,0,2,0.2,10,True,0.2505562308186948,0.5786205905088242,0.829176821327519
OPTICS,low_data,0,2,0.2,50,True,0.47482140946564183,0.7393979667204971,1.2142193761861388
OPTICS,low_data,0,2,0.2,100,True,0.47482140946564183,0.7393979667204971,1.2142193761861388
OPTICS,low_data,0,2,0.2,150,True,0.47482140946564183,0.7393979667204971,1.2142193761861388
OPTICS,low_data,0,2,0.2,200,True,0.47482140946564183,0.7393979667204971,1.2142193761861388
OPTICS,low_data,0,2,0.2,250,True,0.47482140946564183,0.7393979667204971,1.2142193761861388
OPTICS,low_data,0,2,0.2,300,True,0.32311602921269605,0.6059039406873666,0.9290199699000627
OPTICS,low_data,0,2,0.2,350,True,0.32311602921269605,0.6059039406873666,0.9290199699000627
OPTICS,low_data,0,2,0.2,400,True,0.32311602921269605,0.6059039406873666,0.9290199699000627
OPTICS,low_data,0,2,0.2,500,True,0.32311602921269605,0.6059039406873666,0.9290199699000627
OPTICS,low_data,0,2,0.25,10,True,0.193013854633761,0.4997978358952651,0.6928116905290261
OPTICS,low_data,0,2,0.25,50,True,0.1882343799061096,0.4886514020640486,0.6768857819701583
OPTICS,low_data,0,2,0.25,100,True,0.1882343799061096,0.4886514020640486,0.6768857819701583
OPTICS,low_data,0,2,0.25,150,True,0.1882343799061096,0.4886514020640486,0.6768857819701583
OPTICS,low_data,0,2,0.25,200,True,0.1882343799061096,0.4886514020640486,0.6768857819701583
OPTICS,low_data,0,2,0.25,250,True,0.1882343799061096,0.4886514020640486,0.6768857819701583
OPTICS,low_data,0,2,0.25,300,True,0.13335324484732547,0.37217553723672764,0.505528782084053
OPTICS,low_data,0,2,0.25,350,True,0.13335324484732547,0.37217553723672764,0.505528782084053
OPTICS,low_data,0,2,0.25,400,True,0.13335324484732547,0.37217553723672764,0.505528782084053
OPTICS,low_data,0,2,0.25,500,True,0.13335324484732547,0.37217553723672764,0.505528782084053
OPTICS,low_data,0,2,0.3,10,True,0.03882987473389046,0.20232780964469524,0.2411576843785857
OPTICS,low_data,0,2,0.3,50,True,0.0363664052470969,0.184589161062119,0.22095556630921592
OPTICS,low_data,0,2,0.3,100,True,0.0363664052470969,0.184589161062119,0.22095556630921592
OPTICS,low_data,0,2,0.3,150,True,0.0363664052470969,0.184589161062119,0.22095556630921592
OPTICS,low_data,0,2,0.3,200,True,0.0363664052470969,0.184589161062119,0.22095556630921592
OPTICS,low_data,0,2,0.3,250,True,0.0363664052470969,0.184589161062119,0.22095556630921592
OPTICS,low_data,0,2,0.3,300,True,0.0,0.0,0.0
OPTICS,low_data,0,2,0.3,350,True,0.0,0.0,0.0
OPTICS,low_data,0,2,0.3,400,True,0.0,0.0,0.0
OPTICS,low_data,0,2,0.3,500,True,0.0,0.0,0.0
OPTICS,low_data,0,2,0.4,10,True,0.001788913510054798,0.018570690387233222,0.02035960389728802
OPTICS,low_data,0,2,0.4,50,True,0.0,0.0,0.0
OPTICS,low_data,0,2,0.4,100,True,0.0,0.0,0.0
OPTICS,low_data,0,2,0.4,150,True,0.0,0.0,0.0
OPTICS,low_data,0,2,0.4,200,True,0.0,0.0,0.0
OPTICS,low_data,0,2,0.4,250,True,0.0,0.0,0.0
OPTICS,low_data,0,2,0.4,300,True,0.0,0.0,0.0
OPTICS,low_data,0,2,0.4,350,True,0.0,0.0,0.0
OPTICS,low_data,0,2,0.4,400,True,0.0,0.0,0.0
OPTICS,low_data,0,2,0.4,500,True,0.0,0.0,0.0
OPTICS,low_data,0,2,0.5,10,True,0.001788913510054798,0.018570690387233222,0.02035960389728802
OPTICS,low_data,0,2,0.5,50,True,0.0,0.0,0.0
OPTICS,low_data,0,2,0.5,100,True,0.0,0.0,0.0
OPTICS,low_data,0,2,0.5,150,True,0.0,0.0,0.0
OPTICS,low_data,0,2,0.5,200,True,0.0,0.0,0.0
OPTICS,low_data,0,2,0.5,250,True,0.0,0.0,0.0
OPTICS,low_data,0,2,0.5,300,True,0.0,0.0,0.0
OPTICS,low_data,0,2,0.5,350,True,0.0,0.0,0.0
OPTICS,low_data,0,2,0.5,400,True,0.0,0.0,0.0
OPTICS,low_data,0,2,0.5,500,True,0.0,0.0,0.0
OPTICS,low_data,0,5,0.01,10,True,-0.00038104842577604077,0.2969403921040555,0.29655934367827946
OPTICS,low_data,0,5,0.01,50,True,0.04718723178925541,0.3444850678849734,0.3916722996742288
OPTICS,low_data,0,5,0.01,100,True,0.08331271150460953,0.4353950227586542,0.5187077342632638
OPTICS,low_data,0,5,0.01,150,True,0.33430898979863816,0.6405545418080607,0.9748635316066989
OPTICS,low_data,0,5,0.01,200,True,0.39122197882380966,0.6744339056602344,1.065655884484044
OPTICS,low_data,0,5,0.01,250,True,0.6423113024871514,0.791077317991946,1.4333886204790973
OPTICS,low_data,0,5,0.01,300,True,0.6317973598757614,0.7953686925060357,1.427166052381797
OPTICS,low_data,0,5,0.01,350,True,0.6457468802755645,0.8065978394511684,1.452344719726733
OPTICS,low_data,0,5,0.01,400,True,0.5367390352742265,0.7500984816727456,1.2868375169469721
OPTICS,low_data,0,5,0.01,500,True,0.5770800499183976,0.7810652546495348,1.3581453045679324
OPTICS,low_data,0,5,0.02,10,True,0.004619455921941747,0.268980379000985,0.2735998349229267
OPTICS,low_data,0,5,0.02,50,True,0.5831620740490095,0.7603236132541334,1.343485687303143
OPTICS,low_data,0,5,0.02,100,True,0.8565970188538421,0.909907814844931,1.766504833698773
OPTICS,low_data,0,5,0.02,150,True,0.925965512111947,0.9528885458041223,1.8788540579160693
OPTICS,low_data,0,5,0.02,200,True,0.8768978570623724,0.9279768021670783,1.804874659229451
OPTICS,low_data,0,5,0.02,250,True,0.8768978570623724,0.9279768021670783,1.804874659229451
OPTICS,low_data,0,5,0.02,300,True,0.7083170238666007,0.8547062722111922,1.5630232960777928
OPTICS,low_data,0,5,0.02,350,True,0.7083170238666007,0.8547062722111922,1.5630232960777928
OPTICS,low_data,0,5,0.02,400,True,0.5976619299310182,0.8028481663040715,1.4005100962350898
OPTICS,low_data,0,5,0.02,500,True,0.5980693545764509,0.7970874084397309,1.3951567630161819
OPTICS,low_data,0,5,0.03,10,True,-0.00015395067769127173,0.2103190271174522,0.21016507643976093
OPTICS,low_data,0,5,0.03,50,True,0.869113959534548,0.9230280268043274,1.7921419863388754
OPTICS,low_data,0,5,0.03,100,True,0.9379536526302328,0.9652603107084473,1.90321396333868
OPTICS,low_data,0,5,0.03,150,True,0.9379536526302328,0.9652603107084473,1.90321396333868
OPTICS,low_data,0,5,0.03,200,True,0.8901825519875635,0.9410479190224791,1.8312304710100427
OPTICS,low_data,0,5,0.03,250,True,0.8901825519875635,0.9410479190224791,1.8312304710100427
OPTICS,low_data,0,5,0.03,300,True,0.7148836563120067,0.8605735262554473,1.575457182567454
OPTICS,low_data,0,5,0.03,350,True,0.7148836563120067,0.8605735262554473,1.575457182567454
OPTICS,low_data,0,5,0.03,400,True,0.5971554912727869,0.8019680267212346,1.3991235179940213
OPTICS,low_data,0,5,0.03,500,True,0.5230084733148186,0.7478449611278614,1.2708534344426798
OPTICS,low_data,0,5,0.04,10,True,-0.0006612955365600404,0.1664213525643853,0.16576005702782526
OPTICS,low_data,0,5,0.04,50,True,0.8560827311815066,0.925228540369651,1.7813112715511576
OPTICS,low_data,0,5,0.04,100,True,0.9379536526302328,0.9652603107084473,1.90321396333868
OPTICS,low_data,0,5,0.04,150,True,0.9379536526302328,0.9652603107084473,1.90321396333868
OPTICS,low_data,0,5,0.04,200,True,0.8901825519875635,0.9410479190224791,1.8312304710100427
OPTICS,low_data,0,5,0.04,250,True,0.8901825519875635,0.9410479190224791,1.8312304710100427
OPTICS,low_data,0,5,0.04,300,True,0.7148836563120067,0.8605735262554473,1.575457182567454
OPTICS,low_data,0,5,0.04,350,True,0.7148836563120067,0.8605735262554473,1.575457182567454
OPTICS,low_data,0,5,0.04,400,True,0.5971554912727869,0.8019680267212346,1.3991235179940213
OPTICS,low_data,0,5,0.04,500,True,0.5230084733148186,0.7478449611278614,1.2708534344426798
OPTICS,low_data,0,5,0.05,10,True,0.10715855767668031,0.4497352936596177,0.556893851336298
OPTICS,low_data,0,5,0.05,50,True,0.8187974149567702,0.921486134942412,1.7402835498991822
OPTICS,low_data,0,5,0.05,100,True,0.8187974149567702,0.921486134942412,1.7402835498991822
OPTICS,low_data,0,5,0.05,150,True,0.8187974149567702,0.921486134942412,1.7402835498991822
OPTICS,low_data,0,5,0.05,200,True,0.7564618868096904,0.8905193892733129,1.6469812760830034
OPTICS,low_data,0,5,0.05,250,True,0.7564618868096904,0.8905193892733129,1.6469812760830034
OPTICS,low_data,0,5,0.05,300,True,0.7701019694804154,0.8753472273962275,1.645449196876643
OPTICS,low_data,0,5,0.05,350,True,0.7701019694804154,0.8753472273962275,1.645449196876643
OPTICS,low_data,0,5,0.05,400,True,0.6623383269710685,0.8226301135043359,1.4849684404754044
OPTICS,low_data,0,5,0.05,500,True,0.5230084733148186,0.7478449611278614,1.2708534344426798
OPTICS,low_data,0,5,0.06,10,True,0.10877057847666936,0.4474783552671462,0.5562489337438156
OPTICS,low_data,0,5,0.06,50,True,0.8187974149567702,0.921486134942412,1.7402835498991822
OPTICS,low_data,0,5,0.06,100,True,0.8187974149567702,0.921486134942412,1.7402835498991822
OPTICS,low_data,0,5,0.06,150,True,0.8187974149567702,0.921486134942412,1.7402835498991822
OPTICS,low_data,0,5,0.06,200,True,0.7564618868096904,0.8905193892733129,1.6469812760830034
OPTICS,low_data,0,5,0.06,250,True,0.7564618868096904,0.8905193892733129,1.6469812760830034
OPTICS,low_data,0,5,0.06,300,True,0.7701019694804154,0.8753472273962275,1.645449196876643
OPTICS,low_data,0,5,0.06,350,True,0.7701019694804154,0.8753472273962275,1.645449196876643
OPTICS,low_data,0,5,0.06,400,True,0.6623383269710685,0.8226301135043359,1.4849684404754044
OPTICS,low_data,0,5,0.06,500,True,0.5230084733148186,0.7478449611278614,1.2708534344426798
OPTICS,low_data,0,5,0.07,10,True,0.11051810742679602,0.4458558665463991,0.5563739739731951
OPTICS,low_data,0,5,0.07,50,True,0.8187974149567702,0.921486134942412,1.7402835498991822
OPTICS,low_data,0,5,0.07,100,True,0.8187974149567702,0.921486134942412,1.7402835498991822
OPTICS,low_data,0,5,0.07,150,True,0.8187974149567702,0.921486134942412,1.7402835498991822
OPTICS,low_data,0,5,0.07,200,True,0.7564618868096904,0.8905193892733129,1.6469812760830034
OPTICS,low_data,0,5,0.07,250,True,0.7564618868096904,0.8905193892733129,1.6469812760830034
OPTICS,low_data,0,5,0.07,300,True,0.7701019694804154,0.8753472273962275,1.645449196876643
OPTICS,low_data,0,5,0.07,350,True,0.7701019694804154,0.8753472273962275,1.645449196876643
OPTICS,low_data,0,5,0.07,400,True,0.6623383269710685,0.8226301135043359,1.4849684404754044
OPTICS,low_data,0,5,0.07,500,True,0.5230084733148186,0.7478449611278614,1.2708534344426798
OPTICS,low_data,0,5,0.08,10,True,0.42968338482631946,0.7593669727991152,1.1890503576254348
OPTICS,low_data,0,5,0.08,50,True,0.8189201796069006,0.9221408850674254,1.741061064674326
OPTICS,low_data,0,5,0.08,100,True,0.8189201796069006,0.9221408850674254,1.741061064674326
OPTICS,low_data,0,5,0.08,150,True,0.8189201796069006,0.9221408850674254,1.741061064674326
OPTICS,low_data,0,5,0.08,200,True,0.756536976036702,0.891185047701431,1.6477220237381331
OPTICS,low_data,0,5,0.08,250,True,0.756536976036702,0.891185047701431,1.6477220237381331
OPTICS,low_data,0,5,0.08,300,True,0.7702262813557214,0.8760300807757351,1.6462563621314565
OPTICS,low_data,0,5,0.08,350,True,0.7702262813557214,0.8760300807757351,1.6462563621314565
OPTICS,low_data,0,5,0.08,400,True,0.6623809382209325,0.8233290330806011,1.4857099713015336
OPTICS,low_data,0,5,0.08,500,True,0.5229881467898738,0.7485697801759934,1.2715579269658672
OPTICS,low_data,0,5,0.09,10,True,0.5481961462704623,0.8317142811137842,1.3799104273842464
OPTICS,low_data,0,5,0.09,50,True,0.8189201796069006,0.9221408850674254,1.741061064674326
OPTICS,low_data,0,5,0.09,100,True,0.8189201796069006,0.9221408850674254,1.741061064674326
OPTICS,low_data,0,5,0.09,150,True,0.8189201796069006,0.9221408850674254,1.741061064674326
OPTICS,low_data,0,5,0.09,200,True,0.756536976036702,0.891185047701431,1.6477220237381331
OPTICS,low_data,0,5,0.09,250,True,0.756536976036702,0.891185047701431,1.6477220237381331
OPTICS,low_data,0,5,0.09,300,True,0.7702262813557214,0.8760300807757351,1.6462563621314565
OPTICS,low_data,0,5,0.09,350,True,0.7702262813557214,0.8760300807757351,1.6462563621314565
OPTICS,low_data,0,5,0.09,400,True,0.6623809382209325,0.8233290330806011,1.4857099713015336
OPTICS,low_data,0,5,0.09,500,True,0.5229881467898738,0.7485697801759934,1.2715579269658672
OPTICS,low_data,0,5,0.1,10,True,0.5479553400802719,0.834881256163175,1.3828365962434468
OPTICS,low_data,0,5,0.1,50,True,0.8189201796069006,0.9221408850674254,1.741061064674326
OPTICS,low_data,0,5,0.1,100,True,0.8189201796069006,0.9221408850674254,1.741061064674326
OPTICS,low_data,0,5,0.1,150,True,0.8189201796069006,0.9221408850674254,1.741061064674326
OPTICS,low_data,0,5,0.1,200,True,0.756536976036702,0.891185047701431,1.6477220237381331
OPTICS,low_data,0,5,0.1,250,True,0.756536976036702,0.891185047701431,1.6477220237381331
OPTICS,low_data,0,5,0.1,300,True,0.7702262813557214,0.8760300807757351,1.6462563621314565
OPTICS,low_data,0,5,0.1,350,True,0.7702262813557214,0.8760300807757351,1.6462563621314565
OPTICS,low_data,0,5,0.1,400,True,0.6623809382209325,0.8233290330806011,1.4857099713015336
OPTICS,low_data,0,5,0.1,500,True,0.5229881467898738,0.7485697801759934,1.2715579269658672
OPTICS,low_data,0,5,0.15,10,True,0.5479553400802719,0.834881256163175,1.3828365962434468
OPTICS,low_data,0,5,0.15,50,True,0.8189201796069006,0.9221408850674254,1.741061064674326
OPTICS,low_data,0,5,0.15,100,True,0.8189201796069006,0.9221408850674254,1.741061064674326
OPTICS,low_data,0,5,0.15,150,True,0.8189201796069006,0.9221408850674254,1.741061064674326
OPTICS,low_data,0,5,0.15,200,True,0.756536976036702,0.891185047701431,1.6477220237381331
OPTICS,low_data,0,5,0.15,250,True,0.756536976036702,0.891185047701431,1.6477220237381331
OPTICS,low_data,0,5,0.15,300,True,0.7702262813557214,0.8760300807757351,1.6462563621314565
OPTICS,low_data,0,5,0.15,350,True,0.7702262813557214,0.8760300807757351,1.6462563621314565
OPTICS,low_data,0,5,0.15,400,True,0.6623809382209325,0.8233290330806011,1.4857099713015336
OPTICS,low_data,0,5,0.15,500,True,0.5229881467898738,0.7485697801759934,1.2715579269658672
OPTICS,low_data,0,5,0.2,10,True,0.5476490803878359,0.8372120504533052,1.384861130841141
OPTICS,low_data,0,5,0.2,50,True,0.8192985492048541,0.9244837179488745,1.7437822671537286
OPTICS,low_data,0,5,0.2,100,True,0.8192985492048541,0.9244837179488745,1.7437822671537286
OPTICS,low_data,0,5,0.2,150,True,0.8192985492048541,0.9244837179488745,1.7437822671537286
OPTICS,low_data,0,5,0.2,200,True,0.7567282877801532,0.8935495237982181,1.6502778115783712
OPTICS,low_data,0,5,0.2,250,True,0.7567282877801532,0.8935495237982181,1.6502778115783712
OPTICS,low_data,0,5,0.2,300,True,0.7706526779118597,0.8784640244535472,1.649116702365407
OPTICS,low_data,0,5,0.2,350,True,0.7706526779118597,0.8784640244535472,1.649116702365407
OPTICS,low_data,0,5,0.2,400,True,0.6624796933931504,0.8252539647550101,1.4877336581481604
OPTICS,low_data,0,5,0.2,500,True,0.5229881467898738,0.7485697801759934,1.2715579269658672
OPTICS,low_data,0,5,0.25,10,True,0.5475761578939324,0.8378674103537039,1.3854435682476365
OPTICS,low_data,0,5,0.25,50,True,0.8193531475871042,0.9251280368955799,1.7444811844826842
OPTICS,low_data,0,5,0.25,100,True,0.8193531475871042,0.9251280368955799,1.7444811844826842
OPTICS,low_data,0,5,0.25,150,True,0.8193531475871042,0.9251280368955799,1.7444811844826842
OPTICS,low_data,0,5,0.25,200,True,0.7567478616290533,0.894202938950205,1.6509508005792584
OPTICS,low_data,0,5,0.25,250,True,0.7567478616290533,0.894202938950205,1.6509508005792584
OPTICS,low_data,0,5,0.25,300,True,0.7707187140960097,0.8791335980772813,1.6498523121732909
OPTICS,low_data,0,5,0.25,350,True,0.7707187140960097,0.8791335980772813,1.6498523121732909
OPTICS,low_data,0,5,0.25,400,True,0.6624796933931504,0.8252539647550101,1.4877336581481604
OPTICS,low_data,0,5,0.25,500,True,0.5229881467898738,0.7485697801759934,1.2715579269658672
OPTICS,low_data,0,5,0.3,10,True,0.687690689204398,0.8797756008481754,1.5674662900525735
OPTICS,low_data,0,5,0.3,50,True,0.8942453990412347,0.9441800200764864,1.838425419117721
OPTICS,low_data,0,5,0.3,100,True,0.8942453990412347,0.9441800200764864,1.838425419117721
OPTICS,low_data,0,5,0.3,150,True,0.8942453990412347,0.9441800200764864,1.838425419117721
OPTICS,low_data,0,5,0.3,200,True,0.8493349277272473,0.9187509848292064,1.7680859125564536
OPTICS,low_data,0,5,0.3,250,True,0.8493349277272473,0.9187509848292064,1.7680859125564536
OPTICS,low_data,0,5,0.3,300,True,0.7708112424275209,0.8798178574590637,1.6506290998865847
OPTICS,low_data,0,5,0.3,350,True,0.7708112424275209,0.8798178574590637,1.6506290998865847
OPTICS,low_data,0,5,0.3,400,True,0.6625060168913435,0.8259522648162678,1.4884582817076113
OPTICS,low_data,0,5,0.3,500,True,0.5229881467898738,0.7485697801759934,1.2715579269658672
OPTICS,low_data,0,5,0.4,10,True,0.34427415045422854,0.6958185076725764,1.0400926581268048
OPTICS,low_data,0,5,0.4,50,True,0.6034773229218877,0.8256456697049884,1.4291229926268763
OPTICS,low_data,0,5,0.4,100,True,0.6034773229218877,0.8256456697049884,1.4291229926268763
OPTICS,low_data,0,5,0.4,150,True,0.6034773229218877,0.8256456697049884,1.4291229926268763
OPTICS,low_data,0,5,0.4,200,True,0.5415307113588169,0.7836745824854419,1.3252052938442587
OPTICS,low_data,0,5,0.4,250,True,0.5415307113588169,0.7836745824854419,1.3252052938442587
OPTICS,low_data,0,5,0.4,300,True,0.45150815835990626,0.7187154023833953,1.1702235607433016
OPTICS,low_data,0,5,0.4,350,True,0.45150815835990626,0.7187154023833953,1.1702235607433016
OPTICS,low_data,0,5,0.4,400,True,0.45150815835990626,0.7187154023833953,1.1702235607433016
OPTICS,low_data,0,5,0.4,500,True,0.32571051022320674,0.6113497371611296,0.9370602473843364
OPTICS,low_data,0,5,0.5,10,True,0.29497957096314437,0.6375078079394594,0.9324873789026038
OPTICS,low_data,0,5,0.5,50,True,0.2911209427603743,0.6293261963307117,0.920447139091086
OPTICS,low_data,0,5,0.5,100,True,0.2911209427603743,0.6293261963307117,0.920447139091086
OPTICS,low_data,0,5,0.5,150,True,0.2911209427603743,0.6293261963307117,0.920447139091086
OPTICS,low_data,0,5,0.5,200,True,0.2911209427603743,0.6293261963307117,0.920447139091086
OPTICS,low_data,0,5,0.5,250,True,0.2911209427603743,0.6293261963307117,0.920447139091086
OPTICS,low_data,0,5,0.5,300,True,0.22294227739524317,0.535604330987921,0.7585466083831642
OPTICS,low_data,0,5,0.5,350,True,0.22294227739524317,0.535604330987921,0.7585466083831642
OPTICS,low_data,0,5,0.5,400,True,0.22294227739524317,0.535604330987921,0.7585466083831642
OPTICS,low_data,0,5,0.5,500,True,0.1320769709050054,0.37501726191068574,0.5070942328156911
OPTICS,low_data,0,10,0.01,10,True,0.014821858297715011,0.312380676229001,0.327202534526716
OPTICS,low_data,0,10,0.01,50,True,0.1633464413842204,0.536488516903298,0.6998349582875184
OPTICS,low_data,0,10,0.01,100,True,0.7586235217671932,0.873014549589874,1.631638071357067
OPTICS,low_data,0,10,0.01,150,True,0.8226349617413543,0.9109684236587948,1.7336033854001491
OPTICS,low_data,0,10,0.01,200,True,0.7703799376442914,0.889351834527805,1.6597317721720963
OPTICS,low_data,0,10,0.01,250,True,0.7703799376442914,0.889351834527805,1.6597317721720963
OPTICS,low_data,0,10,0.01,300,True,0.7252888258436216,0.8594498798176237,1.5847387056612452
OPTICS,low_data,0,10,0.01,350,True,0.7252888258436216,0.8594498798176237,1.5847387056612452
OPTICS,low_data,0,10,0.01,400,True,0.7252888258436216,0.8594498798176237,1.5847387056612452
OPTICS,low_data,0,10,0.01,500,True,0.4429700028302994,0.7085978377543906,1.1515678405846899
OPTICS,low_data,0,10,0.02,10,True,0.00847094485821981,0.2439991288936221,0.25247007375184194
OPTICS,low_data,0,10,0.02,50,True,0.30187087875612983,0.6992233748318445,1.0010942535879743
OPTICS,low_data,0,10,0.02,100,True,0.8465971324251198,0.9319749378614138,1.7785720702865335
OPTICS,low_data,0,10,0.02,150,True,0.8465971324251198,0.9319749378614138,1.7785720702865335
OPTICS,low_data,0,10,0.02,200,True,0.7862983247255645,0.9022909069860818,1.6885892317116462
OPTICS,low_data,0,10,0.02,250,True,0.7862983247255645,0.9022909069860818,1.6885892317116462
OPTICS,low_data,0,10,0.02,300,True,0.7410748239613693,0.8728735631126545,1.6139483870740237
OPTICS,low_data,0,10,0.02,350,True,0.7410748239613693,0.8728735631126545,1.6139483870740237
OPTICS,low_data,0,10,0.02,400,True,0.7410748239613693,0.8728735631126545,1.6139483870740237
OPTICS,low_data,0,10,0.02,500,True,0.453258653814731,0.7199122037168865,1.1731708575316175
OPTICS,low_data,0,10,0.03,10,True,0.11609332792480695,0.43270148532357683,0.5487948132483838
OPTICS,low_data,0,10,0.03,50,True,0.5748079691191293,0.8380057657603135,1.412813734879443
OPTICS,low_data,0,10,0.03,100,True,0.8465971324251198,0.9319749378614138,1.7785720702865335
OPTICS,low_data,0,10,0.03,150,True,0.8465971324251198,0.9319749378614138,1.7785720702865335
OPTICS,low_data,0,10,0.03,200,True,0.7862983247255645,0.9022909069860818,1.6885892317116462
OPTICS,low_data,0,10,0.03,250,True,0.7862983247255645,0.9022909069860818,1.6885892317116462
OPTICS,low_data,0,10,0.03,300,True,0.7410748239613693,0.8728735631126545,1.6139483870740237
OPTICS,low_data,0,10,0.03,350,True,0.7410748239613693,0.8728735631126545,1.6139483870740237
OPTICS,low_data,0,10,0.03,400,True,0.7410748239613693,0.8728735631126545,1.6139483870740237
OPTICS,low_data,0,10,0.03,500,True,0.453258653814731,0.7199122037168865,1.1731708575316175
OPTICS,low_data,0,10,0.04,10,True,0.11362863372683515,0.42089641855308746,0.5345250522799226
OPTICS,low_data,0,10,0.04,50,True,0.8465971324251198,0.9319749378614138,1.7785720702865335
OPTICS,low_data,0,10,0.04,100,True,0.8465971324251198,0.9319749378614138,1.7785720702865335
OPTICS,low_data,0,10,0.04,150,True,0.8465971324251198,0.9319749378614138,1.7785720702865335
OPTICS,low_data,0,10,0.04,200,True,0.7862983247255645,0.9022909069860818,1.6885892317116462
OPTICS,low_data,0,10,0.04,250,True,0.7862983247255645,0.9022909069860818,1.6885892317116462
OPTICS,low_data,0,10,0.04,300,True,0.7410748239613693,0.8728735631126545,1.6139483870740237
OPTICS,low_data,0,10,0.04,350,True,0.7410748239613693,0.8728735631126545,1.6139483870740237
OPTICS,low_data,0,10,0.04,400,True,0.7410748239613693,0.8728735631126545,1.6139483870740237
OPTICS,low_data,0,10,0.04,500,True,0.453258653814731,0.7199122037168865,1.1731708575316175
OPTICS,low_data,0,10,0.05,10,True,0.5191740001500166,0.8052789013615004,1.324452901511517
OPTICS,low_data,0,10,0.05,50,True,0.7862983247255645,0.9022909069860818,1.6885892317116462
OPTICS,low_data,0,10,0.05,100,True,0.7862983247255645,0.9022909069860818,1.6885892317116462
OPTICS,low_data,0,10,0.05,150,True,0.7862983247255645,0.9022909069860818,1.6885892317116462
OPTICS,low_data,0,10,0.05,200,True,0.7862983247255645,0.9022909069860818,1.6885892317116462
OPTICS,low_data,0,10,0.05,250,True,0.7862983247255645,0.9022909069860818,1.6885892317116462
OPTICS,low_data,0,10,0.05,300,True,0.7410748239613693,0.8728735631126545,1.6139483870740237
OPTICS,low_data,0,10,0.05,350,True,0.7410748239613693,0.8728735631126545,1.6139483870740237
OPTICS,low_data,0,10,0.05,400,True,0.7410748239613693,0.8728735631126545,1.6139483870740237
OPTICS,low_data,0,10,0.05,500,True,0.453258653814731,0.7199122037168865,1.1731708575316175
OPTICS,low_data,0,10,0.06,10,True,0.5191740001500166,0.8052789013615004,1.324452901511517
OPTICS,low_data,0,10,0.06,50,True,0.7862983247255645,0.9022909069860818,1.6885892317116462
OPTICS,low_data,0,10,0.06,100,True,0.7862983247255645,0.9022909069860818,1.6885892317116462
OPTICS,low_data,0,10,0.06,150,True,0.7862983247255645,0.9022909069860818,1.6885892317116462
OPTICS,low_data,0,10,0.06,200,True,0.7862983247255645,0.9022909069860818,1.6885892317116462
OPTICS,low_data,0,10,0.06,250,True,0.7862983247255645,0.9022909069860818,1.6885892317116462
OPTICS,low_data,0,10,0.06,300,True,0.7410748239613693,0.8728735631126545,1.6139483870740237
OPTICS,low_data,0,10,0.06,350,True,0.7410748239613693,0.8728735631126545,1.6139483870740237
OPTICS,low_data,0,10,0.06,400,True,0.7410748239613693,0.8728735631126545,1.6139483870740237
OPTICS,low_data,0,10,0.06,500,True,0.453258653814731,0.7199122037168865,1.1731708575316175
OPTICS,low_data,0,10,0.07,10,True,0.5176431600682778,0.8065283339054842,1.324171493973762
OPTICS,low_data,0,10,0.07,50,True,0.7862983247255645,0.9022909069860818,1.6885892317116462
OPTICS,low_data,0,10,0.07,100,True,0.7862983247255645,0.9022909069860818,1.6885892317116462
OPTICS,low_data,0,10,0.07,150,True,0.7862983247255645,0.9022909069860818,1.6885892317116462
OPTICS,low_data,0,10,0.07,200,True,0.7862983247255645,0.9022909069860818,1.6885892317116462
OPTICS,low_data,0,10,0.07,250,True,0.7862983247255645,0.9022909069860818,1.6885892317116462
OPTICS,low_data,0,10,0.07,300,True,0.7410748239613693,0.8728735631126545,1.6139483870740237
OPTICS,low_data,0,10,0.07,350,True,0.7410748239613693,0.8728735631126545,1.6139483870740237
OPTICS,low_data,0,10,0.07,400,True,0.7410748239613693,0.8728735631126545,1.6139483870740237
OPTICS,low_data,0,10,0.07,500,True,0.453258653814731,0.7199122037168865,1.1731708575316175
OPTICS,low_data,0,10,0.08,10,True,0.5176431600682778,0.8065283339054842,1.324171493973762
OPTICS,low_data,0,10,0.08,50,True,0.7862983247255645,0.9022909069860818,1.6885892317116462
OPTICS,low_data,0,10,0.08,100,True,0.7862983247255645,0.9022909069860818,1.6885892317116462
OPTICS,low_data,0,10,0.08,150,True,0.7862983247255645,0.9022909069860818,1.6885892317116462
OPTICS,low_data,0,10,0.08,200,True,0.7862983247255645,0.9022909069860818,1.6885892317116462
OPTICS,low_data,0,10,0.08,250,True,0.7862983247255645,0.9022909069860818,1.6885892317116462
OPTICS,low_data,0,10,0.08,300,True,0.7410748239613693,0.8728735631126545,1.6139483870740237
OPTICS,low_data,0,10,0.08,350,True,0.7410748239613693,0.8728735631126545,1.6139483870740237
OPTICS,low_data,0,10,0.08,400,True,0.7410748239613693,0.8728735631126545,1.6139483870740237
OPTICS,low_data,0,10,0.08,500,True,0.453258653814731,0.7199122037168865,1.1731708575316175
OPTICS,low_data,0,10,0.09,10,True,0.7916142416753973,0.9075213545354329,1.69913559621083
OPTICS,low_data,0,10,0.09,50,True,0.7863659107127162,0.9029583922590114,1.6893243029717278
OPTICS,low_data,0,10,0.09,100,True,0.7863659107127162,0.9029583922590114,1.6893243029717278
OPTICS,low_data,0,10,0.09,150,True,0.7863659107127162,0.9029583922590114,1.6893243029717278
OPTICS,low_data,0,10,0.09,200,True,0.7863659107127162,0.9029583922590114,1.6893243029717278
OPTICS,low_data,0,10,0.09,250,True,0.7863659107127162,0.9029583922590114,1.6893243029717278
OPTICS,low_data,0,10,0.09,300,True,0.7411232649796673,0.8735529504896368,1.614676215469304
OPTICS,low_data,0,10,0.09,350,True,0.7411232649796673,0.8735529504896368,1.614676215469304
OPTICS,low_data,0,10,0.09,400,True,0.7411232649796673,0.8735529504896368,1.614676215469304
OPTICS,low_data,0,10,0.09,500,True,0.453258653814731,0.7199122037168865,1.1731708575316175
OPTICS,low_data,0,10,0.1,10,True,0.7916142416753973,0.9075213545354329,1.69913559621083
OPTICS,low_data,0,10,0.1,50,True,0.7863659107127162,0.9029583922590114,1.6893243029717278
OPTICS,low_data,0,10,0.1,100,True,0.7863659107127162,0.9029583922590114,1.6893243029717278
OPTICS,low_data,0,10,0.1,150,True,0.7863659107127162,0.9029583922590114,1.6893243029717278
OPTICS,low_data,0,10,0.1,200,True,0.7863659107127162,0.9029583922590114,1.6893243029717278
OPTICS,low_data,0,10,0.1,250,True,0.7863659107127162,0.9029583922590114,1.6893243029717278
OPTICS,low_data,0,10,0.1,300,True,0.7411232649796673,0.8735529504896368,1.614676215469304
OPTICS,low_data,0,10,0.1,350,True,0.7411232649796673,0.8735529504896368,1.614676215469304
OPTICS,low_data,0,10,0.1,400,True,0.7411232649796673,0.8735529504896368,1.614676215469304
OPTICS,low_data,0,10,0.1,500,True,0.453258653814731,0.7199122037168865,1.1731708575316175
OPTICS,low_data,0,10,0.15,10,True,0.8363901218904392,0.919852858157609,1.7562429800480481
OPTICS,low_data,0,10,0.15,50,True,0.8314889333061338,0.9155099711519508,1.7469989044580845
OPTICS,low_data,0,10,0.15,100,True,0.8314889333061338,0.9155099711519508,1.7469989044580845
OPTICS,low_data,0,10,0.15,150,True,0.8314889333061338,0.9155099711519508,1.7469989044580845
OPTICS,low_data,0,10,0.15,200,True,0.8314889333061338,0.9155099711519508,1.7469989044580845
OPTICS,low_data,0,10,0.15,250,True,0.8314889333061338,0.9155099711519508,1.7469989044580845
OPTICS,low_data,0,10,0.15,300,True,0.7411232649796673,0.8735529504896368,1.614676215469304
OPTICS,low_data,0,10,0.15,350,True,0.7411232649796673,0.8735529504896368,1.614676215469304
OPTICS,low_data,0,10,0.15,400,True,0.7411232649796673,0.8735529504896368,1.614676215469304
OPTICS,low_data,0,10,0.15,500,True,0.453258653814731,0.7199122037168865,1.1731708575316175
OPTICS,low_data,0,10,0.2,10,True,0.8363901218904392,0.919852858157609,1.7562429800480481
OPTICS,low_data,0,10,0.2,50,True,0.8314889333061338,0.9155099711519508,1.7469989044580845
OPTICS,low_data,0,10,0.2,100,True,0.8314889333061338,0.9155099711519508,1.7469989044580845
OPTICS,low_data,0,10,0.2,150,True,0.8314889333061338,0.9155099711519508,1.7469989044580845
OPTICS,low_data,0,10,0.2,200,True,0.8314889333061338,0.9155099711519508,1.7469989044580845
OPTICS,low_data,0,10,0.2,250,True,0.8314889333061338,0.9155099711519508,1.7469989044580845
OPTICS,low_data,0,10,0.2,300,True,0.7411232649796673,0.8735529504896368,1.614676215469304
OPTICS,low_data,0,10,0.2,350,True,0.7411232649796673,0.8735529504896368,1.614676215469304
OPTICS,low_data,0,10,0.2,400,True,0.7411232649796673,0.8735529504896368,1.614676215469304
OPTICS,low_data,0,10,0.2,500,True,0.453258653814731,0.7199122037168865,1.1731708575316175
OPTICS,low_data,0,10,0.25,10,True,0.8363901218904392,0.919852858157609,1.7562429800480481
OPTICS,low_data,0,10,0.25,50,True,0.8314889333061338,0.9155099711519508,1.7469989044580845
OPTICS,low_data,0,10,0.25,100,True,0.8314889333061338,0.9155099711519508,1.7469989044580845
OPTICS,low_data,0,10,0.25,150,True,0.8314889333061338,0.9155099711519508,1.7469989044580845
OPTICS,low_data,0,10,0.25,200,True,0.8314889333061338,0.9155099711519508,1.7469989044580845
OPTICS,low_data,0,10,0.25,250,True,0.8314889333061338,0.9155099711519508,1.7469989044580845
OPTICS,low_data,0,10,0.25,300,True,0.7411232649796673,0.8735529504896368,1.614676215469304
OPTICS,low_data,0,10,0.25,350,True,0.7411232649796673,0.8735529504896368,1.614676215469304
OPTICS,low_data,0,10,0.25,400,True,0.7411232649796673,0.8735529504896368,1.614676215469304
OPTICS,low_data,0,10,0.25,500,True,0.453258653814731,0.7199122037168865,1.1731708575316175
OPTICS,low_data,0,10,0.3,10,True,0.8363901218904392,0.919852858157609,1.7562429800480481
OPTICS,low_data,0,10,0.3,50,True,0.8314889333061338,0.9155099711519508,1.7469989044580845
OPTICS,low_data,0,10,0.3,100,True,0.8314889333061338,0.9155099711519508,1.7469989044580845
OPTICS,low_data,0,10,0.3,150,True,0.8314889333061338,0.9155099711519508,1.7469989044580845
OPTICS,low_data,0,10,0.3,200,True,0.8314889333061338,0.9155099711519508,1.7469989044580845
OPTICS,low_data,0,10,0.3,250,True,0.8314889333061338,0.9155099711519508,1.7469989044580845
OPTICS,low_data,0,10,0.3,300,True,0.7411232649796673,0.8735529504896368,1.614676215469304
OPTICS,low_data,0,10,0.3,350,True,0.7411232649796673,0.8735529504896368,1.614676215469304
OPTICS,low_data,0,10,0.3,400,True,0.7411232649796673,0.8735529504896368,1.614676215469304
OPTICS,low_data,0,10,0.3,500,True,0.453258653814731,0.7199122037168865,1.1731708575316175
OPTICS,low_data,0,10,0.4,10,True,0.8363901218904392,0.919852858157609,1.7562429800480481
OPTICS,low_data,0,10,0.4,50,True,0.8314889333061338,0.9155099711519508,1.7469989044580845
OPTICS,low_data,0,10,0.4,100,True,0.8314889333061338,0.9155099711519508,1.7469989044580845
OPTICS,low_data,0,10,0.4,150,True,0.8314889333061338,0.9155099711519508,1.7469989044580845
OPTICS,low_data,0,10,0.4,200,True,0.8314889333061338,0.9155099711519508,1.7469989044580845
OPTICS,low_data,0,10,0.4,250,True,0.8314889333061338,0.9155099711519508,1.7469989044580845
OPTICS,low_data,0,10,0.4,300,True,0.7411232649796673,0.8735529504896368,1.614676215469304
OPTICS,low_data,0,10,0.4,350,True,0.7411232649796673,0.8735529504896368,1.614676215469304
OPTICS,low_data,0,10,0.4,400,True,0.7411232649796673,0.8735529504896368,1.614676215469304
OPTICS,low_data,0,10,0.4,500,True,0.453258653814731,0.7199122037168865,1.1731708575316175
OPTICS,low_data,0,10,0.5,10,True,0.8363901218904392,0.919852858157609,1.7562429800480481
OPTICS,low_data,0,10,0.5,50,True,0.8314889333061338,0.9155099711519508,1.7469989044580845
OPTICS,low_data,0,10,0.5,100,True,0.8314889333061338,0.9155099711519508,1.7469989044580845
OPTICS,low_data,0,10,0.5,150,True,0.8314889333061338,0.9155099711519508,1.7469989044580845
OPTICS,low_data,0,10,0.5,200,True,0.8314889333061338,0.9155099711519508,1.7469989044580845
OPTICS,low_data,0,10,0.5,250,True,0.8314889333061338,0.9155099711519508,1.7469989044580845
OPTICS,low_data,0,10,0.5,300,True,0.7411232649796673,0.8735529504896368,1.614676215469304
OPTICS,low_data,0,10,0.5,350,True,0.7411232649796673,0.8735529504896368,1.614676215469304
OPTICS,low_data,0,10,0.5,400,True,0.7411232649796673,0.8735529504896368,1.614676215469304
OPTICS,low_data,0,10,0.5,500,True,0.453258653814731,0.7199122037168865,1.1731708575316175
OPTICS,low_data,0,50,0.01,10,True,0.0219097819737741,0.4262070207367738,0.4481168027105479
OPTICS,low_data,0,50,0.01,50,True,0.16004972576809945,0.5676428851552849,0.7276926109233843
OPTICS,low_data,0,50,0.01,100,True,0.22407205815949185,0.6458105652234605,0.8698826233829523
OPTICS,low_data,0,50,0.01,150,True,0.20371973733144436,0.6194414687790367,0.823161206110481
OPTICS,low_data,0,50,0.01,200,True,0.2529738715024403,0.6562541406519167,0.909228012154357
OPTICS,low_data,0,50,0.01,250,True,0.3527544607562682,0.7248949389580769,1.077649399714345
OPTICS,low_data,0,50,0.01,300,True,0.2556571488943633,0.6531708486218656,0.9088279975162289
OPTICS,low_data,0,50,0.01,350,True,0.29761599357056207,0.6771385920946877,0.9747545856652498
OPTICS,low_data,0,50,0.01,400,True,0.25640867763604175,0.6464992385367283,0.90290791617277
OPTICS,low_data,0,50,0.01,500,True,0.4953522686986929,0.7503856062660106,1.2457378749647035
OPTICS,low_data,0,50,0.02,10,True,0.03908114358813474,0.42400100165298404,0.4630821452411188
OPTICS,low_data,0,50,0.02,50,True,0.213139480614263,0.6102076405841868,0.8233471211984498
OPTICS,low_data,0,50,0.02,100,True,0.43266474800354704,0.752246234448778,1.1849109824523252
OPTICS,low_data,0,50,0.02,150,True,0.4538765506537628,0.7606751449081863,1.214551695561949
OPTICS,low_data,0,50,0.02,200,True,0.39881902847858947,0.7255397537046434,1.1243587821832328
OPTICS,low_data,0,50,0.02,250,True,0.4102330639519936,0.7417563018227913,1.1519893657747848
OPTICS,low_data,0,50,0.02,300,True,0.43640000880896473,0.732300248906664,1.1687002577156287
OPTICS,low_data,0,50,0.02,350,True,0.482263398124271,0.7505409864436955,1.2328043845679666
OPTICS,low_data,0,50,0.02,400,True,0.43514677568383825,0.7290745509590449,1.1642213266428831
OPTICS,low_data,0,50,0.02,500,True,0.4953522686986929,0.7503856062660106,1.2457378749647035
OPTICS,low_data,0,50,0.03,10,True,0.11098458377598659,0.5032883223809127,0.6142729061568993
OPTICS,low_data,0,50,0.03,50,True,0.20346082328453072,0.5861067582998091,0.7895675815843398
OPTICS,low_data,0,50,0.03,100,True,0.47887528962944687,0.7539402725791131,1.23281556220856
OPTICS,low_data,0,50,0.03,150,True,0.6812798342542972,0.8578609844945148,1.539140818748812
OPTICS,low_data,0,50,0.03,200,True,0.6223179274115799,0.8276245310037399,1.4499424584153198
OPTICS,low_data,0,50,0.03,250,True,0.648126301909543,0.8472141905733356,1.4953404924828786
OPTICS,low_data,0,50,0.03,300,True,0.8141762518135105,0.9111687719817991,1.7253450237953096
OPTICS,low_data,0,50,0.03,350,True,0.7137006912798043,0.8654186062188965,1.5791192974987007
OPTICS,low_data,0,50,0.03,400,True,0.5950839170836206,0.8055079959108531,1.4005919129944737
OPTICS,low_data,0,50,0.03,500,True,0.6615750899194229,0.8260128647224861,1.487587954641909
OPTICS,low_data,0,50,0.04,10,True,0.10800148850142734,0.44987301103503813,0.5578744995364655
OPTICS,low_data,0,50,0.04,50,True,0.2456973340033988,0.6451198225306582,0.890817156534057
OPTICS,low_data,0,50,0.04,100,True,0.6040086587248362,0.8230348530840595,1.4270435118088958
OPTICS,low_data,0,50,0.04,150,True,0.6828491744453067,0.8662095258713729,1.5490587003166796
OPTICS,low_data,0,50,0.04,200,True,0.6177450918838406,0.8333383076472866,1.4510833995311272
OPTICS,low_data,0,50,0.04,250,True,0.6447312201152804,0.8541415491799447,1.498872769295225
OPTICS,low_data,0,50,0.04,300,True,0.8141762518135105,0.9111687719817991,1.7253450237953096
OPTICS,low_data,0,50,0.04,350,True,0.7137006912798043,0.8654186062188965,1.5791192974987007
OPTICS,low_data,0,50,0.04,400,True,0.5950839170836206,0.8055079959108531,1.4005919129944737
OPTICS,low_data,0,50,0.04,500,True,0.6615750899194229,0.8260128647224861,1.487587954641909
OPTICS,low_data,0,50,0.05,10,True,0.41486667064020344,0.7182239650966789,1.1330906357368824
OPTICS,low_data,0,50,0.05,50,True,0.729069697322971,0.8839209372664324,1.6129906345894034
OPTICS,low_data,0,50,0.05,100,True,0.6828491744453067,0.8662095258713729,1.5490587003166796
OPTICS,low_data,0,50,0.05,150,True,0.6828491744453067,0.8662095258713729,1.5490587003166796
OPTICS,low_data,0,50,0.05,200,True,0.6177450918838406,0.8333383076472866,1.4510833995311272
OPTICS,low_data,0,50,0.05,250,True,0.6447312201152804,0.8541415491799447,1.498872769295225
OPTICS,low_data,0,50,0.05,300,True,0.8141762518135105,0.9111687719817991,1.7253450237953096
OPTICS,low_data,0,50,0.05,350,True,0.7137006912798043,0.8654186062188965,1.5791192974987007
OPTICS,low_data,0,50,0.05,400,True,0.5950839170836206,0.8055079959108531,1.4005919129944737
OPTICS,low_data,0,50,0.05,500,True,0.6615750899194229,0.8260128647224861,1.487587954641909
OPTICS,low_data,0,50,0.06,10,True,0.834672245929682,0.9091381925573003,1.7438104384869824
OPTICS,low_data,0,50,0.06,50,True,0.9504685957322292,0.9679544008192866,1.9184229965515158
OPTICS,low_data,0,50,0.06,100,True,0.9973430570141276,0.9968778734283757,1.9942209304425034
OPTICS,low_data,0,50,0.06,150,True,0.9973430570141276,0.9968778734283757,1.9942209304425034
OPTICS,low_data,0,50,0.06,200,True,0.9639597466295762,0.9776659328054919,1.941625679435068
OPTICS,low_data,0,50,0.06,250,True,0.9639597466295762,0.9776659328054919,1.941625679435068
OPTICS,low_data,0,50,0.06,300,True,0.8141762518135105,0.9111687719817991,1.7253450237953096
OPTICS,low_data,0,50,0.06,350,True,0.7137006912798043,0.8654186062188965,1.5791192974987007
OPTICS,low_data,0,50,0.06,400,True,0.5950839170836206,0.8055079959108531,1.4005919129944737
OPTICS,low_data,0,50,0.06,500,True,0.6615750899194229,0.8260128647224861,1.487587954641909
OPTICS,low_data,0,50,0.07,10,True,0.9467701784312342,0.9711091171861119,1.9178792956173463
OPTICS,low_data,0,50,0.07,50,True,0.9973430570141276,0.9968778734283757,1.9942209304425034
OPTICS,low_data,0,50,0.07,100,True,0.9973430570141276,0.9968778734283757,1.9942209304425034
OPTICS,low_data,0,50,0.07,150,True,0.9973430570141276,0.9968778734283757,1.9942209304425034
OPTICS,low_data,0,50,0.07,200,True,0.9639597466295762,0.9776659328054919,1.941625679435068
OPTICS,low_data,0,50,0.07,250,True,0.9639597466295762,0.9776659328054919,1.941625679435068
OPTICS,low_data,0,50,0.07,300,True,0.8141762518135105,0.9111687719817991,1.7253450237953096
OPTICS,low_data,0,50,0.07,350,True,0.7137006912798043,0.8654186062188965,1.5791192974987007
OPTICS,low_data,0,50,0.07,400,True,0.5950839170836206,0.8055079959108531,1.4005919129944737
OPTICS,low_data,0,50,0.07,500,True,0.6615750899194229,0.8260128647224861,1.487587954641909
OPTICS,low_data,0,50,0.08,10,True,1.0,1.0,2.0
OPTICS,low_data,0,50,0.08,50,True,0.9973430570141276,0.9968778734283757,1.9942209304425034
OPTICS,low_data,0,50,0.08,100,True,0.9973430570141276,0.9968778734283757,1.9942209304425034
OPTICS,low_data,0,50,0.08,150,True,0.9973430570141276,0.9968778734283757,1.9942209304425034
OPTICS,low_data,0,50,0.08,200,True,0.9639597466295762,0.9776659328054919,1.941625679435068
OPTICS,low_data,0,50,0.08,250,True,0.9639597466295762,0.9776659328054919,1.941625679435068
OPTICS,low_data,0,50,0.08,300,True,0.8141762518135105,0.9111687719817991,1.7253450237953096
OPTICS,low_data,0,50,0.08,350,True,0.7137006912798043,0.8654186062188965,1.5791192974987007
OPTICS,low_data,0,50,0.08,400,True,0.5950839170836206,0.8055079959108531,1.4005919129944737
OPTICS,low_data,0,50,0.08,500,True,0.6615750899194229,0.8260128647224861,1.487587954641909
OPTICS,low_data,0,50,0.09,10,True,1.0,1.0,2.0
OPTICS,low_data,0,50,0.09,50,True,0.9973430570141276,0.9968778734283757,1.9942209304425034
OPTICS,low_data,0,50,0.09,100,True,0.9973430570141276,0.9968778734283757,1.9942209304425034
OPTICS,low_data,0,50,0.09,150,True,0.9973430570141276,0.9968778734283757,1.9942209304425034
OPTICS,low_data,0,50,0.09,200,True,0.9639597466295762,0.9776659328054919,1.941625679435068
OPTICS,low_data,0,50,0.09,250,True,0.9639597466295762,0.9776659328054919,1.941625679435068
OPTICS,low_data,0,50,0.09,300,True,0.8141762518135105,0.9111687719817991,1.7253450237953096
OPTICS,low_data,0,50,0.09,350,True,0.7137006912798043,0.8654186062188965,1.5791192974987007
OPTICS,low_data,0,50,0.09,400,True,0.5950839170836206,0.8055079959108531,1.4005919129944737
OPTICS,low_data,0,50,0.09,500,True,0.6615750899194229,0.8260128647224861,1.487587954641909
OPTICS,low_data,0,50,0.1,10,True,1.0,1.0,2.0
OPTICS,low_data,0,50,0.1,50,True,0.9973430570141276,0.9968778734283757,1.9942209304425034
OPTICS,low_data,0,50,0.1,100,True,0.9973430570141276,0.9968778734283757,1.9942209304425034
OPTICS,low_data,0,50,0.1,150,True,0.9973430570141276,0.9968778734283757,1.9942209304425034
OPTICS,low_data,0,50,0.1,200,True,0.9639597466295762,0.9776659328054919,1.941625679435068
OPTICS,low_data,0,50,0.1,250,True,0.9639597466295762,0.9776659328054919,1.941625679435068
OPTICS,low_data,0,50,0.1,300,True,0.8141762518135105,0.9111687719817991,1.7253450237953096
OPTICS,low_data,0,50,0.1,350,True,0.7137006912798043,0.8654186062188965,1.5791192974987007
OPTICS,low_data,0,50,0.1,400,True,0.5950839170836206,0.8055079959108531,1.4005919129944737
OPTICS,low_data,0,50,0.1,500,True,0.6615750899194229,0.8260128647224861,1.487587954641909
OPTICS,low_data,0,50,0.15,10,True,1.0,1.0,2.0
OPTICS,low_data,0,50,0.15,50,True,0.9973430570141276,0.9968778734283757,1.9942209304425034
OPTICS,low_data,0,50,0.15,100,True,0.9973430570141276,0.9968778734283757,1.9942209304425034
OPTICS,low_data,0,50,0.15,150,True,0.9973430570141276,0.9968778734283757,1.9942209304425034
OPTICS,low_data,0,50,0.15,200,True,0.9639597466295762,0.9776659328054919,1.941625679435068
OPTICS,low_data,0,50,0.15,250,True,0.9639597466295762,0.9776659328054919,1.941625679435068
OPTICS,low_data,0,50,0.15,300,True,0.8141762518135105,0.9111687719817991,1.7253450237953096
OPTICS,low_data,0,50,0.15,350,True,0.7137006912798043,0.8654186062188965,1.5791192974987007
OPTICS,low_data,0,50,0.15,400,True,0.5950839170836206,0.8055079959108531,1.4005919129944737
OPTICS,low_data,0,50,0.15,500,True,0.6615750899194229,0.8260128647224861,1.487587954641909
OPTICS,low_data,0,50,0.2,10,True,1.0,1.0,2.0
OPTICS,low_data,0,50,0.2,50,True,0.9973430570141276,0.9968778734283757,1.9942209304425034
OPTICS,low_data,0,50,0.2,100,True,0.9973430570141276,0.9968778734283757,1.9942209304425034
OPTICS,low_data,0,50,0.2,150,True,0.9973430570141276,0.9968778734283757,1.9942209304425034
OPTICS,low_data,0,50,0.2,200,True,0.9639597466295762,0.9776659328054919,1.941625679435068
OPTICS,low_data,0,50,0.2,250,True,0.9639597466295762,0.9776659328054919,1.941625679435068
OPTICS,low_data,0,50,0.2,300,True,0.8141762518135105,0.9111687719817991,1.7253450237953096
OPTICS,low_data,0,50,0.2,350,True,0.7137006912798043,0.8654186062188965,1.5791192974987007
OPTICS,low_data,0,50,0.2,400,True,0.5950839170836206,0.8055079959108531,1.4005919129944737
OPTICS,low_data,0,50,0.2,500,True,0.6615750899194229,0.8260128647224861,1.487587954641909
OPTICS,low_data,0,50,0.25,10,True,1.0,1.0,2.0
OPTICS,low_data,0,50,0.25,50,True,0.9973430570141276,0.9968778734283757,1.9942209304425034
OPTICS,low_data,0,50,0.25,100,True,0.9973430570141276,0.9968778734283757,1.9942209304425034
OPTICS,low_data,0,50,0.25,150,True,0.9973430570141276,0.9968778734283757,1.9942209304425034
OPTICS,low_data,0,50,0.25,200,True,0.9639597466295762,0.9776659328054919,1.941625679435068
OPTICS,low_data,0,50,0.25,250,True,0.9639597466295762,0.9776659328054919,1.941625679435068
OPTICS,low_data,0,50,0.25,300,True,0.8141762518135105,0.9111687719817991,1.7253450237953096
OPTICS,low_data,0,50,0.25,350,True,0.7137006912798043,0.8654186062188965,1.5791192974987007
OPTICS,low_data,0,50,0.25,400,True,0.5950839170836206,0.8055079959108531,1.4005919129944737
OPTICS,low_data,0,50,0.25,500,True,0.6615750899194229,0.8260128647224861,1.487587954641909
OPTICS,low_data,0,50,0.3,10,True,1.0,1.0,2.0
OPTICS,low_data,0,50,0.3,50,True,0.9973430570141276,0.9968778734283757,1.9942209304425034
OPTICS,low_data,0,50,0.3,100,True,0.9973430570141276,0.9968778734283757,1.9942209304425034
OPTICS,low_data,0,50,0.3,150,True,0.9973430570141276,0.9968778734283757,1.9942209304425034
OPTICS,low_data,0,50,0.3,200,True,0.9639597466295762,0.9776659328054919,1.941625679435068
OPTICS,low_data,0,50,0.3,250,True,0.9639597466295762,0.9776659328054919,1.941625679435068
OPTICS,low_data,0,50,0.3,300,True,0.8141762518135105,0.9111687719817991,1.7253450237953096
OPTICS,low_data,0,50,0.3,350,True,0.7137006912798043,0.8654186062188965,1.5791192974987007
OPTICS,low_data,0,50,0.3,400,True,0.5950839170836206,0.8055079959108531,1.4005919129944737
OPTICS,low_data,0,50,0.3,500,True,0.6615750899194229,0.8260128647224861,1.487587954641909
OPTICS,low_data,0,50,0.4,10,True,0.8419037413024423,0.9539938652952922,1.7958976065977343
OPTICS,low_data,0,50,0.4,50,True,0.9946490143722284,0.9963964739611013,1.9910454883333297
OPTICS,low_data,0,50,0.4,100,True,0.9946490143722284,0.9963964739611013,1.9910454883333297
OPTICS,low_data,0,50,0.4,150,True,0.9946490143722284,0.9963964739611013,1.9910454883333297
OPTICS,low_data,0,50,0.4,200,True,0.9623426913490207,0.9773928237099412,1.939735515058962
OPTICS,low_data,0,50,0.4,250,True,0.9623426913490207,0.9773928237099412,1.939735515058962
OPTICS,low_data,0,50,0.4,300,True,0.8152461525296276,0.9113609815869408,1.7266071341165685
OPTICS,low_data,0,50,0.4,350,True,0.715660727803896,0.8658251398011183,1.5814858676050143
OPTICS,low_data,0,50,0.4,400,True,0.5976130683259729,0.806164224027522,1.403777292353495
OPTICS,low_data,0,50,0.4,500,True,0.45599779237347376,0.7209108579007669,1.1769086502742407
OPTICS,low_data,0,50,0.5,10,True,0.7035329063583248,0.9045508706143734,1.6080837769726983
OPTICS,low_data,0,50,0.5,50,True,0.9317128872495165,0.9679946667187669,1.8997075539682835
OPTICS,low_data,0,50,0.5,100,True,0.9317128872495165,0.9679946667187669,1.8997075539682835
OPTICS,low_data,0,50,0.5,150,True,0.9317128872495165,0.9679946667187669,1.8997075539682835
OPTICS,low_data,0,50,0.5,200,True,0.8811591542689547,0.9431694762794975,1.8243286305484523
OPTICS,low_data,0,50,0.5,250,True,0.8811591542689547,0.9431694762794975,1.8243286305484523
OPTICS,low_data,0,50,0.5,300,True,0.7008789028823871,0.8609797725883861,1.561858675470773
OPTICS,low_data,0,50,0.5,350,True,0.5976130683259729,0.806164224027522,1.403777292353495
OPTICS,low_data,0,50,0.5,400,True,0.5976130683259729,0.806164224027522,1.403777292353495
OPTICS,low_data,0,50,0.5,500,True,0.45599779237347376,0.7209108579007669,1.1769086502742407
OPTICS,low_data,0,100,0.01,10,True,0.13890763375293358,0.5596771108481469,0.6985847446010804
OPTICS,low_data,0,100,0.01,50,True,0.09308235133495531,0.5345276800481813,0.6276100313831366
OPTICS,low_data,0,100,0.01,100,True,0.12711270203325573,0.5600075806052428,0.6871202826384986
OPTICS,low_data,0,100,0.01,150,True,0.45455479646232316,0.7710636604902568,1.2256184569525799
OPTICS,low_data,0,100,0.01,200,True,0.4238225542525757,0.7640753788983146,1.1878979331508903
OPTICS,low_data,0,100,0.01,250,True,0.34243731252580617,0.7221273167504011,1.0645646292762072
OPTICS,low_data,0,100,0.01,300,True,0.24205767288037822,0.6421720819797252,0.8842297548601035
OPTICS,low_data,0,100,0.01,350,True,0.39893613097294806,0.7099933848372074,1.1089295158101555
OPTICS,low_data,0,100,0.01,400,True,0.3716345509355496,0.6904463068405301,1.0620808577760796
OPTICS,low_data,0,100,0.01,500,True,0.25423145275491876,0.5853963779172536,0.8396278306721724
OPTICS,low_data,0,100,0.02,10,True,0.16868033282141232,0.5929726745545959,0.7616530073760082
OPTICS,low_data,0,100,0.02,50,True,0.08393056381364442,0.521253566065222,0.6051841298788664
OPTICS,low_data,0,100,0.02,100,True,0.37123960087104535,0.7220641671212144,1.0933037679922597
OPTICS,low_data,0,100,0.02,150,True,0.4890843218024323,0.7982493291789757,1.287333650981408
OPTICS,low_data,0,100,0.02,200,True,0.5029635695223327,0.8086698849329752,1.3116334544553079
OPTICS,low_data,0,100,0.02,250,True,0.7060452785924978,0.8641692023776293,1.570214480970127
OPTICS,low_data,0,100,0.02,300,True,0.577197896687351,0.8205400221293232,1.397737918816674
OPTICS,low_data,0,100,0.02,350,True,0.47788750107766836,0.7639493004852475,1.2418368015629158
OPTICS,low_data,0,100,0.02,400,True,0.3716345509355496,0.6904463068405301,1.0620808577760796
OPTICS,low_data,0,100,0.02,500,True,0.25423145275491876,0.5853963779172536,0.8396278306721724
OPTICS,low_data,0,100,0.03,10,True,0.1019299860353893,0.5297939075409579,0.6317238935763472
OPTICS,low_data,0,100,0.03,50,True,0.1074710026359856,0.510250956470581,0.6177219591065667
OPTICS,low_data,0,100,0.03,100,True,0.47297452069806417,0.777624402336576,1.2505989230346402
OPTICS,low_data,0,100,0.03,150,True,0.5033560719718169,0.8052130777303222,1.308569149702139
OPTICS,low_data,0,100,0.03,200,True,0.5029635695223327,0.8086698849329752,1.3116334544553079
OPTICS,low_data,0,100,0.03,250,True,0.7060452785924978,0.8641692023776293,1.570214480970127
OPTICS,low_data,0,100,0.03,300,True,0.577197896687351,0.8205400221293232,1.397737918816674
OPTICS,low_data,0,100,0.03,350,True,0.47788750107766836,0.7639493004852475,1.2418368015629158
OPTICS,low_data,0,100,0.03,400,True,0.3716345509355496,0.6904463068405301,1.0620808577760796
OPTICS,low_data,0,100,0.03,500,True,0.25423145275491876,0.5853963779172536,0.8396278306721724
OPTICS,low_data,0,100,0.04,10,True,0.05406475438190333,0.48435599807643537,0.5384207524583386
OPTICS,low_data,0,100,0.04,50,True,0.1965005849632352,0.5876835728210102,0.7841841577842454
OPTICS,low_data,0,100,0.04,100,True,0.7135709992854876,0.8817910243454115,1.5953620236308992
OPTICS,low_data,0,100,0.04,150,True,0.7135709992854876,0.8817910243454115,1.5953620236308992
OPTICS,low_data,0,100,0.04,200,True,0.7112855716788404,0.8867282470386584,1.5980138187174988
OPTICS,low_data,0,100,0.04,250,True,0.6388518872453142,0.8525911012105218,1.491442988455836
OPTICS,low_data,0,100,0.04,300,True,0.8141762518135105,0.9111687719817992,1.7253450237953096
OPTICS,low_data,0,100,0.04,350,True,0.7137006912798043,0.8654186062188964,1.5791192974987007
OPTICS,low_data,0,100,0.04,400,True,0.5950839170836206,0.8055079959108531,1.4005919129944737
OPTICS,low_data,0,100,0.04,500,True,0.453258653814731,0.7199122037168865,1.1731708575316175
OPTICS,low_data,0,100,0.05,10,True,0.03741320406904823,0.4483308400320176,0.48574404410106586
OPTICS,low_data,0,100,0.05,50,True,0.15738594770171482,0.5233711048573864,0.6807570525591011
OPTICS,low_data,0,100,0.05,100,True,0.8936723135083624,0.931658834960548,1.8253311484689103
OPTICS,low_data,0,100,0.05,150,True,0.8936723135083624,0.931658834960548,1.8253311484689103
OPTICS,low_data,0,100,0.05,200,True,0.8945135461290895,0.9382539481325137,1.8327674942616032
OPTICS,low_data,0,100,0.05,250,True,0.8945135461290895,0.9382539481325137,1.8327674942616032
OPTICS,low_data,0,100,0.05,300,True,0.8141762518135105,0.9111687719817992,1.7253450237953096
OPTICS,low_data,0,100,0.05,350,True,0.7137006912798043,0.8654186062188964,1.5791192974987007
OPTICS,low_data,0,100,0.05,400,True,0.5950839170836206,0.8055079959108531,1.4005919129944737
OPTICS,low_data,0,100,0.05,500,True,0.453258653814731,0.7199122037168865,1.1731708575316175
OPTICS,low_data,0,100,0.06,10,True,0.006723878769081558,0.32561355812691783,0.33233743689599937
OPTICS,low_data,0,100,0.06,50,True,0.3224735613743206,0.7090106326143725,1.031484193988693
OPTICS,low_data,0,100,0.06,100,True,0.9384234927994076,0.961034019966334,1.8994575127657416
OPTICS,low_data,0,100,0.06,150,True,0.9384234927994076,0.961034019966334,1.8994575127657416
OPTICS,low_data,0,100,0.06,200,True,0.8945135461290895,0.9382539481325137,1.8327674942616032
OPTICS,low_data,0,100,0.06,250,True,0.8945135461290895,0.9382539481325137,1.8327674942616032
OPTICS,low_data,0,100,0.06,300,True,0.8141762518135105,0.9111687719817992,1.7253450237953096
OPTICS,low_data,0,100,0.06,350,True,0.7137006912798043,0.8654186062188964,1.5791192974987007
OPTICS,low_data,0,100,0.06,400,True,0.5950839170836206,0.8055079959108531,1.4005919129944737
OPTICS,low_data,0,100,0.06,500,True,0.453258653814731,0.7199122037168865,1.1731708575316175
OPTICS,low_data,0,100,0.07,10,True,0.04804293759686998,0.33329317588160895,0.38133611347847896
OPTICS,low_data,0,100,0.07,50,True,0.8219700676684673,0.9402017663807062,1.7621718340491734
OPTICS,low_data,0,100,0.07,100,True,0.9973430570141276,0.9968778734283757,1.9942209304425034
OPTICS,low_data,0,100,0.07,150,True,0.9973430570141276,0.9968778734283757,1.9942209304425034
OPTICS,low_data,0,100,0.07,200,True,0.9639597466295762,0.9776659328054922,1.9416256794350684
OPTICS,low_data,0,100,0.07,250,True,0.9639597466295762,0.9776659328054922,1.9416256794350684
OPTICS,low_data,0,100,0.07,300,True,0.8141762518135105,0.9111687719817992,1.7253450237953096
OPTICS,low_data,0,100,0.07,350,True,0.7137006912798043,0.8654186062188964,1.5791192974987007
OPTICS,low_data,0,100,0.07,400,True,0.5950839170836206,0.8055079959108531,1.4005919129944737
OPTICS,low_data,0,100,0.07,500,True,0.453258653814731,0.7199122037168865,1.1731708575316175
OPTICS,low_data,0,100,0.08,10,True,0.15906245845155975,0.5226046622919917,0.6816671207435514
OPTICS,low_data,0,100,0.08,50,True,0.9973430570141276,0.9968778734283757,1.9942209304425034
OPTICS,low_data,0,100,0.08,100,True,0.9973430570141276,0.9968778734283757,1.9942209304425034
OPTICS,low_data,0,100,0.08,150,True,0.9973430570141276,0.9968778734283757,1.9942209304425034
OPTICS,low_data,0,100,0.08,200,True,0.9639597466295762,0.9776659328054922,1.9416256794350684
OPTICS,low_data,0,100,0.08,250,True,0.9639597466295762,0.9776659328054922,1.9416256794350684
OPTICS,low_data,0,100,0.08,300,True,0.8141762518135105,0.9111687719817992,1.7253450237953096
OPTICS,low_data,0,100,0.08,350,True,0.7137006912798043,0.8654186062188964,1.5791192974987007
OPTICS,low_data,0,100,0.08,400,True,0.5950839170836206,0.8055079959108531,1.4005919129944737
OPTICS,low_data,0,100,0.08,500,True,0.453258653814731,0.7199122037168865,1.1731708575316175
OPTICS,low_data,0,100,0.09,10,True,0.6693115097845467,0.8889853110454116,1.5582968208299581
OPTICS,low_data,0,100,0.09,50,True,0.9973430570141276,0.9968778734283757,1.9942209304425034
OPTICS,low_data,0,100,0.09,100,True,0.9973430570141276,0.9968778734283757,1.9942209304425034
OPTICS,low_data,0,100,0.09,150,True,0.9973430570141276,0.9968778734283757,1.9942209304425034
OPTICS,low_data,0,100,0.09,200,True,0.9639597466295762,0.9776659328054922,1.9416256794350684
OPTICS,low_data,0,100,0.09,250,True,0.9639597466295762,0.9776659328054922,1.9416256794350684
OPTICS,low_data,0,100,0.09,300,True,0.8141762518135105,0.9111687719817992,1.7253450237953096
OPTICS,low_data,0,100,0.09,350,True,0.7137006912798043,0.8654186062188964,1.5791192974987007
OPTICS,low_data,0,100,0.09,400,True,0.5950839170836206,0.8055079959108531,1.4005919129944737
OPTICS,low_data,0,100,0.09,500,True,0.453258653814731,0.7199122037168865,1.1731708575316175
OPTICS,low_data,0,100,0.1,10,True,0.8365044604004571,0.9490249780093415,1.7855294384097986
OPTICS,low_data,0,100,0.1,50,True,0.9973430570141276,0.9968778734283757,1.9942209304425034
OPTICS,low_data,0,100,0.1,100,True,0.9973430570141276,0.9968778734283757,1.9942209304425034
OPTICS,low_data,0,100,0.1,150,True,0.9973430570141276,0.9968778734283757,1.9942209304425034
OPTICS,low_data,0,100,0.1,200,True,0.9639597466295762,0.9776659328054922,1.9416256794350684
OPTICS,low_data,0,100,0.1,250,True,0.9639597466295762,0.9776659328054922,1.9416256794350684
OPTICS,low_data,0,100,0.1,300,True,0.8141762518135105,0.9111687719817992,1.7253450237953096
OPTICS,low_data,0,100,0.1,350,True,0.7137006912798043,0.8654186062188964,1.5791192974987007
OPTICS,low_data,0,100,0.1,400,True,0.5950839170836206,0.8055079959108531,1.4005919129944737
OPTICS,low_data,0,100,0.1,500,True,0.453258653814731,0.7199122037168865,1.1731708575316175
OPTICS,low_data,0,100,0.15,10,True,1.0,1.0000000000000002,2.0
OPTICS,low_data,0,100,0.15,50,True,0.9973430570141276,0.9968778734283757,1.9942209304425034
OPTICS,low_data,0,100,0.15,100,True,0.9973430570141276,0.9968778734283757,1.9942209304425034
OPTICS,low_data,0,100,0.15,150,True,0.9973430570141276,0.9968778734283757,1.9942209304425034
OPTICS,low_data,0,100,0.15,200,True,0.9639597466295762,0.9776659328054922,1.9416256794350684
OPTICS,low_data,0,100,0.15,250,True,0.9639597466295762,0.9776659328054922,1.9416256794350684
OPTICS,low_data,0,100,0.15,300,True,0.8141762518135105,0.9111687719817992,1.7253450237953096
OPTICS,low_data,0,100,0.15,350,True,0.7137006912798043,0.8654186062188964,1.5791192974987007
OPTICS,low_data,0,100,0.15,400,True,0.5950839170836206,0.8055079959108531,1.4005919129944737
OPTICS,low_data,0,100,0.15,500,True,0.453258653814731,0.7199122037168865,1.1731708575316175
OPTICS,low_data,0,100,0.2,10,True,1.0,1.0000000000000002,2.0
OPTICS,low_data,0,100,0.2,50,True,0.9973430570141276,0.9968778734283757,1.9942209304425034
OPTICS,low_data,0,100,0.2,100,True,0.9973430570141276,0.9968778734283757,1.9942209304425034
OPTICS,low_data,0,100,0.2,150,True,0.9973430570141276,0.9968778734283757,1.9942209304425034
OPTICS,low_data,0,100,0.2,200,True,0.9639597466295762,0.9776659328054922,1.9416256794350684
OPTICS,low_data,0,100,0.2,250,True,0.9639597466295762,0.9776659328054922,1.9416256794350684
OPTICS,low_data,0,100,0.2,300,True,0.8141762518135105,0.9111687719817992,1.7253450237953096
OPTICS,low_data,0,100,0.2,350,True,0.7137006912798043,0.8654186062188964,1.5791192974987007
OPTICS,low_data,0,100,0.2,400,True,0.5950839170836206,0.8055079959108531,1.4005919129944737
OPTICS,low_data,0,100,0.2,500,True,0.453258653814731,0.7199122037168865,1.1731708575316175
OPTICS,low_data,0,100,0.25,10,True,1.0,1.0000000000000002,2.0
OPTICS,low_data,0,100,0.25,50,True,0.9973430570141276,0.9968778734283757,1.9942209304425034
OPTICS,low_data,0,100,0.25,100,True,0.9973430570141276,0.9968778734283757,1.9942209304425034
OPTICS,low_data,0,100,0.25,150,True,0.9973430570141276,0.9968778734283757,1.9942209304425034
OPTICS,low_data,0,100,0.25,200,True,0.9639597466295762,0.9776659328054922,1.9416256794350684
OPTICS,low_data,0,100,0.25,250,True,0.9639597466295762,0.9776659328054922,1.9416256794350684
OPTICS,low_data,0,100,0.25,300,True,0.8141762518135105,0.9111687719817992,1.7253450237953096
OPTICS,low_data,0,100,0.25,350,True,0.7137006912798043,0.8654186062188964,1.5791192974987007
OPTICS,low_data,0,100,0.25,400,True,0.5950839170836206,0.8055079959108531,1.4005919129944737
OPTICS,low_data,0,100,0.25,500,True,0.453258653814731,0.7199122037168865,1.1731708575316175
OPTICS,low_data,0,100,0.3,10,True,1.0,1.0000000000000002,2.0
OPTICS,low_data,0,100,0.3,50,True,0.9973430570141276,0.9968778734283757,1.9942209304425034
OPTICS,low_data,0,100,0.3,100,True,0.9973430570141276,0.9968778734283757,1.9942209304425034
OPTICS,low_data,0,100,0.3,150,True,0.9973430570141276,0.9968778734283757,1.9942209304425034
OPTICS,low_data,0,100,0.3,200,True,0.9639597466295762,0.9776659328054922,1.9416256794350684
OPTICS,low_data,0,100,0.3,250,True,0.9639597466295762,0.9776659328054922,1.9416256794350684
OPTICS,low_data,0,100,0.3,300,True,0.8141762518135105,0.9111687719817992,1.7253450237953096
OPTICS,low_data,0,100,0.3,350,True,0.7137006912798043,0.8654186062188964,1.5791192974987007
OPTICS,low_data,0,100,0.3,400,True,0.5950839170836206,0.8055079959108531,1.4005919129944737
OPTICS,low_data,0,100,0.3,500,True,0.453258653814731,0.7199122037168865,1.1731708575316175
OPTICS,low_data,0,100,0.4,10,True,1.0,1.0000000000000002,2.0
OPTICS,low_data,0,100,0.4,50,True,0.9973430570141276,0.9968778734283757,1.9942209304425034
OPTICS,low_data,0,100,0.4,100,True,0.9973430570141276,0.9968778734283757,1.9942209304425034
OPTICS,low_data,0,100,0.4,150,True,0.9973430570141276,0.9968778734283757,1.9942209304425034
OPTICS,low_data,0,100,0.4,200,True,0.9639597466295762,0.9776659328054922,1.9416256794350684
OPTICS,low_data,0,100,0.4,250,True,0.9639597466295762,0.9776659328054922,1.9416256794350684
OPTICS,low_data,0,100,0.4,300,True,0.8141762518135105,0.9111687719817992,1.7253450237953096
OPTICS,low_data,0,100,0.4,350,True,0.7137006912798043,0.8654186062188964,1.5791192974987007
OPTICS,low_data,0,100,0.4,400,True,0.5950839170836206,0.8055079959108531,1.4005919129944737
OPTICS,low_data,0,100,0.4,500,True,0.453258653814731,0.7199122037168865,1.1731708575316175
OPTICS,low_data,0,100,0.5,10,True,0.9365735858802787,0.9718046499414643,1.908378235821743
OPTICS,low_data,0,100,0.5,50,True,0.9323562942508922,0.9680982964510351,1.9004545907019272
OPTICS,low_data,0,100,0.5,100,True,0.9323562942508922,0.9680982964510351,1.9004545907019272
OPTICS,low_data,0,100,0.5,150,True,0.9323562942508922,0.9680982964510351,1.9004545907019272
OPTICS,low_data,0,100,0.5,200,True,0.8809200960790814,0.9431296787984392,1.8240497748775206
OPTICS,low_data,0,100,0.5,250,True,0.8809200960790814,0.9431296787984392,1.8240497748775206
OPTICS,low_data,0,100,0.5,300,True,0.6988025378194885,0.8605407834081332,1.5593433212276218
OPTICS,low_data,0,100,0.5,350,True,0.5950839170836206,0.8055079959108531,1.4005919129944737
OPTICS,low_data,0,100,0.5,400,True,0.5950839170836206,0.8055079959108531,1.4005919129944737
OPTICS,low_data,0,100,0.5,500,True,0.453258653814731,0.7199122037168865,1.1731708575316175
