name,prefix,seed,dim,epsilon,min_samples,ari,nmi,sum
DBSCAN,new_data_scaled,0,2,0.001,2,-0.029374126440274494,0.2149334090207511,0.1855592825804766
DBSCAN,new_data_scaled,0,2,0.001,3,-0.015702597022444968,0.09685665492085875,0.08115405789841379
DBSCAN,new_data_scaled,0,2,0.001,4,-0.008037626693051882,0.04157011874316048,0.033532492050108595
DBSCAN,new_data_scaled,0,2,0.001,5,-0.0026708723924162786,0.012103640179163301,0.009432767786747023
DBSCAN,new_data_scaled,0,2,0.001,6,-0.0003939114943732998,0.001757899282558728,0.0013639877881854283
DBSCAN,new_data_scaled,0,2,0.001,7,0.0,0.0,0.0
DBSCAN,new_data_scaled,0,2,0.001,8,0.0,0.0,0.0
DBSCAN,new_data_scaled,0,2,0.001,9,0.0,0.0,0.0
DBSCAN,new_data_scaled,0,2,0.001,10,0.0,0.0,0.0
DBSCAN,new_data_scaled,0,2,0.001,11,0.0,0.0,0.0
DBSCAN,new_data_scaled,0,2,0.001,12,0.0,0.0,0.0
DBSCAN,new_data_scaled,0,2,0.001,13,0.0,0.0,0.0
DBSCAN,new_data_scaled,0,2,0.001,14,0.0,0.0,0.0
DBSCAN,new_data_scaled,0,2,0.001,15,0.0,0.0,0.0
DBSCAN,new_data_scaled,0,2,0.001,16,0.0,0.0,0.0
DBSCAN,new_data_scaled,0,2,0.001,17,0.0,0.0,0.0
DBSCAN,new_data_scaled,0,2,0.001,18,0.0,0.0,0.0
DBSCAN,new_data_scaled,0,2,0.001,19,0.0,0.0,0.0
DBSCAN,new_data_scaled,0,2,0.001,20,0.0,0.0,0.0
DBSCAN,new_data_scaled,0,2,0.002,2,-0.002972956676350537,0.3704179556272867,0.36744499895093613
DBSCAN,new_data_scaled,0,2,0.002,3,-0.023803567236549243,0.31432883248931676,0.2905252652527675
DBSCAN,new_data_scaled,0,2,0.002,4,-0.024997842541711793,0.25038734606273993,0.22538950352102816
DBSCAN,new_data_scaled,0,2,0.002,5,-0.021970090501695443,0.1800740658331868,0.15810397533149137
DBSCAN,new_data_scaled,0,2,0.002,6,-0.01902530467183517,0.12597813488237558,0.10695283021054042
DBSCAN,new_data_scaled,0,2,0.002,7,-0.01666976716094084,0.09555356685925065,0.0788837996983098
DBSCAN,new_data_scaled,0,2,0.002,8,-0.012491453016712837,0.06680660332478167,0.05431515030806883
DBSCAN,new_data_scaled,0,2,0.002,9,-0.007107543877177894,0.03564297155539584,0.02853542767821795
DBSCAN,new_data_scaled,0,2,0.002,10,-0.004910466064349467,0.02376218736624875,0.018851721301899285
DBSCAN,new_data_scaled,0,2,0.002,11,-0.004191059108563773,0.019802463463731313,0.01561140435516754
DBSCAN,new_data_scaled,0,2,0.002,12,-0.0027307581072299513,0.012740415300091632,0.01000965719286168
DBSCAN,new_data_scaled,0,2,0.002,13,-0.0025560704359198576,0.011880409347074409,0.00932433891115455
DBSCAN,new_data_scaled,0,2,0.002,14,-0.0024374294413824346,0.011306923142587905,0.008869493701205471
DBSCAN,new_data_scaled,0,2,0.002,15,-0.0013349739729449307,0.0061255449980662235,0.004790571025121293
DBSCAN,new_data_scaled,0,2,0.002,16,0.0,0.0,0.0
DBSCAN,new_data_scaled,0,2,0.002,17,0.0,0.0,0.0
DBSCAN,new_data_scaled,0,2,0.002,18,0.0,0.0,0.0
DBSCAN,new_data_scaled,0,2,0.002,19,0.0,0.0,0.0
DBSCAN,new_data_scaled,0,2,0.002,20,0.0,0.0,0.0
DBSCAN,new_data_scaled,0,2,0.003,2,0.24541823811042382,0.4950233057192916,0.7404415438297154
DBSCAN,new_data_scaled,0,2,0.003,3,0.1740698642785296,0.47371018481734534,0.6477800490958749
DBSCAN,new_data_scaled,0,2,0.003,4,0.10869911929113266,0.4302877764825269,0.5389868957736595
DBSCAN,new_data_scaled,0,2,0.003,5,0.037025629043633955,0.37318055149987706,0.410206180543511
DBSCAN,new_data_scaled,0,2,0.003,6,0.016546186339698534,0.32193813258578585,0.33848431892548436
DBSCAN,new_data_scaled,0,2,0.003,7,-0.0040985857855295365,0.27668007167036923,0.2725814858848397
DBSCAN,new_data_scaled,0,2,0.003,8,-0.00938584195968922,0.235301336239419,0.2259154942797298
DBSCAN,new_data_scaled,0,2,0.003,9,-0.011835096732615763,0.20040123707988516,0.1885661403472694
DBSCAN,new_data_scaled,0,2,0.003,10,-0.01505036779482878,0.16766329788792056,0.1526129300930918
DBSCAN,new_data_scaled,0,2,0.003,11,-0.017297723928719887,0.1444599801895845,0.1271622562608646
DBSCAN,new_data_scaled,0,2,0.003,12,-0.015175594273787623,0.12471877287981599,0.10954317860602837
DBSCAN,new_data_scaled,0,2,0.003,13,-0.012823956398281827,0.09624972170250236,0.08342576530422054
DBSCAN,new_data_scaled,0,2,0.003,14,-0.01113703465925472,0.07386470003163138,0.06272766537237666
DBSCAN,new_data_scaled,0,2,0.003,15,-0.010487705636028886,0.062396625966384935,0.051908920330356045
DBSCAN,new_data_scaled,0,2,0.003,16,-0.008572229008102013,0.04718698744525047,0.038614758437148455
DBSCAN,new_data_scaled,0,2,0.003,17,-0.008248872272034365,0.04498721196375033,0.036738339691715964
DBSCAN,new_data_scaled,0,2,0.003,18,-0.007296640310008657,0.03772753553453886,0.0304308952245302
DBSCAN,new_data_scaled,0,2,0.003,19,-0.006033936701308351,0.03055913457090247,0.024525197869594118
DBSCAN,new_data_scaled,0,2,0.003,20,-0.004832733777351174,0.024148198767225588,0.019315464989874413
DBSCAN,new_data_scaled,0,2,0.004,2,0.4499158946729134,0.6010761448249892,1.0509920394979027
DBSCAN,new_data_scaled,0,2,0.004,3,0.38697200096509166,0.5965874431647353,0.983559444129827
DBSCAN,new_data_scaled,0,2,0.004,4,0.3000205017661638,0.565563632625548,0.8655841343917118
DBSCAN,new_data_scaled,0,2,0.004,5,0.23356044030039155,0.5278067135925986,0.7613671538929901
DBSCAN,new_data_scaled,0,2,0.004,6,0.18063432913289976,0.4881094017329905,0.6687437308658902
DBSCAN,new_data_scaled,0,2,0.004,7,0.1307110261430216,0.44508441608087806,0.5757954422238997
DBSCAN,new_data_scaled,0,2,0.004,8,0.09488609766232452,0.4099139166761447,0.5048000143384692
DBSCAN,new_data_scaled,0,2,0.004,9,0.07871361903320259,0.37629867406647305,0.4550122930996756
DBSCAN,new_data_scaled,0,2,0.004,10,0.054940742388712605,0.3405576244703911,0.3954983668591037
DBSCAN,new_data_scaled,0,2,0.004,11,0.04803458879670391,0.3068635683092632,0.3548981571059671
DBSCAN,new_data_scaled,0,2,0.004,12,0.029883798596382398,0.27274072595683935,0.30262452455322175
DBSCAN,new_data_scaled,0,2,0.004,13,-0.0009049832657887954,0.23722045871897648,0.23631547545318768
DBSCAN,new_data_scaled,0,2,0.004,14,-0.0017610193505046875,0.21292199295401798,0.2111609736035133
DBSCAN,new_data_scaled,0,2,0.004,15,-0.005792645340140261,0.1938967542284031,0.18810410888826284
DBSCAN,new_data_scaled,0,2,0.004,16,-0.007507133004556122,0.1804936794039994,0.17298654639944328
DBSCAN,new_data_scaled,0,2,0.004,17,-0.0063829422016865285,0.16180800460271255,0.15542506240102602
DBSCAN,new_data_scaled,0,2,0.004,18,-0.009086102524243574,0.14519040673662115,0.13610430421237757
DBSCAN,new_data_scaled,0,2,0.004,19,-0.010190143681476766,0.13555062538225077,0.125360481700774
DBSCAN,new_data_scaled,0,2,0.004,20,-0.012349808035571544,0.10151243234781912,0.08916262431224757
DBSCAN,new_data_scaled,0,2,0.005,2,0.6271009941838567,0.6887123444604945,1.3158133386443511
DBSCAN,new_data_scaled,0,2,0.005,3,0.5793703527361115,0.6948711158601087,1.2742414685962202
DBSCAN,new_data_scaled,0,2,0.005,4,0.5043072046563062,0.6759674319139597,1.1802746365702659
DBSCAN,new_data_scaled,0,2,0.005,5,0.4281565118402074,0.6458997838460172,1.0740562956862245
DBSCAN,new_data_scaled,0,2,0.005,6,0.36332957548953965,0.6149874359384186,0.9783170114279582
DBSCAN,new_data_scaled,0,2,0.005,7,0.27485214164372884,0.567761881277138,0.8426140229208668
DBSCAN,new_data_scaled,0,2,0.005,8,0.2234252394946372,0.5353908734825399,0.7588161129771771
DBSCAN,new_data_scaled,0,2,0.005,9,0.1830579762871773,0.4995455285308592,0.6826035048180366
DBSCAN,new_data_scaled,0,2,0.005,10,0.1534722799274888,0.47022303952179173,0.6236953194492805
DBSCAN,new_data_scaled,0,2,0.005,11,0.13647191678006101,0.4462474471490807,0.5827193639291417
DBSCAN,new_data_scaled,0,2,0.005,12,0.10416900170051856,0.41301479718973033,0.5171837988902489
DBSCAN,new_data_scaled,0,2,0.005,13,0.09557171514973069,0.3898055394960821,0.4853772546458128
DBSCAN,new_data_scaled,0,2,0.005,14,0.08819961250430079,0.3641820001254812,0.452381612629782
DBSCAN,new_data_scaled,0,2,0.005,15,0.06561288551273627,0.3394843290927277,0.40509721460546394
DBSCAN,new_data_scaled,0,2,0.005,16,0.06210836603711721,0.3198203572565259,0.38192872329364314
DBSCAN,new_data_scaled,0,2,0.005,17,0.05398920101483267,0.2970213550083481,0.35101055602318076
DBSCAN,new_data_scaled,0,2,0.005,18,0.05056682033681622,0.2821941776593843,0.3327609979962005
DBSCAN,new_data_scaled,0,2,0.005,19,0.04872237170154208,0.27252969111923137,0.32125206282077345
DBSCAN,new_data_scaled,0,2,0.005,20,0.031027873551113132,0.25285152686875206,0.2838794004198652
DBSCAN,new_data_scaled,0,2,0.006,2,0.832026534904865,0.7716937062219766,1.6037202411268416
DBSCAN,new_data_scaled,0,2,0.006,3,0.8038429623943354,0.7813890281403826,1.585231990534718
DBSCAN,new_data_scaled,0,2,0.006,4,0.7511208099458512,0.7720873384559326,1.5232081484017836
DBSCAN,new_data_scaled,0,2,0.006,5,0.6891663562528193,0.7522291751069383,1.4413955313597575
DBSCAN,new_data_scaled,0,2,0.006,6,0.6413783301091961,0.7369738723493959,1.3783522024585921
DBSCAN,new_data_scaled,0,2,0.006,7,0.5865128431217999,0.7176142853814419,1.3041271285032416
DBSCAN,new_data_scaled,0,2,0.006,8,0.41343642033215916,0.6567554415522726,1.0701918618844317
DBSCAN,new_data_scaled,0,2,0.006,9,0.34833478582393296,0.6224567260534752,0.9707915118774082
DBSCAN,new_data_scaled,0,2,0.006,10,0.28603986968726197,0.5882553261185882,0.8742951958058502
DBSCAN,new_data_scaled,0,2,0.006,11,0.23440283997340264,0.5514597413769088,0.7858625813503114
DBSCAN,new_data_scaled,0,2,0.006,12,0.21547154928142812,0.534897483316483,0.7503690325979111
DBSCAN,new_data_scaled,0,2,0.006,13,0.19058654334362862,0.5104648465637696,0.7010513899073982
DBSCAN,new_data_scaled,0,2,0.006,14,0.170341136444829,0.4892769716686942,0.6596181081135233
DBSCAN,new_data_scaled,0,2,0.006,15,0.15105917221051227,0.4675672940987558,0.6186264663092681
DBSCAN,new_data_scaled,0,2,0.006,16,0.13100036587121083,0.43395692916977047,0.5649572950409814
DBSCAN,new_data_scaled,0,2,0.006,17,0.11430622155829813,0.40557629481287955,0.5198825163711777
DBSCAN,new_data_scaled,0,2,0.006,18,0.10676511310551676,0.3828243612907402,0.489589474396257
DBSCAN,new_data_scaled,0,2,0.006,19,0.10235793886913302,0.3711314411479918,0.4734893800171248
DBSCAN,new_data_scaled,0,2,0.006,20,0.08887023752179968,0.3503202215317557,0.43919045905355536
DBSCAN,new_data_scaled,0,2,0.007,2,0.868306806127615,0.8142781820160714,1.6825849881436863
DBSCAN,new_data_scaled,0,2,0.007,3,0.8526105795504393,0.8264569920254345,1.6790675715758738
DBSCAN,new_data_scaled,0,2,0.007,4,0.8243009046554649,0.8227025829667148,1.6470034876221797
DBSCAN,new_data_scaled,0,2,0.007,5,0.7760207235235758,0.7961352319463706,1.5721559554699462
DBSCAN,new_data_scaled,0,2,0.007,6,0.7357471397350532,0.7764855445948324,1.5122326843298857
DBSCAN,new_data_scaled,0,2,0.007,7,0.6925906950258686,0.7632660552698943,1.455856750295763
DBSCAN,new_data_scaled,0,2,0.007,8,0.64969439479192,0.7532385303828834,1.4029329251748033
DBSCAN,new_data_scaled,0,2,0.007,9,0.5615378441149714,0.7197528611736813,1.2812907052886526
DBSCAN,new_data_scaled,0,2,0.007,10,0.5193430382982394,0.7050556916526827,1.224398729950922
DBSCAN,new_data_scaled,0,2,0.007,11,0.4166754767201954,0.6668516128717967,1.0835270895919922
DBSCAN,new_data_scaled,0,2,0.007,12,0.36320176219659955,0.6429284494711969,1.0061302116677964
DBSCAN,new_data_scaled,0,2,0.007,13,0.3287619109019923,0.6216821199762357,0.950444030878228
DBSCAN,new_data_scaled,0,2,0.007,14,0.2832970919560284,0.5923526377155209,0.8756497296715493
DBSCAN,new_data_scaled,0,2,0.007,15,0.2572170533861281,0.5736695350994024,0.8308865884855305
DBSCAN,new_data_scaled,0,2,0.007,16,0.22885381106931935,0.547167416951803,0.7760212280211224
DBSCAN,new_data_scaled,0,2,0.007,17,0.19261220185874964,0.5138809324254692,0.7064931342842188
DBSCAN,new_data_scaled,0,2,0.007,18,0.17726862721329764,0.4969828099610383,0.6742514371743359
DBSCAN,new_data_scaled,0,2,0.007,19,0.15838603687376343,0.475150268046396,0.6335363049201594
DBSCAN,new_data_scaled,0,2,0.007,20,0.14533521164323346,0.4580025230958476,0.603337734739081
DBSCAN,new_data_scaled,0,2,0.008,2,0.9124209197733925,0.8567815379389316,1.769202457712324
DBSCAN,new_data_scaled,0,2,0.008,3,0.9065303282742685,0.8741438958337222,1.7806742241079907
DBSCAN,new_data_scaled,0,2,0.008,4,0.8628295491190234,0.8592070442974363,1.7220365934164596
DBSCAN,new_data_scaled,0,2,0.008,5,0.8408849465553571,0.8481164783478994,1.6890014249032563
DBSCAN,new_data_scaled,0,2,0.008,6,0.8137675579156481,0.8363332320526121,1.6501007899682603
DBSCAN,new_data_scaled,0,2,0.008,7,0.7755774555729644,0.8123463424782584,1.5879237980512229
DBSCAN,new_data_scaled,0,2,0.008,8,0.7386452566737799,0.7897488852214799,1.5283941418952598
DBSCAN,new_data_scaled,0,2,0.008,9,0.7032392273623965,0.7769316248741117,1.4801708522365082
DBSCAN,new_data_scaled,0,2,0.008,10,0.6635884021684075,0.7639025074567325,1.42749090962514
DBSCAN,new_data_scaled,0,2,0.008,11,0.633625025809474,0.7542561664555352,1.3878811922650092
DBSCAN,new_data_scaled,0,2,0.008,12,0.5608151060396834,0.7292372696972353,1.2900523757369187
DBSCAN,new_data_scaled,0,2,0.008,13,0.5166317049722876,0.7151800166899085,1.2318117216621962
DBSCAN,new_data_scaled,0,2,0.008,14,0.48893389568840445,0.701223151001451,1.1901570466898554
DBSCAN,new_data_scaled,0,2,0.008,15,0.417239109208223,0.6702867121382634,1.0875258213464865
DBSCAN,new_data_scaled,0,2,0.008,16,0.39014598211822105,0.6501807344442614,1.0403267165624825
DBSCAN,new_data_scaled,0,2,0.008,17,0.3715322124957107,0.6392540103478447,1.0107862228435553
DBSCAN,new_data_scaled,0,2,0.008,18,0.33328741617229346,0.6179268831176189,0.9512142992899124
DBSCAN,new_data_scaled,0,2,0.008,19,0.2694290184144557,0.5820819052500178,0.8515109236644736
DBSCAN,new_data_scaled,0,2,0.008,20,0.2340946643142543,0.5523841135883976,0.7864787779026519
DBSCAN,new_data_scaled,0,2,0.009,2,0.9300641988553588,0.8862582624766747,1.8163224613320335
DBSCAN,new_data_scaled,0,2,0.009,3,0.9304233542110902,0.9039524923034052,1.8343758465144955
DBSCAN,new_data_scaled,0,2,0.009,4,0.9172226035116791,0.899379280650683,1.816601884162362
DBSCAN,new_data_scaled,0,2,0.009,5,0.9001386891456645,0.8931088832125093,1.7932475723581738
DBSCAN,new_data_scaled,0,2,0.009,6,0.8805198481727303,0.8846072830305353,1.7651271312032657
DBSCAN,new_data_scaled,0,2,0.009,7,0.8320882823602165,0.8539166264067918,1.6860049087670084
DBSCAN,new_data_scaled,0,2,0.009,8,0.8012049581642431,0.8305575931717774,1.6317625513360206
DBSCAN,new_data_scaled,0,2,0.009,9,0.7738238317718362,0.81506283142169,1.5888866631935263
DBSCAN,new_data_scaled,0,2,0.009,10,0.7403597534785947,0.7988734988381279,1.5392332523167225
DBSCAN,new_data_scaled,0,2,0.009,11,0.7015208598791539,0.7840197997303912,1.485540659609545
DBSCAN,new_data_scaled,0,2,0.009,12,0.6851095105358741,0.7770630390723818,1.462172549608256
DBSCAN,new_data_scaled,0,2,0.009,13,0.6567974692265833,0.7664134515319219,1.423210920758505
DBSCAN,new_data_scaled,0,2,0.009,14,0.6250228077344967,0.758159633551273,1.3831824412857698
DBSCAN,new_data_scaled,0,2,0.009,15,0.555132176955761,0.7381549819461609,1.293287158901922
DBSCAN,new_data_scaled,0,2,0.009,16,0.5160736358323792,0.7232232457266755,1.2392968815590546
DBSCAN,new_data_scaled,0,2,0.009,17,0.4843402486779907,0.709489665015749,1.1938299136937396
DBSCAN,new_data_scaled,0,2,0.009,18,0.466312252189494,0.6984379549729233,1.1647502071624172
DBSCAN,new_data_scaled,0,2,0.009,19,0.41745261642381853,0.6785949913901018,1.0960476078139203
DBSCAN,new_data_scaled,0,2,0.009,20,0.3977099964754534,0.662927735518633,1.0606377319940865
DBSCAN,new_data_scaled,0,2,0.01,2,0.8493980370218418,0.8751518368070107,1.7245498738288525
DBSCAN,new_data_scaled,0,2,0.01,3,0.8566425794521917,0.893528188419355,1.7501707678715466
DBSCAN,new_data_scaled,0,2,0.01,4,0.8855240936074293,0.8961405663328478,1.7816646599402772
DBSCAN,new_data_scaled,0,2,0.01,5,0.9215402608802211,0.9082738214665975,1.8298140823468185
DBSCAN,new_data_scaled,0,2,0.01,6,0.9072925967061535,0.9041057375944873,1.8113983343006408
DBSCAN,new_data_scaled,0,2,0.01,7,0.8855119137660762,0.893100217208448,1.7786121309745242
DBSCAN,new_data_scaled,0,2,0.01,8,0.8704316814652077,0.8853602252561272,1.7557919067213348
DBSCAN,new_data_scaled,0,2,0.01,9,0.8361887308505066,0.863607106910362,1.6997958377608686
DBSCAN,new_data_scaled,0,2,0.01,10,0.8147755573048959,0.8524832884739086,1.6672588457788047
DBSCAN,new_data_scaled,0,2,0.01,11,0.7915306904693599,0.8360933897685902,1.62762408023795
DBSCAN,new_data_scaled,0,2,0.01,12,0.7572149684666032,0.8148419214958778,1.572056889962481
DBSCAN,new_data_scaled,0,2,0.01,13,0.7323136874849037,0.8020465263866751,1.5343602138715786
DBSCAN,new_data_scaled,0,2,0.01,14,0.7112970635151812,0.7894159551506877,1.500713018665869
DBSCAN,new_data_scaled,0,2,0.01,15,0.6790490997823561,0.7795125411382682,1.4585616409206241
DBSCAN,new_data_scaled,0,2,0.01,16,0.6563934005959989,0.7672469438203967,1.4236403444163956
DBSCAN,new_data_scaled,0,2,0.01,17,0.6170139174364844,0.7591111055923084,1.3761250230287927
DBSCAN,new_data_scaled,0,2,0.01,18,0.5829055890072325,0.7545281593345352,1.3374337483417678
DBSCAN,new_data_scaled,0,2,0.01,19,0.5604700914149873,0.7444992371930219,1.304969328608009
DBSCAN,new_data_scaled,0,2,0.01,20,0.5404493726755933,0.7385189765832769,1.2789683492588702
DBSCAN,new_data_scaled,0,2,0.015,2,0.7499537892819318,0.8450208250958674,1.5949746143777992
DBSCAN,new_data_scaled,0,2,0.015,3,0.7671154056258918,0.8794440990725599,1.6465595046984518
DBSCAN,new_data_scaled,0,2,0.015,4,0.7717723481125266,0.8869483790613141,1.6587207271738407
DBSCAN,new_data_scaled,0,2,0.015,5,0.8572999246978407,0.9261317250851596,1.7834316497830003
DBSCAN,new_data_scaled,0,2,0.015,6,0.8558702009952575,0.9239508648022626,1.77982106579752
DBSCAN,new_data_scaled,0,2,0.015,7,0.8397751203502158,0.9070945559090025,1.7468696762592182
DBSCAN,new_data_scaled,0,2,0.015,8,0.8331452661210601,0.8968628561446551,1.730008122265715
DBSCAN,new_data_scaled,0,2,0.015,9,0.8249725595281121,0.8890755608595802,1.7140481203876923
DBSCAN,new_data_scaled,0,2,0.015,10,0.819600507393098,0.8842857546452155,1.7038862620383135
DBSCAN,new_data_scaled,0,2,0.015,11,0.8148178095186195,0.879671731330425,1.6944895408490446
DBSCAN,new_data_scaled,0,2,0.015,12,0.8089890882537593,0.8745337297894722,1.6835228180432313
DBSCAN,new_data_scaled,0,2,0.015,13,0.8080309259038777,0.8744214222995954,1.6824523482034732
DBSCAN,new_data_scaled,0,2,0.015,14,0.8045883597110682,0.875574337691579,1.6801626974026473
DBSCAN,new_data_scaled,0,2,0.015,15,0.9194929580553397,0.9333398559868956,1.8528328140422352
DBSCAN,new_data_scaled,0,2,0.015,16,0.9161148047684831,0.9309449309023232,1.8470597356708063
DBSCAN,new_data_scaled,0,2,0.015,17,0.8806452900075528,0.9094078426557239,1.7900531326632767
DBSCAN,new_data_scaled,0,2,0.015,18,0.8768743864808934,0.910759357334897,1.7876337438157903
DBSCAN,new_data_scaled,0,2,0.015,19,0.8675256815875477,0.9089541229060956,1.7764798044936434
DBSCAN,new_data_scaled,0,2,0.015,20,0.854312529143529,0.9012808952777509,1.7555934244212799
DBSCAN,new_data_scaled,0,2,0.018,2,0.10196265429243132,0.37690577002581593,0.4788684243182473
DBSCAN,new_data_scaled,0,2,0.018,3,0.11106922679610944,0.3972310316688197,0.5083002584649291
DBSCAN,new_data_scaled,0,2,0.018,4,0.11667420650017435,0.40730045226527317,0.5239746587654475
DBSCAN,new_data_scaled,0,2,0.018,5,0.11872387731124509,0.4084988245075341,0.5272227018187792
DBSCAN,new_data_scaled,0,2,0.018,6,0.1185803609957572,0.40702177498665676,0.5256021359824139
DBSCAN,new_data_scaled,0,2,0.018,7,0.11909985559939845,0.406050890524724,0.5251507461241225
DBSCAN,new_data_scaled,0,2,0.018,8,0.11841645833973305,0.40388501530480786,0.5223014736445409
DBSCAN,new_data_scaled,0,2,0.018,9,0.35689106948558913,0.6497009340415165,1.0065920035271056
DBSCAN,new_data_scaled,0,2,0.018,10,0.3548560965392216,0.645031573621186,0.9998876701604076
DBSCAN,new_data_scaled,0,2,0.018,11,0.4406633365411126,0.7194275141228078,1.1600908506639205
DBSCAN,new_data_scaled,0,2,0.018,12,0.43118511665297327,0.7031937594434368,1.13437887609641
DBSCAN,new_data_scaled,0,2,0.018,13,0.6124462575540269,0.7973217052967253,1.4097679628507522
DBSCAN,new_data_scaled,0,2,0.018,14,0.610352904528659,0.7930692568269772,1.4034221613556361
DBSCAN,new_data_scaled,0,2,0.018,15,0.6090313204290069,0.7917534677709002,1.400784788199907
DBSCAN,new_data_scaled,0,2,0.018,16,0.6040374343199434,0.7849615407728976,1.388998975092841
DBSCAN,new_data_scaled,0,2,0.018,17,0.6017277836809424,0.7826699142023549,1.3843976978832973
DBSCAN,new_data_scaled,0,2,0.018,18,0.5995686560410051,0.7775269045498597,1.3770955605908648
DBSCAN,new_data_scaled,0,2,0.018,19,0.5992177408328212,0.777454081914368,1.3766718227471892
DBSCAN,new_data_scaled,0,2,0.018,20,0.597579050137231,0.7753948904242178,1.3729739405614487
DBSCAN,new_data_scaled,0,2,0.02,2,0.10020682871788829,0.3728712988500814,0.4730781275679697
DBSCAN,new_data_scaled,0,2,0.02,3,0.10777304555515924,0.39004270648660483,0.4978157520417641
DBSCAN,new_data_scaled,0,2,0.02,4,0.11505729467188879,0.4042513820197624,0.5193086766916511
DBSCAN,new_data_scaled,0,2,0.02,5,0.1170060720479728,0.406001247034444,0.5230073190824168
DBSCAN,new_data_scaled,0,2,0.02,6,0.1179714050864832,0.4071846842963183,0.5251560893828016
DBSCAN,new_data_scaled,0,2,0.02,7,0.11856816546655737,0.4073055956077391,0.5258737610742965
DBSCAN,new_data_scaled,0,2,0.02,8,0.11889580589261398,0.40636431652458793,0.5252601224172019
DBSCAN,new_data_scaled,0,2,0.02,9,0.11826881843320129,0.40316342981215053,0.5214322482453518
DBSCAN,new_data_scaled,0,2,0.02,10,0.11715796547473949,0.39794141636322505,0.5150993818379646
DBSCAN,new_data_scaled,0,2,0.02,11,0.1169932471105344,0.39720160771572705,0.5141948548262615
DBSCAN,new_data_scaled,0,2,0.02,12,0.11619439536326473,0.3937029798200122,0.5098973751832769
DBSCAN,new_data_scaled,0,2,0.02,13,0.41251534664543527,0.6635835370527764,1.0760988836982117
DBSCAN,new_data_scaled,0,2,0.02,14,0.4113587039205113,0.6614535626820038,1.072812266602515
DBSCAN,new_data_scaled,0,2,0.02,15,0.4736830021634949,0.7132961030032889,1.1869791051667837
DBSCAN,new_data_scaled,0,2,0.02,16,0.47228246466768614,0.7104659052954841,1.1827483699631702
DBSCAN,new_data_scaled,0,2,0.02,17,0.47087337856784267,0.7074789639566009,1.1783523425244435
DBSCAN,new_data_scaled,0,2,0.02,18,0.4693333202818069,0.7037702786949723,1.1731035989767793
DBSCAN,new_data_scaled,0,2,0.02,19,0.46580026918807865,0.6965402057268956,1.1623404749149742
DBSCAN,new_data_scaled,0,2,0.02,20,0.4645570104027002,0.6942427637855496,1.1587997741882499
DBSCAN,new_data_scaled,0,2,0.022,2,0.09873573813737947,0.36854615805613306,0.4672818961935125
DBSCAN,new_data_scaled,0,2,0.022,3,0.10540210788046192,0.3868517385028262,0.4922538463832882
DBSCAN,new_data_scaled,0,2,0.022,4,0.11339373164508018,0.4023676095222115,0.5157613411672917
DBSCAN,new_data_scaled,0,2,0.022,5,0.11673200337292049,0.40779806217394055,0.524530065546861
DBSCAN,new_data_scaled,0,2,0.022,6,0.1175875257347446,0.40824300415363557,0.5258305298883802
DBSCAN,new_data_scaled,0,2,0.022,7,0.11903519616012412,0.4100565697303302,0.5290917658904544
DBSCAN,new_data_scaled,0,2,0.022,8,0.11954296506970577,0.40998750368377657,0.5295304687534823
DBSCAN,new_data_scaled,0,2,0.022,9,0.11926314185839347,0.40836973710212854,0.527632878960522
DBSCAN,new_data_scaled,0,2,0.022,10,0.11907865066903585,0.40734797941250805,0.5264266300815439
DBSCAN,new_data_scaled,0,2,0.022,11,0.11835715265175423,0.40360069506988033,0.5219578477216346
DBSCAN,new_data_scaled,0,2,0.022,12,0.11774746375210084,0.40065546831979865,0.5184029320718995
DBSCAN,new_data_scaled,0,2,0.022,13,0.11749234878456573,0.39946710420818604,0.5169594529927518
DBSCAN,new_data_scaled,0,2,0.022,14,0.11674926169944087,0.39611840238782614,0.512867664087267
DBSCAN,new_data_scaled,0,2,0.022,15,0.11642972071566629,0.39471999645564687,0.5111497171713132
DBSCAN,new_data_scaled,0,2,0.022,16,0.1137944614767324,0.3887468146136059,0.5025412760903383
DBSCAN,new_data_scaled,0,2,0.022,17,0.113730572943128,0.3873827171892353,0.5011132901323633
DBSCAN,new_data_scaled,0,2,0.022,18,0.1090895707673889,0.3775860892284826,0.4866756599958715
DBSCAN,new_data_scaled,0,2,0.022,19,0.1644553815653859,0.4888266040336177,0.6532819855990036
DBSCAN,new_data_scaled,0,2,0.022,20,0.16436173110504107,0.48422892036501686,0.6485906514700579
DBSCAN,new_data_scaled,0,2,0.025,2,0.09488789279212878,0.3578675421872036,0.4527554349793324
DBSCAN,new_data_scaled,0,2,0.025,3,0.09934188233427053,0.37232032915314517,0.4716622114874157
DBSCAN,new_data_scaled,0,2,0.025,4,0.10724358856164887,0.38985996787379207,0.4971035564354409
DBSCAN,new_data_scaled,0,2,0.025,5,0.1143971074445271,0.4050280387303781,0.5194251461749052
DBSCAN,new_data_scaled,0,2,0.025,6,0.11632213442949867,0.4083061441285912,0.5246282785580898
DBSCAN,new_data_scaled,0,2,0.025,7,0.1169799918573433,0.4084655669766764,0.5254455588340197
DBSCAN,new_data_scaled,0,2,0.025,8,0.11947644763314791,0.41252734716218575,0.5320037947953337
DBSCAN,new_data_scaled,0,2,0.025,9,0.11928337654081603,0.41105818065372185,0.5303415571945379
DBSCAN,new_data_scaled,0,2,0.025,10,0.1191874573100142,0.41038459595032467,0.5295720532603388
DBSCAN,new_data_scaled,0,2,0.025,11,0.11890216533971566,0.40851970489327943,0.5274218702329951
DBSCAN,new_data_scaled,0,2,0.025,12,0.11871402583607497,0.40737195488861083,0.5260859807246858
DBSCAN,new_data_scaled,0,2,0.025,13,0.11871402583607497,0.40737195488861083,0.5260859807246858
DBSCAN,new_data_scaled,0,2,0.025,14,0.11871402583607497,0.40737195488861083,0.5260859807246858
DBSCAN,new_data_scaled,0,2,0.025,15,0.11862057273728091,0.4068204159257655,0.5254409886630464
DBSCAN,new_data_scaled,0,2,0.025,16,0.11797791518860468,0.4032728259349897,0.5212507411235944
DBSCAN,new_data_scaled,0,2,0.025,17,0.11770866067119928,0.4018826541021717,0.5195913147733711
DBSCAN,new_data_scaled,0,2,0.025,18,0.11753121502024287,0.4009902140529427,0.5185214290731855
DBSCAN,new_data_scaled,0,2,0.025,19,0.11692312040699482,0.39804781354992447,0.5149709339569193
DBSCAN,new_data_scaled,0,2,0.025,20,0.11592761589595871,0.3935156148851242,0.5094432307810829
DBSCAN,new_data_scaled,0,2,0.03,2,0.03740453137606181,0.2044594887073649,0.24186402008342672
DBSCAN,new_data_scaled,0,2,0.03,3,0.03874107845516484,0.2088057654360814,0.24754684389124623
DBSCAN,new_data_scaled,0,2,0.03,4,0.04256833613659039,0.21615635302867872,0.25872468916526914
DBSCAN,new_data_scaled,0,2,0.03,5,0.05001001499142704,0.22842338119258943,0.27843339618401647
DBSCAN,new_data_scaled,0,2,0.03,6,0.05363979536699929,0.23326544206673414,0.2869052374337334
DBSCAN,new_data_scaled,0,2,0.03,7,0.05581187938740564,0.237526523250157,0.2933384026375626
DBSCAN,new_data_scaled,0,2,0.03,8,0.05797816527856307,0.23995245958929873,0.2979306248678618
DBSCAN,new_data_scaled,0,2,0.03,9,0.058756433419043144,0.2408124483169853,0.29956888173602847
DBSCAN,new_data_scaled,0,2,0.03,10,0.05945318689874331,0.2433524480202289,0.3028056349189722
DBSCAN,new_data_scaled,0,2,0.03,11,0.05955587681211871,0.24198442449813887,0.30154030131025755
DBSCAN,new_data_scaled,0,2,0.03,12,0.05955587681211871,0.24198442449813887,0.30154030131025755
DBSCAN,new_data_scaled,0,2,0.03,13,0.05955587681211871,0.24198442449813887,0.30154030131025755
DBSCAN,new_data_scaled,0,2,0.03,14,0.059607821794394326,0.24149568966117976,0.30110351145557407
DBSCAN,new_data_scaled,0,2,0.03,15,0.059607821794394326,0.24149568966117976,0.30110351145557407
DBSCAN,new_data_scaled,0,2,0.03,16,0.11659187414967082,0.40240142753764485,0.5189933016873156
DBSCAN,new_data_scaled,0,2,0.03,17,0.11686306384889698,0.4031492401916176,0.5200123040405146
DBSCAN,new_data_scaled,0,2,0.03,18,0.11686306384889698,0.4031492401916176,0.5200123040405146
DBSCAN,new_data_scaled,0,2,0.03,19,0.11667368235705265,0.4018324688684834,0.518506151225536
DBSCAN,new_data_scaled,0,2,0.03,20,0.11648594109545625,0.4006136478157572,0.5170995889112134
DBSCAN,new_data_scaled,0,2,0.04,2,0.022636927425412623,0.14548344952491013,0.16812037695032275
DBSCAN,new_data_scaled,0,2,0.04,3,0.02280253490544302,0.14665091057090782,0.16945344547635083
DBSCAN,new_data_scaled,0,2,0.04,4,0.026899227278590575,0.16324073473276762,0.1901399620113582
DBSCAN,new_data_scaled,0,2,0.04,5,0.027872821300656887,0.16446100496257574,0.19233382626323262
DBSCAN,new_data_scaled,0,2,0.04,6,0.03401654989527336,0.1825855005417479,0.21660205043702127
DBSCAN,new_data_scaled,0,2,0.04,7,0.04107183764476991,0.19993197558585185,0.24100381323062176
DBSCAN,new_data_scaled,0,2,0.04,8,0.046699603357792975,0.21249856823582325,0.25919817159361624
DBSCAN,new_data_scaled,0,2,0.04,9,0.0506825789455658,0.22171292336178955,0.2723955023073553
DBSCAN,new_data_scaled,0,2,0.04,10,0.05320997499538131,0.22746197893563624,0.28067195393101757
DBSCAN,new_data_scaled,0,2,0.04,11,0.05507437666388235,0.23089011113622246,0.2859644878001048
DBSCAN,new_data_scaled,0,2,0.04,12,0.05624130408065883,0.23205776266374517,0.288299066744404
DBSCAN,new_data_scaled,0,2,0.04,13,0.05624130408065883,0.23205776266374517,0.288299066744404
DBSCAN,new_data_scaled,0,2,0.04,14,0.05624130408065883,0.23205776266374517,0.288299066744404
DBSCAN,new_data_scaled,0,2,0.04,15,0.05624130408065883,0.23205776266374517,0.288299066744404
DBSCAN,new_data_scaled,0,2,0.04,16,0.05624130408065883,0.23205776266374517,0.288299066744404
DBSCAN,new_data_scaled,0,2,0.04,17,0.05624130408065883,0.23205776266374517,0.288299066744404
DBSCAN,new_data_scaled,0,2,0.04,18,0.05624130408065883,0.23205776266374517,0.288299066744404
DBSCAN,new_data_scaled,0,2,0.04,19,0.05624130408065883,0.23205776266374517,0.288299066744404
DBSCAN,new_data_scaled,0,2,0.04,20,0.05624130408065883,0.23205776266374517,0.288299066744404
DBSCAN,new_data_scaled,0,2,0.05,2,0.001999692398168081,0.0249489907258019,0.02694868312396998
DBSCAN,new_data_scaled,0,2,0.05,3,0.0020124225293588587,0.02498781253289653,0.02700023506225539
DBSCAN,new_data_scaled,0,2,0.05,4,0.009097398193371806,0.07743348902481542,0.08653088721818723
DBSCAN,new_data_scaled,0,2,0.05,5,0.009077015226231541,0.07844259855436359,0.08751961378059513
DBSCAN,new_data_scaled,0,2,0.05,6,0.015271039063075097,0.11206726984892888,0.12733830891200398
DBSCAN,new_data_scaled,0,2,0.05,7,0.018647206602220585,0.12606853323738332,0.1447157398396039
DBSCAN,new_data_scaled,0,2,0.05,8,0.021573924285503702,0.1361230397810571,0.1576969640665608
DBSCAN,new_data_scaled,0,2,0.05,9,0.02952568000336983,0.1639111753547858,0.19343685535815563
DBSCAN,new_data_scaled,0,2,0.05,10,0.03293684550745941,0.17023736112145188,0.20317420662891128
DBSCAN,new_data_scaled,0,2,0.05,11,0.03507102340788818,0.17394766889226929,0.20901869230015746
DBSCAN,new_data_scaled,0,2,0.05,12,0.03720130996593721,0.17720164906445948,0.2144029590303967
DBSCAN,new_data_scaled,0,2,0.05,13,0.041314113410431105,0.18949522723634082,0.23080934064677194
DBSCAN,new_data_scaled,0,2,0.05,14,0.04434333412268832,0.19701212903077828,0.2413554631534666
DBSCAN,new_data_scaled,0,2,0.05,15,0.04558121479435835,0.19814863171802943,0.24372984651238777
DBSCAN,new_data_scaled,0,2,0.05,16,0.046185645044999134,0.20001006129798107,0.24619570634298021
DBSCAN,new_data_scaled,0,2,0.05,17,0.0465910641708034,0.20126032242833342,0.2478513865991368
DBSCAN,new_data_scaled,0,2,0.05,18,0.04679451458268958,0.2018883261179844,0.24868284070067398
DBSCAN,new_data_scaled,0,2,0.05,19,0.04679451458268958,0.2018883261179844,0.24868284070067398
DBSCAN,new_data_scaled,0,2,0.05,20,0.04679451458268958,0.2018883261179844,0.24868284070067398
DBSCAN,new_data_scaled,0,2,0.06,2,0.0009644553400720287,0.01300639032904935,0.013970845669121379
DBSCAN,new_data_scaled,0,2,0.06,3,0.0009647786705706906,0.013008625740611832,0.013973404411182522
DBSCAN,new_data_scaled,0,2,0.06,4,0.0010296261652615215,0.013839758107930816,0.014869384273192338
DBSCAN,new_data_scaled,0,2,0.06,5,0.0013793837308025295,0.017992497921994196,0.019371881652796727
DBSCAN,new_data_scaled,0,2,0.06,6,0.0021206182131654097,0.0255192057891753,0.02763982400234071
DBSCAN,new_data_scaled,0,2,0.06,7,0.007404076397347298,0.06606235406286474,0.07346643046021205
DBSCAN,new_data_scaled,0,2,0.06,8,0.009126504794537462,0.07900506487235591,0.08813156966689337
DBSCAN,new_data_scaled,0,2,0.06,9,0.010817461959248334,0.08586136609454542,0.09667882805379376
DBSCAN,new_data_scaled,0,2,0.06,10,0.018973873564455193,0.12622404520403369,0.14519791876848887
DBSCAN,new_data_scaled,0,2,0.06,11,0.025298843227000836,0.15223473022314085,0.1775335734501417
DBSCAN,new_data_scaled,0,2,0.06,12,0.027311172451448647,0.15589998905878075,0.1832111615102294
DBSCAN,new_data_scaled,0,2,0.06,13,0.03032354366007068,0.1602267188710341,0.19055026253110477
DBSCAN,new_data_scaled,0,2,0.06,14,0.032073034717899886,0.16395730268530417,0.19603033740320405
DBSCAN,new_data_scaled,0,2,0.06,15,0.03542040507331757,0.17099909198258845,0.206419497055906
DBSCAN,new_data_scaled,0,2,0.06,16,0.03611946978586052,0.1732118028529062,0.20933127263876672
DBSCAN,new_data_scaled,0,2,0.06,17,0.036412285663766114,0.17339389131817803,0.20980617698194415
DBSCAN,new_data_scaled,0,2,0.06,18,0.039038019047355495,0.17804818990103408,0.21708620894838956
DBSCAN,new_data_scaled,0,2,0.06,19,0.03959286683785695,0.17975741095131442,0.21935027778917138
DBSCAN,new_data_scaled,0,2,0.06,20,0.03959286683785695,0.17975741095131442,0.21935027778917138
DBSCAN,new_data_scaled,0,2,0.07,2,2.726276299387268e-05,0.00042247193537558916,0.00044973469836946184
DBSCAN,new_data_scaled,0,2,0.07,3,2.726276299387268e-05,0.00042247193537558916,0.00044973469836946184
DBSCAN,new_data_scaled,0,2,0.07,4,5.48643795944113e-05,0.0008446449628446586,0.0008995093424390699
DBSCAN,new_data_scaled,0,2,0.07,5,0.00019636299542993957,0.0029513767750657905,0.0031477397704957302
DBSCAN,new_data_scaled,0,2,0.07,6,0.00037419237593301223,0.005473074126192486,0.005847266502125498
DBSCAN,new_data_scaled,0,2,0.07,7,0.0005097793335400357,0.0071591922068787815,0.0076689715404188175
DBSCAN,new_data_scaled,0,2,0.07,8,0.0008712268158702962,0.011764558198723149,0.012635785014593445
DBSCAN,new_data_scaled,0,2,0.07,9,0.0011190441298045705,0.01429970335124524,0.015418747481049811
DBSCAN,new_data_scaled,0,2,0.07,10,0.0021865691995707603,0.02555933205044248,0.027745901250013243
DBSCAN,new_data_scaled,0,2,0.07,11,0.005498564671173643,0.052696527856566595,0.05819509252774024
DBSCAN,new_data_scaled,0,2,0.07,12,0.007752906304660341,0.06709245360546365,0.07484535991012399
DBSCAN,new_data_scaled,0,2,0.07,13,0.011596102523030734,0.08862903928413347,0.10022514180716421
DBSCAN,new_data_scaled,0,2,0.07,14,0.012537561061886021,0.09306607707149979,0.10560363813338582
DBSCAN,new_data_scaled,0,2,0.07,15,0.015869970697841726,0.10983608070835954,0.12570605140620128
DBSCAN,new_data_scaled,0,2,0.07,16,0.020012076561125483,0.12470237904542149,0.14471445560654697
DBSCAN,new_data_scaled,0,2,0.07,17,0.02415519469708868,0.13547252190611747,0.15962771660320615
DBSCAN,new_data_scaled,0,2,0.07,18,0.025275111966630286,0.13639001417888572,0.161665126145516
DBSCAN,new_data_scaled,0,2,0.07,19,0.026448591066101517,0.14038423521962645,0.16683282628572796
DBSCAN,new_data_scaled,0,2,0.07,20,0.030789083901108034,0.15599395016826134,0.18678303406936939
DBSCAN,new_data_scaled,0,2,0.08,2,0.0,0.0,0.0
DBSCAN,new_data_scaled,0,2,0.08,3,0.0,0.0,0.0
DBSCAN,new_data_scaled,0,2,0.08,4,2.726276299387268e-05,0.00042247193537558916,0.00044973469836946184
DBSCAN,new_data_scaled,0,2,0.08,5,2.726276299387268e-05,0.00042247193537558916,0.00044973469836946184
DBSCAN,new_data_scaled,0,2,0.08,6,2.726276299387268e-05,0.00042247193537558916,0.00044973469836946184
DBSCAN,new_data_scaled,0,2,0.08,7,0.00011108551407010125,0.0016883141257628934,0.0017993996398329947
DBSCAN,new_data_scaled,0,2,0.08,8,0.0003809424577968696,0.005477544204174141,0.0058584866619710105
DBSCAN,new_data_scaled,0,2,0.08,9,0.0004446737739545777,0.0063185024512705835,0.0067631762252251615
DBSCAN,new_data_scaled,0,2,0.08,10,0.0005097793335400357,0.0071591922068787815,0.0076689715404188175
DBSCAN,new_data_scaled,0,2,0.08,11,0.0006100202890030654,0.008419821534249644,0.00902984182325271
DBSCAN,new_data_scaled,0,2,0.08,12,0.0009666494744066673,0.012619912474177512,0.013586561948584179
DBSCAN,new_data_scaled,0,2,0.08,13,0.00160991593694918,0.0193408979566462,0.02095081389359538
DBSCAN,new_data_scaled,0,2,0.08,14,0.0023927466472395903,0.02649432980936134,0.02888707645660093
DBSCAN,new_data_scaled,0,2,0.08,15,0.005354158394043976,0.05150774470320732,0.056861903097251296
DBSCAN,new_data_scaled,0,2,0.08,16,0.007247063260653558,0.06303768465577061,0.07028474791642417
DBSCAN,new_data_scaled,0,2,0.08,17,0.009334532562912105,0.07022376840332673,0.07955830096623884
DBSCAN,new_data_scaled,0,2,0.08,18,0.01069382564082177,0.07683973158541661,0.08753355722623839
DBSCAN,new_data_scaled,0,2,0.08,19,0.014496977240333215,0.09807241643607781,0.11256939367641103
DBSCAN,new_data_scaled,0,2,0.08,20,0.019423249870706188,0.11899394255550863,0.1384171924262148
DBSCAN,new_data_scaled,0,2,0.09,2,0.0,0.0,0.0
DBSCAN,new_data_scaled,0,2,0.09,3,0.0,0.0,0.0
DBSCAN,new_data_scaled,0,2,0.09,4,0.0,0.0,0.0
DBSCAN,new_data_scaled,0,2,0.09,5,0.0,0.0,0.0
DBSCAN,new_data_scaled,0,2,0.09,6,0.0,0.0,0.0
DBSCAN,new_data_scaled,0,2,0.09,7,0.0,0.0,0.0
DBSCAN,new_data_scaled,0,2,0.09,8,0.0,0.0,0.0
DBSCAN,new_data_scaled,0,2,0.09,9,2.726276299387268e-05,0.00042247193537558916,0.00044973469836946184
DBSCAN,new_data_scaled,0,2,0.09,10,0.00025759176511765743,0.0037946100284114424,0.0040522017935291
DBSCAN,new_data_scaled,0,2,0.09,11,0.00031858268669561496,0.0046362663278425855,0.0049548490145382
DBSCAN,new_data_scaled,0,2,0.09,12,0.00041263650416192,0.005898059932625184,0.006310696436787104
DBSCAN,new_data_scaled,0,2,0.09,13,0.0005762618377575546,0.007999658890190843,0.008575920727948397
DBSCAN,new_data_scaled,0,2,0.09,14,0.0007839980726319404,0.010520113309319871,0.01130411138195181
DBSCAN,new_data_scaled,0,2,0.09,15,0.0010804213106642708,0.013879746373440307,0.014960167684104577
DBSCAN,new_data_scaled,0,2,0.09,16,0.00160991593694918,0.0193408979566462,0.02095081389359538
DBSCAN,new_data_scaled,0,2,0.09,17,0.0031856674430258626,0.03477422523301618,0.037959892676042044
DBSCAN,new_data_scaled,0,2,0.09,18,0.0044140611055829854,0.04515392596597265,0.04956798707155563
DBSCAN,new_data_scaled,0,2,0.09,19,0.005047206729659572,0.04939516520110526,0.05444237193076484
DBSCAN,new_data_scaled,0,2,0.09,20,0.005898951460704373,0.05491603286830558,0.06081498432900995
DBSCAN,new_data_scaled,0,2,0.1,2,0.0,0.0,0.0
DBSCAN,new_data_scaled,0,2,0.1,3,0.0,0.0,0.0
DBSCAN,new_data_scaled,0,2,0.1,4,0.0,0.0,0.0
DBSCAN,new_data_scaled,0,2,0.1,5,0.0,0.0,0.0
DBSCAN,new_data_scaled,0,2,0.1,6,0.0,0.0,0.0
DBSCAN,new_data_scaled,0,2,0.1,7,0.0,0.0,0.0
DBSCAN,new_data_scaled,0,2,0.1,8,0.0,0.0,0.0
DBSCAN,new_data_scaled,0,2,0.1,9,0.0,0.0,0.0
DBSCAN,new_data_scaled,0,2,0.1,10,0.0,0.0,0.0
DBSCAN,new_data_scaled,0,2,0.1,11,0.0,0.0,0.0
DBSCAN,new_data_scaled,0,2,0.1,12,8.280518487049538e-05,0.0012665811870716743,0.0013493863719421697
DBSCAN,new_data_scaled,0,2,0.1,13,0.00016866608612635305,0.002531259589600138,0.002699925675726491
DBSCAN,new_data_scaled,0,2,0.1,14,0.00025759176511765743,0.0037946100284114424,0.0040522017935291
DBSCAN,new_data_scaled,0,2,0.1,15,0.00046820653769526395,0.006732797289407897,0.007201003827103161
DBSCAN,new_data_scaled,0,2,0.1,16,0.0005323846605410509,0.007572139445581655,0.008104524106122706
DBSCAN,new_data_scaled,0,2,0.1,17,0.0007839980726319404,0.010520113309319871,0.01130411138195181
DBSCAN,new_data_scaled,0,2,0.1,18,0.0011190441298045705,0.01429970335124524,0.015418747481049811
DBSCAN,new_data_scaled,0,2,0.1,19,0.0011973401227316834,0.015139654470716813,0.016336994593448496
DBSCAN,new_data_scaled,0,2,0.1,20,0.0027865101348270045,0.031416908461336185,0.03420341859616319
DBSCAN,new_data_scaled,0,2,0.11,2,0.0,0.0,0.0
DBSCAN,new_data_scaled,0,2,0.11,3,0.0,0.0,0.0
DBSCAN,new_data_scaled,0,2,0.11,4,0.0,0.0,0.0
DBSCAN,new_data_scaled,0,2,0.11,5,0.0,0.0,0.0
DBSCAN,new_data_scaled,0,2,0.11,6,0.0,0.0,0.0
DBSCAN,new_data_scaled,0,2,0.11,7,0.0,0.0,0.0
DBSCAN,new_data_scaled,0,2,0.11,8,0.0,0.0,0.0
DBSCAN,new_data_scaled,0,2,0.11,9,0.0,0.0,0.0
DBSCAN,new_data_scaled,0,2,0.11,10,0.0,0.0,0.0
DBSCAN,new_data_scaled,0,2,0.11,11,0.0,0.0,0.0
DBSCAN,new_data_scaled,0,2,0.11,12,0.0,0.0,0.0
DBSCAN,new_data_scaled,0,2,0.11,13,0.0,0.0,0.0
DBSCAN,new_data_scaled,0,2,0.11,14,2.726276299387268e-05,0.00042247193537558916,0.00044973469836946184
DBSCAN,new_data_scaled,0,2,0.11,15,5.48643795944113e-05,0.0008446449628446586,0.0008995093424390699
DBSCAN,new_data_scaled,0,2,0.11,16,8.280518487049538e-05,0.0012665811870716743,0.0013493863719421697
DBSCAN,new_data_scaled,0,2,0.11,17,0.00011108551407010125,0.0016883141257628934,0.0017993996398329947
DBSCAN,new_data_scaled,0,2,0.11,18,0.00016866608612635305,0.002531259589600138,0.002699925675726491
DBSCAN,new_data_scaled,0,2,0.11,19,0.00031858268669561496,0.0046362663278425855,0.0049548490145382
DBSCAN,new_data_scaled,0,2,0.11,20,0.0004446737739545777,0.0063185024512705835,0.0067631762252251615
DBSCAN,new_data_scaled,0,2,0.12,2,0.0,0.0,0.0
DBSCAN,new_data_scaled,0,2,0.12,3,0.0,0.0,0.0
DBSCAN,new_data_scaled,0,2,0.12,4,0.0,0.0,0.0
DBSCAN,new_data_scaled,0,2,0.12,5,0.0,0.0,0.0
DBSCAN,new_data_scaled,0,2,0.12,6,0.0,0.0,0.0
DBSCAN,new_data_scaled,0,2,0.12,7,0.0,0.0,0.0
DBSCAN,new_data_scaled,0,2,0.12,8,0.0,0.0,0.0
DBSCAN,new_data_scaled,0,2,0.12,9,0.0,0.0,0.0
DBSCAN,new_data_scaled,0,2,0.12,10,0.0,0.0,0.0
DBSCAN,new_data_scaled,0,2,0.12,11,0.0,0.0,0.0
DBSCAN,new_data_scaled,0,2,0.12,12,0.0,0.0,0.0
DBSCAN,new_data_scaled,0,2,0.12,13,0.0,0.0,0.0
DBSCAN,new_data_scaled,0,2,0.12,14,2.726276299387268e-05,0.00042247193537558916,0.00044973469836946184
DBSCAN,new_data_scaled,0,2,0.12,15,2.726276299387268e-05,0.00042247193537558916,0.00044973469836946184
DBSCAN,new_data_scaled,0,2,0.12,16,2.726276299387268e-05,0.00042247193537558916,0.00044973469836946184
DBSCAN,new_data_scaled,0,2,0.12,17,2.726276299387268e-05,0.00042247193537558916,0.00044973469836946184
DBSCAN,new_data_scaled,0,2,0.12,18,2.726276299387268e-05,0.00042247193537558916,0.00044973469836946184
DBSCAN,new_data_scaled,0,2,0.12,19,2.726276299387268e-05,0.00042247193537558916,0.00044973469836946184
DBSCAN,new_data_scaled,0,2,0.12,20,2.726276299387268e-05,0.00042247193537558916,0.00044973469836946184
DBSCAN,new_data_scaled,0,2,0.13,2,0.0,0.0,0.0
DBSCAN,new_data_scaled,0,2,0.13,3,0.0,0.0,0.0
DBSCAN,new_data_scaled,0,2,0.13,4,0.0,0.0,0.0
DBSCAN,new_data_scaled,0,2,0.13,5,0.0,0.0,0.0
DBSCAN,new_data_scaled,0,2,0.13,6,0.0,0.0,0.0
DBSCAN,new_data_scaled,0,2,0.13,7,0.0,0.0,0.0
DBSCAN,new_data_scaled,0,2,0.13,8,0.0,0.0,0.0
DBSCAN,new_data_scaled,0,2,0.13,9,0.0,0.0,0.0
DBSCAN,new_data_scaled,0,2,0.13,10,0.0,0.0,0.0
DBSCAN,new_data_scaled,0,2,0.13,11,0.0,0.0,0.0
DBSCAN,new_data_scaled,0,2,0.13,12,0.0,0.0,0.0
DBSCAN,new_data_scaled,0,2,0.13,13,0.0,0.0,0.0
DBSCAN,new_data_scaled,0,2,0.13,14,0.0,0.0,0.0
DBSCAN,new_data_scaled,0,2,0.13,15,0.0,0.0,0.0
DBSCAN,new_data_scaled,0,2,0.13,16,0.0,0.0,0.0
DBSCAN,new_data_scaled,0,2,0.13,17,2.726276299387268e-05,0.00042247193537558916,0.00044973469836946184
DBSCAN,new_data_scaled,0,2,0.13,18,2.726276299387268e-05,0.00042247193537558916,0.00044973469836946184
DBSCAN,new_data_scaled,0,2,0.13,19,2.726276299387268e-05,0.00042247193537558916,0.00044973469836946184
DBSCAN,new_data_scaled,0,2,0.13,20,2.726276299387268e-05,0.00042247193537558916,0.00044973469836946184
DBSCAN,new_data_scaled,0,2,0.14,2,0.0,0.0,0.0
DBSCAN,new_data_scaled,0,2,0.14,3,0.0,0.0,0.0
DBSCAN,new_data_scaled,0,2,0.14,4,0.0,0.0,0.0
DBSCAN,new_data_scaled,0,2,0.14,5,0.0,0.0,0.0
DBSCAN,new_data_scaled,0,2,0.14,6,0.0,0.0,0.0
DBSCAN,new_data_scaled,0,2,0.14,7,0.0,0.0,0.0
DBSCAN,new_data_scaled,0,2,0.14,8,0.0,0.0,0.0
DBSCAN,new_data_scaled,0,2,0.14,9,0.0,0.0,0.0
DBSCAN,new_data_scaled,0,2,0.14,10,0.0,0.0,0.0
DBSCAN,new_data_scaled,0,2,0.14,11,0.0,0.0,0.0
DBSCAN,new_data_scaled,0,2,0.14,12,0.0,0.0,0.0
DBSCAN,new_data_scaled,0,2,0.14,13,0.0,0.0,0.0
DBSCAN,new_data_scaled,0,2,0.14,14,0.0,0.0,0.0
DBSCAN,new_data_scaled,0,2,0.14,15,0.0,0.0,0.0
DBSCAN,new_data_scaled,0,2,0.14,16,0.0,0.0,0.0
DBSCAN,new_data_scaled,0,2,0.14,17,0.0,0.0,0.0
DBSCAN,new_data_scaled,0,2,0.14,18,0.0,0.0,0.0
DBSCAN,new_data_scaled,0,2,0.14,19,2.726276299387268e-05,0.00042247193537558916,0.00044973469836946184
DBSCAN,new_data_scaled,0,2,0.14,20,2.726276299387268e-05,0.00042247193537558916,0.00044973469836946184
DBSCAN,new_data_scaled,0,2,0.15,2,0.0,0.0,0.0
DBSCAN,new_data_scaled,0,2,0.15,3,0.0,0.0,0.0
DBSCAN,new_data_scaled,0,2,0.15,4,0.0,0.0,0.0
DBSCAN,new_data_scaled,0,2,0.15,5,0.0,0.0,0.0
DBSCAN,new_data_scaled,0,2,0.15,6,0.0,0.0,0.0
DBSCAN,new_data_scaled,0,2,0.15,7,0.0,0.0,0.0
DBSCAN,new_data_scaled,0,2,0.15,8,0.0,0.0,0.0
DBSCAN,new_data_scaled,0,2,0.15,9,0.0,0.0,0.0
DBSCAN,new_data_scaled,0,2,0.15,10,0.0,0.0,0.0
DBSCAN,new_data_scaled,0,2,0.15,11,0.0,0.0,0.0
DBSCAN,new_data_scaled,0,2,0.15,12,0.0,0.0,0.0
DBSCAN,new_data_scaled,0,2,0.15,13,0.0,0.0,0.0
DBSCAN,new_data_scaled,0,2,0.15,14,0.0,0.0,0.0
DBSCAN,new_data_scaled,0,2,0.15,15,0.0,0.0,0.0
DBSCAN,new_data_scaled,0,2,0.15,16,0.0,0.0,0.0
DBSCAN,new_data_scaled,0,2,0.15,17,0.0,0.0,0.0
DBSCAN,new_data_scaled,0,2,0.15,18,0.0,0.0,0.0
DBSCAN,new_data_scaled,0,2,0.15,19,0.0,0.0,0.0
DBSCAN,new_data_scaled,0,2,0.15,20,0.0,0.0,0.0
DBSCAN,new_data_scaled,0,2,0.16,2,0.0,0.0,0.0
DBSCAN,new_data_scaled,0,2,0.16,3,0.0,0.0,0.0
DBSCAN,new_data_scaled,0,2,0.16,4,0.0,0.0,0.0
DBSCAN,new_data_scaled,0,2,0.16,5,0.0,0.0,0.0
DBSCAN,new_data_scaled,0,2,0.16,6,0.0,0.0,0.0
DBSCAN,new_data_scaled,0,2,0.16,7,0.0,0.0,0.0
DBSCAN,new_data_scaled,0,2,0.16,8,0.0,0.0,0.0
DBSCAN,new_data_scaled,0,2,0.16,9,0.0,0.0,0.0
DBSCAN,new_data_scaled,0,2,0.16,10,0.0,0.0,0.0
DBSCAN,new_data_scaled,0,2,0.16,11,0.0,0.0,0.0
DBSCAN,new_data_scaled,0,2,0.16,12,0.0,0.0,0.0
DBSCAN,new_data_scaled,0,2,0.16,13,0.0,0.0,0.0
DBSCAN,new_data_scaled,0,2,0.16,14,0.0,0.0,0.0
DBSCAN,new_data_scaled,0,2,0.16,15,0.0,0.0,0.0
DBSCAN,new_data_scaled,0,2,0.16,16,0.0,0.0,0.0
DBSCAN,new_data_scaled,0,2,0.16,17,0.0,0.0,0.0
DBSCAN,new_data_scaled,0,2,0.16,18,0.0,0.0,0.0
DBSCAN,new_data_scaled,0,2,0.16,19,0.0,0.0,0.0
DBSCAN,new_data_scaled,0,2,0.16,20,0.0,0.0,0.0
DBSCAN,new_data_scaled,0,2,0.17,2,0.0,0.0,0.0
DBSCAN,new_data_scaled,0,2,0.17,3,0.0,0.0,0.0
DBSCAN,new_data_scaled,0,2,0.17,4,0.0,0.0,0.0
DBSCAN,new_data_scaled,0,2,0.17,5,0.0,0.0,0.0
DBSCAN,new_data_scaled,0,2,0.17,6,0.0,0.0,0.0
DBSCAN,new_data_scaled,0,2,0.17,7,0.0,0.0,0.0
DBSCAN,new_data_scaled,0,2,0.17,8,0.0,0.0,0.0
DBSCAN,new_data_scaled,0,2,0.17,9,0.0,0.0,0.0
DBSCAN,new_data_scaled,0,2,0.17,10,0.0,0.0,0.0
DBSCAN,new_data_scaled,0,2,0.17,11,0.0,0.0,0.0
DBSCAN,new_data_scaled,0,2,0.17,12,0.0,0.0,0.0
DBSCAN,new_data_scaled,0,2,0.17,13,0.0,0.0,0.0
DBSCAN,new_data_scaled,0,2,0.17,14,0.0,0.0,0.0
DBSCAN,new_data_scaled,0,2,0.17,15,0.0,0.0,0.0
DBSCAN,new_data_scaled,0,2,0.17,16,0.0,0.0,0.0
DBSCAN,new_data_scaled,0,2,0.17,17,0.0,0.0,0.0
DBSCAN,new_data_scaled,0,2,0.17,18,0.0,0.0,0.0
DBSCAN,new_data_scaled,0,2,0.17,19,0.0,0.0,0.0
DBSCAN,new_data_scaled,0,2,0.17,20,0.0,0.0,0.0
DBSCAN,new_data_scaled,0,2,0.18,2,0.0,0.0,0.0
DBSCAN,new_data_scaled,0,2,0.18,3,0.0,0.0,0.0
DBSCAN,new_data_scaled,0,2,0.18,4,0.0,0.0,0.0
DBSCAN,new_data_scaled,0,2,0.18,5,0.0,0.0,0.0
DBSCAN,new_data_scaled,0,2,0.18,6,0.0,0.0,0.0
DBSCAN,new_data_scaled,0,2,0.18,7,0.0,0.0,0.0
DBSCAN,new_data_scaled,0,2,0.18,8,0.0,0.0,0.0
DBSCAN,new_data_scaled,0,2,0.18,9,0.0,0.0,0.0
DBSCAN,new_data_scaled,0,2,0.18,10,0.0,0.0,0.0
DBSCAN,new_data_scaled,0,2,0.18,11,0.0,0.0,0.0
DBSCAN,new_data_scaled,0,2,0.18,12,0.0,0.0,0.0
DBSCAN,new_data_scaled,0,2,0.18,13,0.0,0.0,0.0
DBSCAN,new_data_scaled,0,2,0.18,14,0.0,0.0,0.0
DBSCAN,new_data_scaled,0,2,0.18,15,0.0,0.0,0.0
DBSCAN,new_data_scaled,0,2,0.18,16,0.0,0.0,0.0
DBSCAN,new_data_scaled,0,2,0.18,17,0.0,0.0,0.0
DBSCAN,new_data_scaled,0,2,0.18,18,0.0,0.0,0.0
DBSCAN,new_data_scaled,0,2,0.18,19,0.0,0.0,0.0
DBSCAN,new_data_scaled,0,2,0.18,20,0.0,0.0,0.0
DBSCAN,new_data_scaled,0,2,0.19,2,0.0,0.0,0.0
DBSCAN,new_data_scaled,0,2,0.19,3,0.0,0.0,0.0
DBSCAN,new_data_scaled,0,2,0.19,4,0.0,0.0,0.0
DBSCAN,new_data_scaled,0,2,0.19,5,0.0,0.0,0.0
DBSCAN,new_data_scaled,0,2,0.19,6,0.0,0.0,0.0
DBSCAN,new_data_scaled,0,2,0.19,7,0.0,0.0,0.0
DBSCAN,new_data_scaled,0,2,0.19,8,0.0,0.0,0.0
DBSCAN,new_data_scaled,0,2,0.19,9,0.0,0.0,0.0
DBSCAN,new_data_scaled,0,2,0.19,10,0.0,0.0,0.0
DBSCAN,new_data_scaled,0,2,0.19,11,0.0,0.0,0.0
DBSCAN,new_data_scaled,0,2,0.19,12,0.0,0.0,0.0
DBSCAN,new_data_scaled,0,2,0.19,13,0.0,0.0,0.0
DBSCAN,new_data_scaled,0,2,0.19,14,0.0,0.0,0.0
DBSCAN,new_data_scaled,0,2,0.19,15,0.0,0.0,0.0
DBSCAN,new_data_scaled,0,2,0.19,16,0.0,0.0,0.0
DBSCAN,new_data_scaled,0,2,0.19,17,0.0,0.0,0.0
DBSCAN,new_data_scaled,0,2,0.19,18,0.0,0.0,0.0
DBSCAN,new_data_scaled,0,2,0.19,19,0.0,0.0,0.0
DBSCAN,new_data_scaled,0,2,0.19,20,0.0,0.0,0.0
DBSCAN,new_data_scaled,0,2,0.2,2,0.0,0.0,0.0
DBSCAN,new_data_scaled,0,2,0.2,3,0.0,0.0,0.0
DBSCAN,new_data_scaled,0,2,0.2,4,0.0,0.0,0.0
DBSCAN,new_data_scaled,0,2,0.2,5,0.0,0.0,0.0
DBSCAN,new_data_scaled,0,2,0.2,6,0.0,0.0,0.0
DBSCAN,new_data_scaled,0,2,0.2,7,0.0,0.0,0.0
DBSCAN,new_data_scaled,0,2,0.2,8,0.0,0.0,0.0
DBSCAN,new_data_scaled,0,2,0.2,9,0.0,0.0,0.0
DBSCAN,new_data_scaled,0,2,0.2,10,0.0,0.0,0.0
DBSCAN,new_data_scaled,0,2,0.2,11,0.0,0.0,0.0
DBSCAN,new_data_scaled,0,2,0.2,12,0.0,0.0,0.0
DBSCAN,new_data_scaled,0,2,0.2,13,0.0,0.0,0.0
DBSCAN,new_data_scaled,0,2,0.2,14,0.0,0.0,0.0
DBSCAN,new_data_scaled,0,2,0.2,15,0.0,0.0,0.0
DBSCAN,new_data_scaled,0,2,0.2,16,0.0,0.0,0.0
DBSCAN,new_data_scaled,0,2,0.2,17,0.0,0.0,0.0
DBSCAN,new_data_scaled,0,2,0.2,18,0.0,0.0,0.0
DBSCAN,new_data_scaled,0,2,0.2,19,0.0,0.0,0.0
DBSCAN,new_data_scaled,0,2,0.2,20,0.0,0.0,0.0
DBSCAN,new_data_scaled,0,2,0.25,2,0.0,0.0,0.0
DBSCAN,new_data_scaled,0,2,0.25,3,0.0,0.0,0.0
DBSCAN,new_data_scaled,0,2,0.25,4,0.0,0.0,0.0
DBSCAN,new_data_scaled,0,2,0.25,5,0.0,0.0,0.0
DBSCAN,new_data_scaled,0,2,0.25,6,0.0,0.0,0.0
DBSCAN,new_data_scaled,0,2,0.25,7,0.0,0.0,0.0
DBSCAN,new_data_scaled,0,2,0.25,8,0.0,0.0,0.0
DBSCAN,new_data_scaled,0,2,0.25,9,0.0,0.0,0.0
DBSCAN,new_data_scaled,0,2,0.25,10,0.0,0.0,0.0
DBSCAN,new_data_scaled,0,2,0.25,11,0.0,0.0,0.0
DBSCAN,new_data_scaled,0,2,0.25,12,0.0,0.0,0.0
DBSCAN,new_data_scaled,0,2,0.25,13,0.0,0.0,0.0
DBSCAN,new_data_scaled,0,2,0.25,14,0.0,0.0,0.0
DBSCAN,new_data_scaled,0,2,0.25,15,0.0,0.0,0.0
DBSCAN,new_data_scaled,0,2,0.25,16,0.0,0.0,0.0
DBSCAN,new_data_scaled,0,2,0.25,17,0.0,0.0,0.0
DBSCAN,new_data_scaled,0,2,0.25,18,0.0,0.0,0.0
DBSCAN,new_data_scaled,0,2,0.25,19,0.0,0.0,0.0
DBSCAN,new_data_scaled,0,2,0.25,20,0.0,0.0,0.0
DBSCAN,new_data_scaled,0,2,0.3,2,0.0,0.0,0.0
DBSCAN,new_data_scaled,0,2,0.3,3,0.0,0.0,0.0
DBSCAN,new_data_scaled,0,2,0.3,4,0.0,0.0,0.0
DBSCAN,new_data_scaled,0,2,0.3,5,0.0,0.0,0.0
DBSCAN,new_data_scaled,0,2,0.3,6,0.0,0.0,0.0
DBSCAN,new_data_scaled,0,2,0.3,7,0.0,0.0,0.0
DBSCAN,new_data_scaled,0,2,0.3,8,0.0,0.0,0.0
DBSCAN,new_data_scaled,0,2,0.3,9,0.0,0.0,0.0
DBSCAN,new_data_scaled,0,2,0.3,10,0.0,0.0,0.0
DBSCAN,new_data_scaled,0,2,0.3,11,0.0,0.0,0.0
DBSCAN,new_data_scaled,0,2,0.3,12,0.0,0.0,0.0
DBSCAN,new_data_scaled,0,2,0.3,13,0.0,0.0,0.0
DBSCAN,new_data_scaled,0,2,0.3,14,0.0,0.0,0.0
DBSCAN,new_data_scaled,0,2,0.3,15,0.0,0.0,0.0
DBSCAN,new_data_scaled,0,2,0.3,16,0.0,0.0,0.0
DBSCAN,new_data_scaled,0,2,0.3,17,0.0,0.0,0.0
DBSCAN,new_data_scaled,0,2,0.3,18,0.0,0.0,0.0
DBSCAN,new_data_scaled,0,2,0.3,19,0.0,0.0,0.0
DBSCAN,new_data_scaled,0,2,0.3,20,0.0,0.0,0.0
DBSCAN,new_data_scaled,0,2,0.35,2,0.0,0.0,0.0
DBSCAN,new_data_scaled,0,2,0.35,3,0.0,0.0,0.0
DBSCAN,new_data_scaled,0,2,0.35,4,0.0,0.0,0.0
DBSCAN,new_data_scaled,0,2,0.35,5,0.0,0.0,0.0
DBSCAN,new_data_scaled,0,2,0.35,6,0.0,0.0,0.0
DBSCAN,new_data_scaled,0,2,0.35,7,0.0,0.0,0.0
DBSCAN,new_data_scaled,0,2,0.35,8,0.0,0.0,0.0
DBSCAN,new_data_scaled,0,2,0.35,9,0.0,0.0,0.0
DBSCAN,new_data_scaled,0,2,0.35,10,0.0,0.0,0.0
DBSCAN,new_data_scaled,0,2,0.35,11,0.0,0.0,0.0
DBSCAN,new_data_scaled,0,2,0.35,12,0.0,0.0,0.0
DBSCAN,new_data_scaled,0,2,0.35,13,0.0,0.0,0.0
DBSCAN,new_data_scaled,0,2,0.35,14,0.0,0.0,0.0
DBSCAN,new_data_scaled,0,2,0.35,15,0.0,0.0,0.0
DBSCAN,new_data_scaled,0,2,0.35,16,0.0,0.0,0.0
DBSCAN,new_data_scaled,0,2,0.35,17,0.0,0.0,0.0
DBSCAN,new_data_scaled,0,2,0.35,18,0.0,0.0,0.0
DBSCAN,new_data_scaled,0,2,0.35,19,0.0,0.0,0.0
DBSCAN,new_data_scaled,0,2,0.35,20,0.0,0.0,0.0
DBSCAN,new_data_scaled,0,2,0.4,2,0.0,0.0,0.0
DBSCAN,new_data_scaled,0,2,0.4,3,0.0,0.0,0.0
DBSCAN,new_data_scaled,0,2,0.4,4,0.0,0.0,0.0
DBSCAN,new_data_scaled,0,2,0.4,5,0.0,0.0,0.0
DBSCAN,new_data_scaled,0,2,0.4,6,0.0,0.0,0.0
DBSCAN,new_data_scaled,0,2,0.4,7,0.0,0.0,0.0
DBSCAN,new_data_scaled,0,2,0.4,8,0.0,0.0,0.0
DBSCAN,new_data_scaled,0,2,0.4,9,0.0,0.0,0.0
DBSCAN,new_data_scaled,0,2,0.4,10,0.0,0.0,0.0
DBSCAN,new_data_scaled,0,2,0.4,11,0.0,0.0,0.0
DBSCAN,new_data_scaled,0,2,0.4,12,0.0,0.0,0.0
DBSCAN,new_data_scaled,0,2,0.4,13,0.0,0.0,0.0
DBSCAN,new_data_scaled,0,2,0.4,14,0.0,0.0,0.0
DBSCAN,new_data_scaled,0,2,0.4,15,0.0,0.0,0.0
DBSCAN,new_data_scaled,0,2,0.4,16,0.0,0.0,0.0
DBSCAN,new_data_scaled,0,2,0.4,17,0.0,0.0,0.0
DBSCAN,new_data_scaled,0,2,0.4,18,0.0,0.0,0.0
DBSCAN,new_data_scaled,0,2,0.4,19,0.0,0.0,0.0
DBSCAN,new_data_scaled,0,2,0.4,20,0.0,0.0,0.0
