name,prefix,seed,dim,cluster_loss_weight,dip_merge_threshold,embedding_size,n_clusters_init,max_n_clusters,ari,nmi,sum
DipDECK,new_data_scaled,6,2,1,0.75,2,2,10,0.23258338715646265,0.4042342626572797,0.6368176498137423
DipDECK,new_data_scaled,6,2,1,0.75,2,2,15,0.23258338715646265,0.4042342626572797,0.6368176498137423
DipDECK,new_data_scaled,6,2,1,0.75,2,2,20,0.23258338715646265,0.4042342626572797,0.6368176498137423
DipDECK,new_data_scaled,6,2,1,0.75,2,2,25,0.23258338715646265,0.4042342626572797,0.6368176498137423
DipDECK,new_data_scaled,6,2,1,0.75,2,2,30,0.23258338715646265,0.4042342626572797,0.6368176498137423
DipDECK,new_data_scaled,6,2,1,0.75,2,2,35,0.23258338715646265,0.4042342626572797,0.6368176498137423
DipDECK,new_data_scaled,6,2,1,0.75,2,5,10,0.5372266668588923,0.6628032383840783,1.2000299052429706
DipDECK,new_data_scaled,6,2,1,0.75,2,5,15,0.5372266668588923,0.6628032383840783,1.2000299052429706
DipDECK,new_data_scaled,6,2,1,0.75,2,5,20,0.5372266668588923,0.6628032383840783,1.2000299052429706
DipDECK,new_data_scaled,6,2,1,0.75,2,5,25,0.5372266668588923,0.6628032383840783,1.2000299052429706
DipDECK,new_data_scaled,6,2,1,0.75,2,5,30,0.5372266668588923,0.6628032383840783,1.2000299052429706
DipDECK,new_data_scaled,6,2,1,0.75,2,5,35,0.5372266668588923,0.6628032383840783,1.2000299052429706
DipDECK,new_data_scaled,6,2,1,0.75,2,7,10,0.5236830506398303,0.6673157142693569,1.190998764909187
DipDECK,new_data_scaled,6,2,1,0.75,2,7,15,0.5236830506398303,0.6673157142693569,1.190998764909187
DipDECK,new_data_scaled,6,2,1,0.75,2,7,20,0.5236830506398303,0.6673157142693569,1.190998764909187
DipDECK,new_data_scaled,6,2,1,0.75,2,7,25,0.5236830506398303,0.6673157142693569,1.190998764909187
DipDECK,new_data_scaled,6,2,1,0.75,2,7,30,0.5236830506398303,0.6673157142693569,1.190998764909187
DipDECK,new_data_scaled,6,2,1,0.75,2,7,35,0.5236830506398303,0.6673157142693569,1.190998764909187
DipDECK,new_data_scaled,6,2,1,0.75,2,10,15,0.5049249096465053,0.6578004965854802,1.1627254062319854
DipDECK,new_data_scaled,6,2,1,0.75,2,10,20,0.5049249096465053,0.6578004965854802,1.1627254062319854
DipDECK,new_data_scaled,6,2,1,0.75,2,10,25,0.5049249096465053,0.6578004965854802,1.1627254062319854
DipDECK,new_data_scaled,6,2,1,0.75,2,10,30,0.5049249096465053,0.6578004965854802,1.1627254062319854
DipDECK,new_data_scaled,6,2,1,0.75,2,10,35,0.5049249096465053,0.6578004965854802,1.1627254062319854
DipDECK,new_data_scaled,6,2,1,0.75,2,15,20,0.4705188177846046,0.6155214094552571,1.0860402272398617
DipDECK,new_data_scaled,6,2,1,0.75,2,15,25,0.4705188177846046,0.6155214094552571,1.0860402272398617
DipDECK,new_data_scaled,6,2,1,0.75,2,15,30,0.4705188177846046,0.6155214094552571,1.0860402272398617
DipDECK,new_data_scaled,6,2,1,0.75,2,15,35,0.4705188177846046,0.6155214094552571,1.0860402272398617
DipDECK,new_data_scaled,6,2,1,0.8,2,2,10,0.23258338715646265,0.4042342626572797,0.6368176498137423
DipDECK,new_data_scaled,6,2,1,0.8,2,2,15,0.23258338715646265,0.4042342626572797,0.6368176498137423
DipDECK,new_data_scaled,6,2,1,0.8,2,2,20,0.23258338715646265,0.4042342626572797,0.6368176498137423
DipDECK,new_data_scaled,6,2,1,0.8,2,2,25,0.23258338715646265,0.4042342626572797,0.6368176498137423
DipDECK,new_data_scaled,6,2,1,0.8,2,2,30,0.23258338715646265,0.4042342626572797,0.6368176498137423
DipDECK,new_data_scaled,6,2,1,0.8,2,2,35,0.23258338715646265,0.4042342626572797,0.6368176498137423
DipDECK,new_data_scaled,6,2,1,0.8,2,5,10,0.5372266668588923,0.6628032383840783,1.2000299052429706
DipDECK,new_data_scaled,6,2,1,0.8,2,5,15,0.5372266668588923,0.6628032383840783,1.2000299052429706
DipDECK,new_data_scaled,6,2,1,0.8,2,5,20,0.5372266668588923,0.6628032383840783,1.2000299052429706
DipDECK,new_data_scaled,6,2,1,0.8,2,5,25,0.5372266668588923,0.6628032383840783,1.2000299052429706
DipDECK,new_data_scaled,6,2,1,0.8,2,5,30,0.5372266668588923,0.6628032383840783,1.2000299052429706
DipDECK,new_data_scaled,6,2,1,0.8,2,5,35,0.5372266668588923,0.6628032383840783,1.2000299052429706
DipDECK,new_data_scaled,6,2,1,0.8,2,7,10,0.5236830506398303,0.6673157142693569,1.190998764909187
DipDECK,new_data_scaled,6,2,1,0.8,2,7,15,0.5236830506398303,0.6673157142693569,1.190998764909187
DipDECK,new_data_scaled,6,2,1,0.8,2,7,20,0.5236830506398303,0.6673157142693569,1.190998764909187
DipDECK,new_data_scaled,6,2,1,0.8,2,7,25,0.5236830506398303,0.6673157142693569,1.190998764909187
DipDECK,new_data_scaled,6,2,1,0.8,2,7,30,0.5236830506398303,0.6673157142693569,1.190998764909187
DipDECK,new_data_scaled,6,2,1,0.8,2,7,35,0.5236830506398303,0.6673157142693569,1.190998764909187
DipDECK,new_data_scaled,6,2,1,0.8,2,10,15,0.5049249096465053,0.6578004965854802,1.1627254062319854
DipDECK,new_data_scaled,6,2,1,0.8,2,10,20,0.5049249096465053,0.6578004965854802,1.1627254062319854
DipDECK,new_data_scaled,6,2,1,0.8,2,10,25,0.5049249096465053,0.6578004965854802,1.1627254062319854
DipDECK,new_data_scaled,6,2,1,0.8,2,10,30,0.5049249096465053,0.6578004965854802,1.1627254062319854
DipDECK,new_data_scaled,6,2,1,0.8,2,10,35,0.5049249096465053,0.6578004965854802,1.1627254062319854
DipDECK,new_data_scaled,6,2,1,0.8,2,15,20,0.5124099677882101,0.6341994959229833,1.1466094637111934
DipDECK,new_data_scaled,6,2,1,0.8,2,15,25,0.5124099677882101,0.6341994959229833,1.1466094637111934
DipDECK,new_data_scaled,6,2,1,0.8,2,15,30,0.5124099677882101,0.6341994959229833,1.1466094637111934
DipDECK,new_data_scaled,6,2,1,0.8,2,15,35,0.5124099677882101,0.6341994959229833,1.1466094637111934
DipDECK,new_data_scaled,6,2,1,0.85,2,2,10,0.23258338715646265,0.4042342626572797,0.6368176498137423
DipDECK,new_data_scaled,6,2,1,0.85,2,2,15,0.23258338715646265,0.4042342626572797,0.6368176498137423
DipDECK,new_data_scaled,6,2,1,0.85,2,2,20,0.23258338715646265,0.4042342626572797,0.6368176498137423
DipDECK,new_data_scaled,6,2,1,0.85,2,2,25,0.23258338715646265,0.4042342626572797,0.6368176498137423
DipDECK,new_data_scaled,6,2,1,0.85,2,2,30,0.23258338715646265,0.4042342626572797,0.6368176498137423
DipDECK,new_data_scaled,6,2,1,0.85,2,2,35,0.23258338715646265,0.4042342626572797,0.6368176498137423
DipDECK,new_data_scaled,6,2,1,0.85,2,5,10,0.5372266668588923,0.6628032383840783,1.2000299052429706
DipDECK,new_data_scaled,6,2,1,0.85,2,5,15,0.5372266668588923,0.6628032383840783,1.2000299052429706
DipDECK,new_data_scaled,6,2,1,0.85,2,5,20,0.5372266668588923,0.6628032383840783,1.2000299052429706
DipDECK,new_data_scaled,6,2,1,0.85,2,5,25,0.5372266668588923,0.6628032383840783,1.2000299052429706
DipDECK,new_data_scaled,6,2,1,0.85,2,5,30,0.5372266668588923,0.6628032383840783,1.2000299052429706
DipDECK,new_data_scaled,6,2,1,0.85,2,5,35,0.5372266668588923,0.6628032383840783,1.2000299052429706
DipDECK,new_data_scaled,6,2,1,0.85,2,7,10,0.3982348847162413,0.5950339332485857,0.993268817964827
DipDECK,new_data_scaled,6,2,1,0.85,2,7,15,0.3982348847162413,0.5950339332485857,0.993268817964827
DipDECK,new_data_scaled,6,2,1,0.85,2,7,20,0.3982348847162413,0.5950339332485857,0.993268817964827
DipDECK,new_data_scaled,6,2,1,0.85,2,7,25,0.3982348847162413,0.5950339332485857,0.993268817964827
DipDECK,new_data_scaled,6,2,1,0.85,2,7,30,0.3982348847162413,0.5950339332485857,0.993268817964827
DipDECK,new_data_scaled,6,2,1,0.85,2,7,35,0.3982348847162413,0.5950339332485857,0.993268817964827
DipDECK,new_data_scaled,6,2,1,0.85,2,10,15,0.5178338342541369,0.6712528027455001,1.1890866369996371
DipDECK,new_data_scaled,6,2,1,0.85,2,10,20,0.5178338342541369,0.6712528027455001,1.1890866369996371
DipDECK,new_data_scaled,6,2,1,0.85,2,10,25,0.5178338342541369,0.6712528027455001,1.1890866369996371
DipDECK,new_data_scaled,6,2,1,0.85,2,10,30,0.5178338342541369,0.6712528027455001,1.1890866369996371
DipDECK,new_data_scaled,6,2,1,0.85,2,10,35,0.5178338342541369,0.6712528027455001,1.1890866369996371
DipDECK,new_data_scaled,6,2,1,0.85,2,15,20,0.4780925210675531,0.648041298389758,1.1261338194573112
DipDECK,new_data_scaled,6,2,1,0.85,2,15,25,0.4780925210675531,0.648041298389758,1.1261338194573112
DipDECK,new_data_scaled,6,2,1,0.85,2,15,30,0.4780925210675531,0.648041298389758,1.1261338194573112
DipDECK,new_data_scaled,6,2,1,0.85,2,15,35,0.4780925210675531,0.648041298389758,1.1261338194573112
DipDECK,new_data_scaled,6,2,1,0.9,2,2,10,0.23258338715646265,0.4042342626572797,0.6368176498137423
DipDECK,new_data_scaled,6,2,1,0.9,2,2,15,0.23258338715646265,0.4042342626572797,0.6368176498137423
DipDECK,new_data_scaled,6,2,1,0.9,2,2,20,0.23258338715646265,0.4042342626572797,0.6368176498137423
DipDECK,new_data_scaled,6,2,1,0.9,2,2,25,0.23258338715646265,0.4042342626572797,0.6368176498137423
DipDECK,new_data_scaled,6,2,1,0.9,2,2,30,0.23258338715646265,0.4042342626572797,0.6368176498137423
DipDECK,new_data_scaled,6,2,1,0.9,2,2,35,0.23258338715646265,0.4042342626572797,0.6368176498137423
DipDECK,new_data_scaled,6,2,1,0.9,2,5,10,0.5372266668588923,0.6628032383840783,1.2000299052429706
DipDECK,new_data_scaled,6,2,1,0.9,2,5,15,0.5372266668588923,0.6628032383840783,1.2000299052429706
DipDECK,new_data_scaled,6,2,1,0.9,2,5,20,0.5372266668588923,0.6628032383840783,1.2000299052429706
DipDECK,new_data_scaled,6,2,1,0.9,2,5,25,0.5372266668588923,0.6628032383840783,1.2000299052429706
DipDECK,new_data_scaled,6,2,1,0.9,2,5,30,0.5372266668588923,0.6628032383840783,1.2000299052429706
DipDECK,new_data_scaled,6,2,1,0.9,2,5,35,0.5372266668588923,0.6628032383840783,1.2000299052429706
DipDECK,new_data_scaled,6,2,1,0.9,2,7,10,0.3982348847162413,0.5950339332485857,0.993268817964827
DipDECK,new_data_scaled,6,2,1,0.9,2,7,15,0.3982348847162413,0.5950339332485857,0.993268817964827
DipDECK,new_data_scaled,6,2,1,0.9,2,7,20,0.3982348847162413,0.5950339332485857,0.993268817964827
DipDECK,new_data_scaled,6,2,1,0.9,2,7,25,0.3982348847162413,0.5950339332485857,0.993268817964827
DipDECK,new_data_scaled,6,2,1,0.9,2,7,30,0.3982348847162413,0.5950339332485857,0.993268817964827
DipDECK,new_data_scaled,6,2,1,0.9,2,7,35,0.3982348847162413,0.5950339332485857,0.993268817964827
DipDECK,new_data_scaled,6,2,1,0.9,2,10,15,0.6219101046298493,0.6897080031268282,1.3116181077566775
DipDECK,new_data_scaled,6,2,1,0.9,2,10,20,0.6219101046298493,0.6897080031268282,1.3116181077566775
DipDECK,new_data_scaled,6,2,1,0.9,2,10,25,0.6219101046298493,0.6897080031268282,1.3116181077566775
DipDECK,new_data_scaled,6,2,1,0.9,2,10,30,0.6219101046298493,0.6897080031268282,1.3116181077566775
DipDECK,new_data_scaled,6,2,1,0.9,2,10,35,0.6219101046298493,0.6897080031268282,1.3116181077566775
DipDECK,new_data_scaled,6,2,1,0.9,2,15,20,0.578605705883045,0.6716577150215027,1.2502634209045478
DipDECK,new_data_scaled,6,2,1,0.9,2,15,25,0.578605705883045,0.6716577150215027,1.2502634209045478
DipDECK,new_data_scaled,6,2,1,0.9,2,15,30,0.578605705883045,0.6716577150215027,1.2502634209045478
DipDECK,new_data_scaled,6,2,1,0.9,2,15,35,0.578605705883045,0.6716577150215027,1.2502634209045478
DipDECK,new_data_scaled,6,2,1,0.95,2,2,10,0.23258338715646265,0.4042342626572797,0.6368176498137423
DipDECK,new_data_scaled,6,2,1,0.95,2,2,15,0.23258338715646265,0.4042342626572797,0.6368176498137423
DipDECK,new_data_scaled,6,2,1,0.95,2,2,20,0.23258338715646265,0.4042342626572797,0.6368176498137423
DipDECK,new_data_scaled,6,2,1,0.95,2,2,25,0.23258338715646265,0.4042342626572797,0.6368176498137423
DipDECK,new_data_scaled,6,2,1,0.95,2,2,30,0.23258338715646265,0.4042342626572797,0.6368176498137423
DipDECK,new_data_scaled,6,2,1,0.95,2,2,35,0.23258338715646265,0.4042342626572797,0.6368176498137423
DipDECK,new_data_scaled,6,2,1,0.95,2,5,10,0.5372266668588923,0.6628032383840783,1.2000299052429706
DipDECK,new_data_scaled,6,2,1,0.95,2,5,15,0.5372266668588923,0.6628032383840783,1.2000299052429706
DipDECK,new_data_scaled,6,2,1,0.95,2,5,20,0.5372266668588923,0.6628032383840783,1.2000299052429706
DipDECK,new_data_scaled,6,2,1,0.95,2,5,25,0.5372266668588923,0.6628032383840783,1.2000299052429706
DipDECK,new_data_scaled,6,2,1,0.95,2,5,30,0.5372266668588923,0.6628032383840783,1.2000299052429706
DipDECK,new_data_scaled,6,2,1,0.95,2,5,35,0.5372266668588923,0.6628032383840783,1.2000299052429706
DipDECK,new_data_scaled,6,2,1,0.95,2,7,10,0.5970963986255677,0.6866416749360298,1.2837380735615975
DipDECK,new_data_scaled,6,2,1,0.95,2,7,15,0.5970963986255677,0.6866416749360298,1.2837380735615975
DipDECK,new_data_scaled,6,2,1,0.95,2,7,20,0.5970963986255677,0.6866416749360298,1.2837380735615975
DipDECK,new_data_scaled,6,2,1,0.95,2,7,25,0.5970963986255677,0.6866416749360298,1.2837380735615975
DipDECK,new_data_scaled,6,2,1,0.95,2,7,30,0.5970963986255677,0.6866416749360298,1.2837380735615975
DipDECK,new_data_scaled,6,2,1,0.95,2,7,35,0.5970963986255677,0.6866416749360298,1.2837380735615975
DipDECK,new_data_scaled,6,2,1,0.95,2,10,15,0.5834415214012862,0.6845152743047092,1.2679567957059954
DipDECK,new_data_scaled,6,2,1,0.95,2,10,20,0.5834415214012862,0.6845152743047092,1.2679567957059954
DipDECK,new_data_scaled,6,2,1,0.95,2,10,25,0.5834415214012862,0.6845152743047092,1.2679567957059954
DipDECK,new_data_scaled,6,2,1,0.95,2,10,30,0.5834415214012862,0.6845152743047092,1.2679567957059954
DipDECK,new_data_scaled,6,2,1,0.95,2,10,35,0.5834415214012862,0.6845152743047092,1.2679567957059954
DipDECK,new_data_scaled,6,2,1,0.95,2,15,20,0.5394006774168154,0.6597477463147059,1.1991484237315213
DipDECK,new_data_scaled,6,2,1,0.95,2,15,25,0.5394006774168154,0.6597477463147059,1.1991484237315213
DipDECK,new_data_scaled,6,2,1,0.95,2,15,30,0.5394006774168154,0.6597477463147059,1.1991484237315213
DipDECK,new_data_scaled,6,2,1,0.95,2,15,35,0.5394006774168154,0.6597477463147059,1.1991484237315213
DipDECK,new_data_scaled,6,2,0.1,0.75,2,2,10,0.2316444956380874,0.39924455202589,0.6308890476639774
DipDECK,new_data_scaled,6,2,0.1,0.75,2,2,15,0.2316444956380874,0.39924455202589,0.6308890476639774
DipDECK,new_data_scaled,6,2,0.1,0.75,2,2,20,0.2316444956380874,0.39924455202589,0.6308890476639774
DipDECK,new_data_scaled,6,2,0.1,0.75,2,2,25,0.2316444956380874,0.39924455202589,0.6308890476639774
DipDECK,new_data_scaled,6,2,0.1,0.75,2,2,30,0.2316444956380874,0.39924455202589,0.6308890476639774
DipDECK,new_data_scaled,6,2,0.1,0.75,2,2,35,0.2316444956380874,0.39924455202589,0.6308890476639774
DipDECK,new_data_scaled,6,2,0.1,0.75,2,5,10,0.5121701700526213,0.6432927848172338,1.1554629548698552
DipDECK,new_data_scaled,6,2,0.1,0.75,2,5,15,0.5121701700526213,0.6432927848172338,1.1554629548698552
DipDECK,new_data_scaled,6,2,0.1,0.75,2,5,20,0.5121701700526213,0.6432927848172338,1.1554629548698552
DipDECK,new_data_scaled,6,2,0.1,0.75,2,5,25,0.5121701700526213,0.6432927848172338,1.1554629548698552
DipDECK,new_data_scaled,6,2,0.1,0.75,2,5,30,0.5121701700526213,0.6432927848172338,1.1554629548698552
DipDECK,new_data_scaled,6,2,0.1,0.75,2,5,35,0.5121701700526213,0.6432927848172338,1.1554629548698552
DipDECK,new_data_scaled,6,2,0.1,0.75,2,7,10,0.45437281522806044,0.6137721335311193,1.0681449487591796
DipDECK,new_data_scaled,6,2,0.1,0.75,2,7,15,0.45437281522806044,0.6137721335311193,1.0681449487591796
DipDECK,new_data_scaled,6,2,0.1,0.75,2,7,20,0.45437281522806044,0.6137721335311193,1.0681449487591796
DipDECK,new_data_scaled,6,2,0.1,0.75,2,7,25,0.45437281522806044,0.6137721335311193,1.0681449487591796
DipDECK,new_data_scaled,6,2,0.1,0.75,2,7,30,0.45437281522806044,0.6137721335311193,1.0681449487591796
DipDECK,new_data_scaled,6,2,0.1,0.75,2,7,35,0.45437281522806044,0.6137721335311193,1.0681449487591796
DipDECK,new_data_scaled,6,2,0.1,0.75,2,10,15,0.5631789066470341,0.6710483725427608,1.234227279189795
DipDECK,new_data_scaled,6,2,0.1,0.75,2,10,20,0.5631789066470341,0.6710483725427608,1.234227279189795
DipDECK,new_data_scaled,6,2,0.1,0.75,2,10,25,0.5631789066470341,0.6710483725427608,1.234227279189795
DipDECK,new_data_scaled,6,2,0.1,0.75,2,10,30,0.5631789066470341,0.6710483725427608,1.234227279189795
DipDECK,new_data_scaled,6,2,0.1,0.75,2,10,35,0.5631789066470341,0.6710483725427608,1.234227279189795
DipDECK,new_data_scaled,6,2,0.1,0.75,2,15,20,0.5360358685928799,0.6770409731753197,1.2130768417681996
DipDECK,new_data_scaled,6,2,0.1,0.75,2,15,25,0.5360358685928799,0.6770409731753197,1.2130768417681996
DipDECK,new_data_scaled,6,2,0.1,0.75,2,15,30,0.5360358685928799,0.6770409731753197,1.2130768417681996
DipDECK,new_data_scaled,6,2,0.1,0.75,2,15,35,0.5360358685928799,0.6770409731753197,1.2130768417681996
DipDECK,new_data_scaled,6,2,0.1,0.8,2,2,10,0.2316444956380874,0.39924455202589,0.6308890476639774
DipDECK,new_data_scaled,6,2,0.1,0.8,2,2,15,0.2316444956380874,0.39924455202589,0.6308890476639774
DipDECK,new_data_scaled,6,2,0.1,0.8,2,2,20,0.2316444956380874,0.39924455202589,0.6308890476639774
DipDECK,new_data_scaled,6,2,0.1,0.8,2,2,25,0.2316444956380874,0.39924455202589,0.6308890476639774
DipDECK,new_data_scaled,6,2,0.1,0.8,2,2,30,0.2316444956380874,0.39924455202589,0.6308890476639774
DipDECK,new_data_scaled,6,2,0.1,0.8,2,2,35,0.2316444956380874,0.39924455202589,0.6308890476639774
DipDECK,new_data_scaled,6,2,0.1,0.8,2,5,10,0.5121701700526213,0.6432927848172338,1.1554629548698552
DipDECK,new_data_scaled,6,2,0.1,0.8,2,5,15,0.5121701700526213,0.6432927848172338,1.1554629548698552
DipDECK,new_data_scaled,6,2,0.1,0.8,2,5,20,0.5121701700526213,0.6432927848172338,1.1554629548698552
DipDECK,new_data_scaled,6,2,0.1,0.8,2,5,25,0.5121701700526213,0.6432927848172338,1.1554629548698552
DipDECK,new_data_scaled,6,2,0.1,0.8,2,5,30,0.5121701700526213,0.6432927848172338,1.1554629548698552
DipDECK,new_data_scaled,6,2,0.1,0.8,2,5,35,0.5121701700526213,0.6432927848172338,1.1554629548698552
DipDECK,new_data_scaled,6,2,0.1,0.8,2,7,10,0.45437281522806044,0.6137721335311193,1.0681449487591796
DipDECK,new_data_scaled,6,2,0.1,0.8,2,7,15,0.45437281522806044,0.6137721335311193,1.0681449487591796
DipDECK,new_data_scaled,6,2,0.1,0.8,2,7,20,0.45437281522806044,0.6137721335311193,1.0681449487591796
DipDECK,new_data_scaled,6,2,0.1,0.8,2,7,25,0.45437281522806044,0.6137721335311193,1.0681449487591796
DipDECK,new_data_scaled,6,2,0.1,0.8,2,7,30,0.45437281522806044,0.6137721335311193,1.0681449487591796
DipDECK,new_data_scaled,6,2,0.1,0.8,2,7,35,0.45437281522806044,0.6137721335311193,1.0681449487591796
DipDECK,new_data_scaled,6,2,0.1,0.8,2,10,15,0.5631789066470341,0.6710483725427608,1.234227279189795
DipDECK,new_data_scaled,6,2,0.1,0.8,2,10,20,0.5631789066470341,0.6710483725427608,1.234227279189795
DipDECK,new_data_scaled,6,2,0.1,0.8,2,10,25,0.5631789066470341,0.6710483725427608,1.234227279189795
DipDECK,new_data_scaled,6,2,0.1,0.8,2,10,30,0.5631789066470341,0.6710483725427608,1.234227279189795
DipDECK,new_data_scaled,6,2,0.1,0.8,2,10,35,0.5631789066470341,0.6710483725427608,1.234227279189795
DipDECK,new_data_scaled,6,2,0.1,0.8,2,15,20,0.5482101005680937,0.6872014181055985,1.2354115186736923
DipDECK,new_data_scaled,6,2,0.1,0.8,2,15,25,0.5482101005680937,0.6872014181055985,1.2354115186736923
DipDECK,new_data_scaled,6,2,0.1,0.8,2,15,30,0.5482101005680937,0.6872014181055985,1.2354115186736923
DipDECK,new_data_scaled,6,2,0.1,0.8,2,15,35,0.5482101005680937,0.6872014181055985,1.2354115186736923
DipDECK,new_data_scaled,6,2,0.1,0.85,2,2,10,0.2316444956380874,0.39924455202589,0.6308890476639774
DipDECK,new_data_scaled,6,2,0.1,0.85,2,2,15,0.2316444956380874,0.39924455202589,0.6308890476639774
DipDECK,new_data_scaled,6,2,0.1,0.85,2,2,20,0.2316444956380874,0.39924455202589,0.6308890476639774
DipDECK,new_data_scaled,6,2,0.1,0.85,2,2,25,0.2316444956380874,0.39924455202589,0.6308890476639774
DipDECK,new_data_scaled,6,2,0.1,0.85,2,2,30,0.2316444956380874,0.39924455202589,0.6308890476639774
DipDECK,new_data_scaled,6,2,0.1,0.85,2,2,35,0.2316444956380874,0.39924455202589,0.6308890476639774
DipDECK,new_data_scaled,6,2,0.1,0.85,2,5,10,0.5121701700526213,0.6432927848172338,1.1554629548698552
DipDECK,new_data_scaled,6,2,0.1,0.85,2,5,15,0.5121701700526213,0.6432927848172338,1.1554629548698552
DipDECK,new_data_scaled,6,2,0.1,0.85,2,5,20,0.5121701700526213,0.6432927848172338,1.1554629548698552
DipDECK,new_data_scaled,6,2,0.1,0.85,2,5,25,0.5121701700526213,0.6432927848172338,1.1554629548698552
DipDECK,new_data_scaled,6,2,0.1,0.85,2,5,30,0.5121701700526213,0.6432927848172338,1.1554629548698552
DipDECK,new_data_scaled,6,2,0.1,0.85,2,5,35,0.5121701700526213,0.6432927848172338,1.1554629548698552
DipDECK,new_data_scaled,6,2,0.1,0.85,2,7,10,0.5881098485129231,0.6854467791406166,1.2735566276535397
DipDECK,new_data_scaled,6,2,0.1,0.85,2,7,15,0.5881098485129231,0.6854467791406166,1.2735566276535397
DipDECK,new_data_scaled,6,2,0.1,0.85,2,7,20,0.5881098485129231,0.6854467791406166,1.2735566276535397
DipDECK,new_data_scaled,6,2,0.1,0.85,2,7,25,0.5881098485129231,0.6854467791406166,1.2735566276535397
DipDECK,new_data_scaled,6,2,0.1,0.85,2,7,30,0.5881098485129231,0.6854467791406166,1.2735566276535397
DipDECK,new_data_scaled,6,2,0.1,0.85,2,7,35,0.5881098485129231,0.6854467791406166,1.2735566276535397
DipDECK,new_data_scaled,6,2,0.1,0.85,2,10,15,0.4988982115902447,0.6590035758049879,1.1579017873952326
DipDECK,new_data_scaled,6,2,0.1,0.85,2,10,20,0.4988982115902447,0.6590035758049879,1.1579017873952326
DipDECK,new_data_scaled,6,2,0.1,0.85,2,10,25,0.4988982115902447,0.6590035758049879,1.1579017873952326
DipDECK,new_data_scaled,6,2,0.1,0.85,2,10,30,0.4988982115902447,0.6590035758049879,1.1579017873952326
DipDECK,new_data_scaled,6,2,0.1,0.85,2,10,35,0.4988982115902447,0.6590035758049879,1.1579017873952326
DipDECK,new_data_scaled,6,2,0.1,0.85,2,15,20,0.5148382968596468,0.6592906756633409,1.1741289725229875
DipDECK,new_data_scaled,6,2,0.1,0.85,2,15,25,0.5148382968596468,0.6592906756633409,1.1741289725229875
DipDECK,new_data_scaled,6,2,0.1,0.85,2,15,30,0.5148382968596468,0.6592906756633409,1.1741289725229875
DipDECK,new_data_scaled,6,2,0.1,0.85,2,15,35,0.5148382968596468,0.6592906756633409,1.1741289725229875
DipDECK,new_data_scaled,6,2,0.1,0.9,2,2,10,0.2316444956380874,0.39924455202589,0.6308890476639774
DipDECK,new_data_scaled,6,2,0.1,0.9,2,2,15,0.2316444956380874,0.39924455202589,0.6308890476639774
DipDECK,new_data_scaled,6,2,0.1,0.9,2,2,20,0.2316444956380874,0.39924455202589,0.6308890476639774
DipDECK,new_data_scaled,6,2,0.1,0.9,2,2,25,0.2316444956380874,0.39924455202589,0.6308890476639774
DipDECK,new_data_scaled,6,2,0.1,0.9,2,2,30,0.2316444956380874,0.39924455202589,0.6308890476639774
DipDECK,new_data_scaled,6,2,0.1,0.9,2,2,35,0.2316444956380874,0.39924455202589,0.6308890476639774
DipDECK,new_data_scaled,6,2,0.1,0.9,2,5,10,0.5121701700526213,0.6432927848172338,1.1554629548698552
DipDECK,new_data_scaled,6,2,0.1,0.9,2,5,15,0.5121701700526213,0.6432927848172338,1.1554629548698552
DipDECK,new_data_scaled,6,2,0.1,0.9,2,5,20,0.5121701700526213,0.6432927848172338,1.1554629548698552
DipDECK,new_data_scaled,6,2,0.1,0.9,2,5,25,0.5121701700526213,0.6432927848172338,1.1554629548698552
DipDECK,new_data_scaled,6,2,0.1,0.9,2,5,30,0.5121701700526213,0.6432927848172338,1.1554629548698552
DipDECK,new_data_scaled,6,2,0.1,0.9,2,5,35,0.5121701700526213,0.6432927848172338,1.1554629548698552
DipDECK,new_data_scaled,6,2,0.1,0.9,2,7,10,0.5881098485129231,0.6854467791406166,1.2735566276535397
DipDECK,new_data_scaled,6,2,0.1,0.9,2,7,15,0.5881098485129231,0.6854467791406166,1.2735566276535397
DipDECK,new_data_scaled,6,2,0.1,0.9,2,7,20,0.5881098485129231,0.6854467791406166,1.2735566276535397
DipDECK,new_data_scaled,6,2,0.1,0.9,2,7,25,0.5881098485129231,0.6854467791406166,1.2735566276535397
DipDECK,new_data_scaled,6,2,0.1,0.9,2,7,30,0.5881098485129231,0.6854467791406166,1.2735566276535397
DipDECK,new_data_scaled,6,2,0.1,0.9,2,7,35,0.5881098485129231,0.6854467791406166,1.2735566276535397
DipDECK,new_data_scaled,6,2,0.1,0.9,2,10,15,0.4988982115902447,0.6590035758049879,1.1579017873952326
DipDECK,new_data_scaled,6,2,0.1,0.9,2,10,20,0.4988982115902447,0.6590035758049879,1.1579017873952326
DipDECK,new_data_scaled,6,2,0.1,0.9,2,10,25,0.4988982115902447,0.6590035758049879,1.1579017873952326
DipDECK,new_data_scaled,6,2,0.1,0.9,2,10,30,0.4988982115902447,0.6590035758049879,1.1579017873952326
DipDECK,new_data_scaled,6,2,0.1,0.9,2,10,35,0.4988982115902447,0.6590035758049879,1.1579017873952326
DipDECK,new_data_scaled,6,2,0.1,0.9,2,15,20,0.5371417132302169,0.676790984270522,1.2139326975007387
DipDECK,new_data_scaled,6,2,0.1,0.9,2,15,25,0.5371417132302169,0.676790984270522,1.2139326975007387
DipDECK,new_data_scaled,6,2,0.1,0.9,2,15,30,0.5371417132302169,0.676790984270522,1.2139326975007387
DipDECK,new_data_scaled,6,2,0.1,0.9,2,15,35,0.5371417132302169,0.676790984270522,1.2139326975007387
DipDECK,new_data_scaled,6,2,0.1,0.95,2,2,10,0.2316444956380874,0.39924455202589,0.6308890476639774
DipDECK,new_data_scaled,6,2,0.1,0.95,2,2,15,0.2316444956380874,0.39924455202589,0.6308890476639774
DipDECK,new_data_scaled,6,2,0.1,0.95,2,2,20,0.2316444956380874,0.39924455202589,0.6308890476639774
DipDECK,new_data_scaled,6,2,0.1,0.95,2,2,25,0.2316444956380874,0.39924455202589,0.6308890476639774
DipDECK,new_data_scaled,6,2,0.1,0.95,2,2,30,0.2316444956380874,0.39924455202589,0.6308890476639774
DipDECK,new_data_scaled,6,2,0.1,0.95,2,2,35,0.2316444956380874,0.39924455202589,0.6308890476639774
DipDECK,new_data_scaled,6,2,0.1,0.95,2,5,10,0.5121701700526213,0.6432927848172338,1.1554629548698552
DipDECK,new_data_scaled,6,2,0.1,0.95,2,5,15,0.5121701700526213,0.6432927848172338,1.1554629548698552
DipDECK,new_data_scaled,6,2,0.1,0.95,2,5,20,0.5121701700526213,0.6432927848172338,1.1554629548698552
DipDECK,new_data_scaled,6,2,0.1,0.95,2,5,25,0.5121701700526213,0.6432927848172338,1.1554629548698552
DipDECK,new_data_scaled,6,2,0.1,0.95,2,5,30,0.5121701700526213,0.6432927848172338,1.1554629548698552
DipDECK,new_data_scaled,6,2,0.1,0.95,2,5,35,0.5121701700526213,0.6432927848172338,1.1554629548698552
DipDECK,new_data_scaled,6,2,0.1,0.95,2,7,10,0.5881098485129231,0.6854467791406166,1.2735566276535397
DipDECK,new_data_scaled,6,2,0.1,0.95,2,7,15,0.5881098485129231,0.6854467791406166,1.2735566276535397
DipDECK,new_data_scaled,6,2,0.1,0.95,2,7,20,0.5881098485129231,0.6854467791406166,1.2735566276535397
DipDECK,new_data_scaled,6,2,0.1,0.95,2,7,25,0.5881098485129231,0.6854467791406166,1.2735566276535397
DipDECK,new_data_scaled,6,2,0.1,0.95,2,7,30,0.5881098485129231,0.6854467791406166,1.2735566276535397
DipDECK,new_data_scaled,6,2,0.1,0.95,2,7,35,0.5881098485129231,0.6854467791406166,1.2735566276535397
DipDECK,new_data_scaled,6,2,0.1,0.95,2,10,15,0.5397336055146879,0.6763739655526263,1.2161075710673142
DipDECK,new_data_scaled,6,2,0.1,0.95,2,10,20,0.5397336055146879,0.6763739655526263,1.2161075710673142
DipDECK,new_data_scaled,6,2,0.1,0.95,2,10,25,0.5397336055146879,0.6763739655526263,1.2161075710673142
DipDECK,new_data_scaled,6,2,0.1,0.95,2,10,30,0.5397336055146879,0.6763739655526263,1.2161075710673142
DipDECK,new_data_scaled,6,2,0.1,0.95,2,10,35,0.5397336055146879,0.6763739655526263,1.2161075710673142
DipDECK,new_data_scaled,6,2,0.1,0.95,2,15,20,0.4635364780721571,0.6200868270660829,1.08362330513824
DipDECK,new_data_scaled,6,2,0.1,0.95,2,15,25,0.4635364780721571,0.6200868270660829,1.08362330513824
DipDECK,new_data_scaled,6,2,0.1,0.95,2,15,30,0.4635364780721571,0.6200868270660829,1.08362330513824
DipDECK,new_data_scaled,6,2,0.1,0.95,2,15,35,0.4635364780721571,0.6200868270660829,1.08362330513824
DipDECK,new_data_scaled,6,2,0.01,0.75,2,2,10,0.23057480226195307,0.39831375195488483,0.6288885542168379
DipDECK,new_data_scaled,6,2,0.01,0.75,2,2,15,0.23057480226195307,0.39831375195488483,0.6288885542168379
DipDECK,new_data_scaled,6,2,0.01,0.75,2,2,20,0.23057480226195307,0.39831375195488483,0.6288885542168379
DipDECK,new_data_scaled,6,2,0.01,0.75,2,2,25,0.23057480226195307,0.39831375195488483,0.6288885542168379
DipDECK,new_data_scaled,6,2,0.01,0.75,2,2,30,0.23057480226195307,0.39831375195488483,0.6288885542168379
DipDECK,new_data_scaled,6,2,0.01,0.75,2,2,35,0.23057480226195307,0.39831375195488483,0.6288885542168379
DipDECK,new_data_scaled,6,2,0.01,0.75,2,5,10,0.5173002525856496,0.6618031834080338,1.1791034359936834
DipDECK,new_data_scaled,6,2,0.01,0.75,2,5,15,0.5173002525856496,0.6618031834080338,1.1791034359936834
DipDECK,new_data_scaled,6,2,0.01,0.75,2,5,20,0.5173002525856496,0.6618031834080338,1.1791034359936834
DipDECK,new_data_scaled,6,2,0.01,0.75,2,5,25,0.5173002525856496,0.6618031834080338,1.1791034359936834
DipDECK,new_data_scaled,6,2,0.01,0.75,2,5,30,0.5173002525856496,0.6618031834080338,1.1791034359936834
DipDECK,new_data_scaled,6,2,0.01,0.75,2,5,35,0.5173002525856496,0.6618031834080338,1.1791034359936834
DipDECK,new_data_scaled,6,2,0.01,0.75,2,7,10,0.4925944631401481,0.6362977465485838,1.128892209688732
DipDECK,new_data_scaled,6,2,0.01,0.75,2,7,15,0.4925944631401481,0.6362977465485838,1.128892209688732
DipDECK,new_data_scaled,6,2,0.01,0.75,2,7,20,0.4925944631401481,0.6362977465485838,1.128892209688732
DipDECK,new_data_scaled,6,2,0.01,0.75,2,7,25,0.4925944631401481,0.6362977465485838,1.128892209688732
DipDECK,new_data_scaled,6,2,0.01,0.75,2,7,30,0.4925944631401481,0.6362977465485838,1.128892209688732
DipDECK,new_data_scaled,6,2,0.01,0.75,2,7,35,0.4925944631401481,0.6362977465485838,1.128892209688732
DipDECK,new_data_scaled,6,2,0.01,0.75,2,10,15,0.49447492428772766,0.6691872774208583,1.1636622017085858
DipDECK,new_data_scaled,6,2,0.01,0.75,2,10,20,0.49447492428772766,0.6691872774208583,1.1636622017085858
DipDECK,new_data_scaled,6,2,0.01,0.75,2,10,25,0.49447492428772766,0.6691872774208583,1.1636622017085858
DipDECK,new_data_scaled,6,2,0.01,0.75,2,10,30,0.49447492428772766,0.6691872774208583,1.1636622017085858
DipDECK,new_data_scaled,6,2,0.01,0.75,2,10,35,0.49447492428772766,0.6691872774208583,1.1636622017085858
DipDECK,new_data_scaled,6,2,0.01,0.75,2,15,20,0.5774525767004971,0.7081112064210291,1.285563783121526
DipDECK,new_data_scaled,6,2,0.01,0.75,2,15,25,0.5774525767004971,0.7081112064210291,1.285563783121526
DipDECK,new_data_scaled,6,2,0.01,0.75,2,15,30,0.5774525767004971,0.7081112064210291,1.285563783121526
DipDECK,new_data_scaled,6,2,0.01,0.75,2,15,35,0.5774525767004971,0.7081112064210291,1.285563783121526
DipDECK,new_data_scaled,6,2,0.01,0.8,2,2,10,0.23057480226195307,0.39831375195488483,0.6288885542168379
DipDECK,new_data_scaled,6,2,0.01,0.8,2,2,15,0.23057480226195307,0.39831375195488483,0.6288885542168379
DipDECK,new_data_scaled,6,2,0.01,0.8,2,2,20,0.23057480226195307,0.39831375195488483,0.6288885542168379
DipDECK,new_data_scaled,6,2,0.01,0.8,2,2,25,0.23057480226195307,0.39831375195488483,0.6288885542168379
DipDECK,new_data_scaled,6,2,0.01,0.8,2,2,30,0.23057480226195307,0.39831375195488483,0.6288885542168379
DipDECK,new_data_scaled,6,2,0.01,0.8,2,2,35,0.23057480226195307,0.39831375195488483,0.6288885542168379
DipDECK,new_data_scaled,6,2,0.01,0.8,2,5,10,0.5173002525856496,0.6618031834080338,1.1791034359936834
DipDECK,new_data_scaled,6,2,0.01,0.8,2,5,15,0.5173002525856496,0.6618031834080338,1.1791034359936834
DipDECK,new_data_scaled,6,2,0.01,0.8,2,5,20,0.5173002525856496,0.6618031834080338,1.1791034359936834
DipDECK,new_data_scaled,6,2,0.01,0.8,2,5,25,0.5173002525856496,0.6618031834080338,1.1791034359936834
DipDECK,new_data_scaled,6,2,0.01,0.8,2,5,30,0.5173002525856496,0.6618031834080338,1.1791034359936834
DipDECK,new_data_scaled,6,2,0.01,0.8,2,5,35,0.5173002525856496,0.6618031834080338,1.1791034359936834
DipDECK,new_data_scaled,6,2,0.01,0.8,2,7,10,0.4925944631401481,0.6362977465485838,1.128892209688732
DipDECK,new_data_scaled,6,2,0.01,0.8,2,7,15,0.4925944631401481,0.6362977465485838,1.128892209688732
DipDECK,new_data_scaled,6,2,0.01,0.8,2,7,20,0.4925944631401481,0.6362977465485838,1.128892209688732
DipDECK,new_data_scaled,6,2,0.01,0.8,2,7,25,0.4925944631401481,0.6362977465485838,1.128892209688732
DipDECK,new_data_scaled,6,2,0.01,0.8,2,7,30,0.4925944631401481,0.6362977465485838,1.128892209688732
DipDECK,new_data_scaled,6,2,0.01,0.8,2,7,35,0.4925944631401481,0.6362977465485838,1.128892209688732
DipDECK,new_data_scaled,6,2,0.01,0.8,2,10,15,0.49447492428772766,0.6691872774208583,1.1636622017085858
DipDECK,new_data_scaled,6,2,0.01,0.8,2,10,20,0.49447492428772766,0.6691872774208583,1.1636622017085858
DipDECK,new_data_scaled,6,2,0.01,0.8,2,10,25,0.49447492428772766,0.6691872774208583,1.1636622017085858
DipDECK,new_data_scaled,6,2,0.01,0.8,2,10,30,0.49447492428772766,0.6691872774208583,1.1636622017085858
DipDECK,new_data_scaled,6,2,0.01,0.8,2,10,35,0.49447492428772766,0.6691872774208583,1.1636622017085858
DipDECK,new_data_scaled,6,2,0.01,0.8,2,15,20,0.6040667008528328,0.6939419742198111,1.2980086750726438
DipDECK,new_data_scaled,6,2,0.01,0.8,2,15,25,0.6040667008528328,0.6939419742198111,1.2980086750726438
DipDECK,new_data_scaled,6,2,0.01,0.8,2,15,30,0.6040667008528328,0.6939419742198111,1.2980086750726438
DipDECK,new_data_scaled,6,2,0.01,0.8,2,15,35,0.6040667008528328,0.6939419742198111,1.2980086750726438
DipDECK,new_data_scaled,6,2,0.01,0.85,2,2,10,0.23057480226195307,0.39831375195488483,0.6288885542168379
DipDECK,new_data_scaled,6,2,0.01,0.85,2,2,15,0.23057480226195307,0.39831375195488483,0.6288885542168379
DipDECK,new_data_scaled,6,2,0.01,0.85,2,2,20,0.23057480226195307,0.39831375195488483,0.6288885542168379
DipDECK,new_data_scaled,6,2,0.01,0.85,2,2,25,0.23057480226195307,0.39831375195488483,0.6288885542168379
DipDECK,new_data_scaled,6,2,0.01,0.85,2,2,30,0.23057480226195307,0.39831375195488483,0.6288885542168379
DipDECK,new_data_scaled,6,2,0.01,0.85,2,2,35,0.23057480226195307,0.39831375195488483,0.6288885542168379
DipDECK,new_data_scaled,6,2,0.01,0.85,2,5,10,0.5173002525856496,0.6618031834080338,1.1791034359936834
DipDECK,new_data_scaled,6,2,0.01,0.85,2,5,15,0.5173002525856496,0.6618031834080338,1.1791034359936834
DipDECK,new_data_scaled,6,2,0.01,0.85,2,5,20,0.5173002525856496,0.6618031834080338,1.1791034359936834
DipDECK,new_data_scaled,6,2,0.01,0.85,2,5,25,0.5173002525856496,0.6618031834080338,1.1791034359936834
DipDECK,new_data_scaled,6,2,0.01,0.85,2,5,30,0.5173002525856496,0.6618031834080338,1.1791034359936834
DipDECK,new_data_scaled,6,2,0.01,0.85,2,5,35,0.5173002525856496,0.6618031834080338,1.1791034359936834
DipDECK,new_data_scaled,6,2,0.01,0.85,2,7,10,0.5187262161812866,0.6552647015416846,1.1739909177229713
DipDECK,new_data_scaled,6,2,0.01,0.85,2,7,15,0.5187262161812866,0.6552647015416846,1.1739909177229713
DipDECK,new_data_scaled,6,2,0.01,0.85,2,7,20,0.5187262161812866,0.6552647015416846,1.1739909177229713
DipDECK,new_data_scaled,6,2,0.01,0.85,2,7,25,0.5187262161812866,0.6552647015416846,1.1739909177229713
DipDECK,new_data_scaled,6,2,0.01,0.85,2,7,30,0.5187262161812866,0.6552647015416846,1.1739909177229713
DipDECK,new_data_scaled,6,2,0.01,0.85,2,7,35,0.5187262161812866,0.6552647015416846,1.1739909177229713
DipDECK,new_data_scaled,6,2,0.01,0.85,2,10,15,0.5457948047776062,0.6579775742483418,1.203772379025948
DipDECK,new_data_scaled,6,2,0.01,0.85,2,10,20,0.5457948047776062,0.6579775742483418,1.203772379025948
DipDECK,new_data_scaled,6,2,0.01,0.85,2,10,25,0.5457948047776062,0.6579775742483418,1.203772379025948
DipDECK,new_data_scaled,6,2,0.01,0.85,2,10,30,0.5457948047776062,0.6579775742483418,1.203772379025948
DipDECK,new_data_scaled,6,2,0.01,0.85,2,10,35,0.5457948047776062,0.6579775742483418,1.203772379025948
DipDECK,new_data_scaled,6,2,0.01,0.85,2,15,20,0.6095493849750132,0.6972502051965223,1.3067995901715355
DipDECK,new_data_scaled,6,2,0.01,0.85,2,15,25,0.6095493849750132,0.6972502051965223,1.3067995901715355
DipDECK,new_data_scaled,6,2,0.01,0.85,2,15,30,0.6095493849750132,0.6972502051965223,1.3067995901715355
DipDECK,new_data_scaled,6,2,0.01,0.85,2,15,35,0.6095493849750132,0.6972502051965223,1.3067995901715355
DipDECK,new_data_scaled,6,2,0.01,0.9,2,2,10,0.23057480226195307,0.39831375195488483,0.6288885542168379
DipDECK,new_data_scaled,6,2,0.01,0.9,2,2,15,0.23057480226195307,0.39831375195488483,0.6288885542168379
DipDECK,new_data_scaled,6,2,0.01,0.9,2,2,20,0.23057480226195307,0.39831375195488483,0.6288885542168379
DipDECK,new_data_scaled,6,2,0.01,0.9,2,2,25,0.23057480226195307,0.39831375195488483,0.6288885542168379
DipDECK,new_data_scaled,6,2,0.01,0.9,2,2,30,0.23057480226195307,0.39831375195488483,0.6288885542168379
DipDECK,new_data_scaled,6,2,0.01,0.9,2,2,35,0.23057480226195307,0.39831375195488483,0.6288885542168379
DipDECK,new_data_scaled,6,2,0.01,0.9,2,5,10,0.5173002525856496,0.6618031834080338,1.1791034359936834
DipDECK,new_data_scaled,6,2,0.01,0.9,2,5,15,0.5173002525856496,0.6618031834080338,1.1791034359936834
DipDECK,new_data_scaled,6,2,0.01,0.9,2,5,20,0.5173002525856496,0.6618031834080338,1.1791034359936834
DipDECK,new_data_scaled,6,2,0.01,0.9,2,5,25,0.5173002525856496,0.6618031834080338,1.1791034359936834
DipDECK,new_data_scaled,6,2,0.01,0.9,2,5,30,0.5173002525856496,0.6618031834080338,1.1791034359936834
DipDECK,new_data_scaled,6,2,0.01,0.9,2,5,35,0.5173002525856496,0.6618031834080338,1.1791034359936834
DipDECK,new_data_scaled,6,2,0.01,0.9,2,7,10,0.4998246546987497,0.6268869196409939,1.1267115743397436
DipDECK,new_data_scaled,6,2,0.01,0.9,2,7,15,0.4998246546987497,0.6268869196409939,1.1267115743397436
DipDECK,new_data_scaled,6,2,0.01,0.9,2,7,20,0.4998246546987497,0.6268869196409939,1.1267115743397436
DipDECK,new_data_scaled,6,2,0.01,0.9,2,7,25,0.4998246546987497,0.6268869196409939,1.1267115743397436
DipDECK,new_data_scaled,6,2,0.01,0.9,2,7,30,0.4998246546987497,0.6268869196409939,1.1267115743397436
DipDECK,new_data_scaled,6,2,0.01,0.9,2,7,35,0.4998246546987497,0.6268869196409939,1.1267115743397436
DipDECK,new_data_scaled,6,2,0.01,0.9,2,10,15,0.5342474228059058,0.6525353162240056,1.1867827390299115
DipDECK,new_data_scaled,6,2,0.01,0.9,2,10,20,0.5342474228059058,0.6525353162240056,1.1867827390299115
DipDECK,new_data_scaled,6,2,0.01,0.9,2,10,25,0.5342474228059058,0.6525353162240056,1.1867827390299115
DipDECK,new_data_scaled,6,2,0.01,0.9,2,10,30,0.5342474228059058,0.6525353162240056,1.1867827390299115
DipDECK,new_data_scaled,6,2,0.01,0.9,2,10,35,0.5342474228059058,0.6525353162240056,1.1867827390299115
DipDECK,new_data_scaled,6,2,0.01,0.9,2,15,20,0.5394176330897424,0.6871902200504687,1.2266078531402111
DipDECK,new_data_scaled,6,2,0.01,0.9,2,15,25,0.5394176330897424,0.6871902200504687,1.2266078531402111
DipDECK,new_data_scaled,6,2,0.01,0.9,2,15,30,0.5394176330897424,0.6871902200504687,1.2266078531402111
DipDECK,new_data_scaled,6,2,0.01,0.9,2,15,35,0.5394176330897424,0.6871902200504687,1.2266078531402111
DipDECK,new_data_scaled,6,2,0.01,0.95,2,2,10,0.23057480226195307,0.39831375195488483,0.6288885542168379
DipDECK,new_data_scaled,6,2,0.01,0.95,2,2,15,0.23057480226195307,0.39831375195488483,0.6288885542168379
DipDECK,new_data_scaled,6,2,0.01,0.95,2,2,20,0.23057480226195307,0.39831375195488483,0.6288885542168379
DipDECK,new_data_scaled,6,2,0.01,0.95,2,2,25,0.23057480226195307,0.39831375195488483,0.6288885542168379
DipDECK,new_data_scaled,6,2,0.01,0.95,2,2,30,0.23057480226195307,0.39831375195488483,0.6288885542168379
DipDECK,new_data_scaled,6,2,0.01,0.95,2,2,35,0.23057480226195307,0.39831375195488483,0.6288885542168379
DipDECK,new_data_scaled,6,2,0.01,0.95,2,5,10,0.5173002525856496,0.6618031834080338,1.1791034359936834
DipDECK,new_data_scaled,6,2,0.01,0.95,2,5,15,0.5173002525856496,0.6618031834080338,1.1791034359936834
DipDECK,new_data_scaled,6,2,0.01,0.95,2,5,20,0.5173002525856496,0.6618031834080338,1.1791034359936834
DipDECK,new_data_scaled,6,2,0.01,0.95,2,5,25,0.5173002525856496,0.6618031834080338,1.1791034359936834
DipDECK,new_data_scaled,6,2,0.01,0.95,2,5,30,0.5173002525856496,0.6618031834080338,1.1791034359936834
DipDECK,new_data_scaled,6,2,0.01,0.95,2,5,35,0.5173002525856496,0.6618031834080338,1.1791034359936834
DipDECK,new_data_scaled,6,2,0.01,0.95,2,7,10,0.4998246546987497,0.6268869196409939,1.1267115743397436
DipDECK,new_data_scaled,6,2,0.01,0.95,2,7,15,0.4998246546987497,0.6268869196409939,1.1267115743397436
DipDECK,new_data_scaled,6,2,0.01,0.95,2,7,20,0.4998246546987497,0.6268869196409939,1.1267115743397436
DipDECK,new_data_scaled,6,2,0.01,0.95,2,7,25,0.4998246546987497,0.6268869196409939,1.1267115743397436
DipDECK,new_data_scaled,6,2,0.01,0.95,2,7,30,0.4998246546987497,0.6268869196409939,1.1267115743397436
DipDECK,new_data_scaled,6,2,0.01,0.95,2,7,35,0.4998246546987497,0.6268869196409939,1.1267115743397436
DipDECK,new_data_scaled,6,2,0.01,0.95,2,10,15,0.5374364394337618,0.6546722549024024,1.1921086943361643
DipDECK,new_data_scaled,6,2,0.01,0.95,2,10,20,0.5374364394337618,0.6546722549024024,1.1921086943361643
DipDECK,new_data_scaled,6,2,0.01,0.95,2,10,25,0.5374364394337618,0.6546722549024024,1.1921086943361643
DipDECK,new_data_scaled,6,2,0.01,0.95,2,10,30,0.5374364394337618,0.6546722549024024,1.1921086943361643
DipDECK,new_data_scaled,6,2,0.01,0.95,2,10,35,0.5374364394337618,0.6546722549024024,1.1921086943361643
DipDECK,new_data_scaled,6,2,0.01,0.95,2,15,20,0.5626616025917084,0.685066925147616,1.2477285277393244
DipDECK,new_data_scaled,6,2,0.01,0.95,2,15,25,0.5626616025917084,0.685066925147616,1.2477285277393244
DipDECK,new_data_scaled,6,2,0.01,0.95,2,15,30,0.5626616025917084,0.685066925147616,1.2477285277393244
DipDECK,new_data_scaled,6,2,0.01,0.95,2,15,35,0.5626616025917084,0.685066925147616,1.2477285277393244
