name,prefix,seed,dim,variance,k,min_cluster_size,ari,nmi,sum
MultiDensityDBSCAN,new_data_scaled,0,2,1,5,2,0.0023898677863822882,0.42284301113721035,0.4252328789235926
MultiDensityDBSCAN,new_data_scaled,0,2,1,5,3,0.005814720851494794,0.435210328637398,0.4410250494888928
MultiDensityDBSCAN,new_data_scaled,0,2,1,5,5,0.0025879968163924484,0.4338357999665614,0.43642379678295384
MultiDensityDBSCAN,new_data_scaled,0,2,1,5,10,0.005508867096781175,0.42425432301177546,0.4297631901085566
MultiDensityDBSCAN,new_data_scaled,0,2,1,5,15,-0.004443647628569444,0.3888263514980742,0.38438270386950474
MultiDensityDBSCAN,new_data_scaled,0,2,1,5,20,-0.003430907284229673,0.3570960936202899,0.3536651863360602
MultiDensityDBSCAN,new_data_scaled,0,2,1,5,25,-0.001801122654299027,0.33772117544838165,0.3359200527940826
MultiDensityDBSCAN,new_data_scaled,0,2,1,6,2,0.002432988287349967,0.4249573175205205,0.42739030580787046
MultiDensityDBSCAN,new_data_scaled,0,2,1,6,3,0.004942928013205934,0.4384989066383,0.44344183465150594
MultiDensityDBSCAN,new_data_scaled,0,2,1,6,5,0.008606537491305032,0.4465480240637368,0.4551545615550418
MultiDensityDBSCAN,new_data_scaled,0,2,1,6,10,0.008926074593948424,0.43972944587338464,0.44865552046733304
MultiDensityDBSCAN,new_data_scaled,0,2,1,6,15,0.008213563812340285,0.4239634985158086,0.4321770623281489
MultiDensityDBSCAN,new_data_scaled,0,2,1,6,20,0.0101727648399525,0.40108403532876824,0.41125680016872074
MultiDensityDBSCAN,new_data_scaled,0,2,1,6,25,0.011656769830982645,0.4021352134202033,0.41379198325118594
MultiDensityDBSCAN,new_data_scaled,0,2,1,7,2,0.002911743622928284,0.42777988872265027,0.43069163234557856
MultiDensityDBSCAN,new_data_scaled,0,2,1,7,3,0.0053550985751701355,0.4418160325098174,0.4471711310849875
MultiDensityDBSCAN,new_data_scaled,0,2,1,7,5,0.010915280091737103,0.4498794709670673,0.4607947510588044
MultiDensityDBSCAN,new_data_scaled,0,2,1,7,10,0.01843624333343412,0.46340315618599776,0.4818393995194319
MultiDensityDBSCAN,new_data_scaled,0,2,1,7,15,0.02103460293996226,0.4561697744374303,0.4772043773773925
MultiDensityDBSCAN,new_data_scaled,0,2,1,7,20,0.024081546763792604,0.44079762591258936,0.46487917267638196
MultiDensityDBSCAN,new_data_scaled,0,2,1,7,25,0.013764119408989764,0.42289489171908085,0.4366590111280706
MultiDensityDBSCAN,new_data_scaled,0,2,1,10,2,0.0028101202611173965,0.43059622034943795,0.43340634061055533
MultiDensityDBSCAN,new_data_scaled,0,2,1,10,3,0.006095290423440252,0.4455486974759911,0.45164398789943133
MultiDensityDBSCAN,new_data_scaled,0,2,1,10,5,0.010983568647553229,0.45975696467541527,0.4707405333229685
MultiDensityDBSCAN,new_data_scaled,0,2,1,10,10,0.022817370311920698,0.47885090999618,0.5016682803081007
MultiDensityDBSCAN,new_data_scaled,0,2,1,10,15,0.03608167867536028,0.4838157471597158,0.5198974258350761
MultiDensityDBSCAN,new_data_scaled,0,2,1,10,20,0.03582561631722555,0.48020277197786754,0.5160283882950931
MultiDensityDBSCAN,new_data_scaled,0,2,1,10,25,0.040338843977484454,0.4790390103141864,0.5193778542916708
MultiDensityDBSCAN,new_data_scaled,0,2,1,15,2,0.0027944538509642627,0.43169535613401067,0.43448980998497494
MultiDensityDBSCAN,new_data_scaled,0,2,1,15,3,0.006306690460671924,0.44830519043054057,0.4546118808912125
MultiDensityDBSCAN,new_data_scaled,0,2,1,15,5,0.011824105678744899,0.46541517661760995,0.47723928229635487
MultiDensityDBSCAN,new_data_scaled,0,2,1,15,10,0.026721596684303718,0.4917889616606248,0.5185105583449285
MultiDensityDBSCAN,new_data_scaled,0,2,1,15,15,0.049941301365627105,0.5088276352454859,0.558768936611113
MultiDensityDBSCAN,new_data_scaled,0,2,1,15,20,0.076324261236227,0.5247982547771797,0.6011225160134067
MultiDensityDBSCAN,new_data_scaled,0,2,1,15,25,0.0733068296297517,0.51389597749496,0.5872028071247116
MultiDensityDBSCAN,new_data_scaled,0,2,1,20,2,0.002791219342279061,0.4323500768980131,0.43514129624029213
MultiDensityDBSCAN,new_data_scaled,0,2,1,20,3,0.006464881300677217,0.4518627362281731,0.4583276175288503
MultiDensityDBSCAN,new_data_scaled,0,2,1,20,5,0.013281911517206037,0.47203931261654397,0.48532122413375
MultiDensityDBSCAN,new_data_scaled,0,2,1,20,10,0.03155006711824875,0.49840065092166186,0.5299507180399106
MultiDensityDBSCAN,new_data_scaled,0,2,1,20,15,0.05850117721183788,0.5175960622062252,0.5760972394180631
MultiDensityDBSCAN,new_data_scaled,0,2,1,20,20,0.10209033296649,0.5343916087897922,0.6364819417562821
MultiDensityDBSCAN,new_data_scaled,0,2,1,20,25,0.10536183904817926,0.5395686646600014,0.6449305037081807
MultiDensityDBSCAN,new_data_scaled,0,2,1,25,2,0.002796719862293799,0.43315301477796014,0.43594973464025394
MultiDensityDBSCAN,new_data_scaled,0,2,1,25,3,0.006406940195781412,0.45136145868079003,0.45776839887657145
MultiDensityDBSCAN,new_data_scaled,0,2,1,25,5,0.012642932011929337,0.47184658504878235,0.4844895170607117
MultiDensityDBSCAN,new_data_scaled,0,2,1,25,10,0.029113638333676275,0.5022741441075074,0.5313877824411837
MultiDensityDBSCAN,new_data_scaled,0,2,1,25,15,0.06929672480116371,0.5193474081233053,0.5886441329244689
MultiDensityDBSCAN,new_data_scaled,0,2,1,25,20,0.09520655212604015,0.533004626014363,0.6282111781404032
MultiDensityDBSCAN,new_data_scaled,0,2,1,25,25,0.11985966319088773,0.5427840582091468,0.6626437214000345
MultiDensityDBSCAN,new_data_scaled,0,2,1,30,2,0.0028013982758884753,0.43339808238411287,0.43619948066000136
MultiDensityDBSCAN,new_data_scaled,0,2,1,30,3,0.006422273325975692,0.45302281776942394,0.4594450910953996
MultiDensityDBSCAN,new_data_scaled,0,2,1,30,5,0.0128159924279393,0.47362065764498346,0.48643665007292275
MultiDensityDBSCAN,new_data_scaled,0,2,1,30,10,0.030249732724045235,0.5083845152912866,0.5386342480153318
MultiDensityDBSCAN,new_data_scaled,0,2,1,30,15,0.04965179951419252,0.524445732777265,0.5740975322914575
MultiDensityDBSCAN,new_data_scaled,0,2,1,30,20,0.12813947768836456,0.5452673330455587,0.6734068107339233
MultiDensityDBSCAN,new_data_scaled,0,2,1,30,25,0.12257114153484257,0.5555931019540711,0.6781642434889137
MultiDensityDBSCAN,new_data_scaled,0,2,1,40,2,0.002765182663551516,0.4337923876050106,0.4365575702685621
MultiDensityDBSCAN,new_data_scaled,0,2,1,40,3,0.006486152503252113,0.45447590568410806,0.4609620581873602
MultiDensityDBSCAN,new_data_scaled,0,2,1,40,5,0.013180606434929515,0.47643511956586854,0.48961572600079806
MultiDensityDBSCAN,new_data_scaled,0,2,1,40,10,0.10579401830415891,0.5181365228575741,0.623930541161733
MultiDensityDBSCAN,new_data_scaled,0,2,1,40,15,0.05530399418098327,0.5287368208978352,0.5840408150788186
MultiDensityDBSCAN,new_data_scaled,0,2,1,40,20,0.13027071213242522,0.5417915952747091,0.6720623074071344
MultiDensityDBSCAN,new_data_scaled,0,2,1,40,25,0.14207435843767827,0.5510435627613819,0.6931179211990601
MultiDensityDBSCAN,new_data_scaled,0,2,1,50,2,0.0027766709245214552,0.43349668876517644,0.4362733596896979
MultiDensityDBSCAN,new_data_scaled,0,2,1,50,3,0.006615266676968962,0.4551767750708086,0.46179204174777755
MultiDensityDBSCAN,new_data_scaled,0,2,1,50,5,0.01313726820790096,0.47690367183500443,0.4900409400429054
MultiDensityDBSCAN,new_data_scaled,0,2,1,50,10,0.03077561423745257,0.5090252977760197,0.5398009120134722
MultiDensityDBSCAN,new_data_scaled,0,2,1,50,15,0.06662705779698007,0.5333073438757057,0.5999344016726857
MultiDensityDBSCAN,new_data_scaled,0,2,1,50,20,0.14030414069996286,0.5497630528700702,0.6900671935700331
MultiDensityDBSCAN,new_data_scaled,0,2,1,50,25,0.15125892752613973,0.5684625662295827,0.7197214937557224
MultiDensityDBSCAN,new_data_scaled,0,2,1,60,2,0.002775496777479616,0.4340080942893651,0.4367835910668447
MultiDensityDBSCAN,new_data_scaled,0,2,1,60,3,0.006564128030299668,0.45539803223396785,0.4619621602642675
MultiDensityDBSCAN,new_data_scaled,0,2,1,60,5,0.012975495841133809,0.47746353140860404,0.49043902724973787
MultiDensityDBSCAN,new_data_scaled,0,2,1,60,10,0.029518345253417143,0.5092306971915336,0.5387490424449507
MultiDensityDBSCAN,new_data_scaled,0,2,1,60,15,0.12023151022542099,0.547520307207776,0.667751817433197
MultiDensityDBSCAN,new_data_scaled,0,2,1,60,20,0.1484982140846556,0.5603129988452121,0.7088112129298677
MultiDensityDBSCAN,new_data_scaled,0,2,1,60,25,0.16275597718575155,0.5684445080222952,0.7312004852080467
MultiDensityDBSCAN,new_data_scaled,0,2,1.2,5,2,0.022019913733512322,0.48486166772226996,0.5068815814557823
MultiDensityDBSCAN,new_data_scaled,0,2,1.2,5,3,0.02233184681313749,0.4829595000466482,0.5052913468597857
MultiDensityDBSCAN,new_data_scaled,0,2,1.2,5,5,0.024826555725346908,0.4845810378267241,0.509407593552071
MultiDensityDBSCAN,new_data_scaled,0,2,1.2,5,10,0.03204553374762612,0.4890284214871705,0.5210739552347966
MultiDensityDBSCAN,new_data_scaled,0,2,1.2,5,15,0.028178233746989505,0.4856137524416242,0.5137919861886137
MultiDensityDBSCAN,new_data_scaled,0,2,1.2,5,20,0.02747584783367249,0.48030500124159303,0.5077808490752656
MultiDensityDBSCAN,new_data_scaled,0,2,1.2,5,25,0.030042357577796646,0.47913421265771444,0.5091765702355111
MultiDensityDBSCAN,new_data_scaled,0,2,1.2,6,2,0.03302550303998748,0.5040479615001735,0.537073464540161
MultiDensityDBSCAN,new_data_scaled,0,2,1.2,6,3,0.0332323264939353,0.5020459829054367,0.5352783093993719
MultiDensityDBSCAN,new_data_scaled,0,2,1.2,6,5,0.03382005420777876,0.4994621175824727,0.5332821717902515
MultiDensityDBSCAN,new_data_scaled,0,2,1.2,6,10,0.0368423261762482,0.5022102255869374,0.5390525517631856
MultiDensityDBSCAN,new_data_scaled,0,2,1.2,6,15,0.043968305973639814,0.5084788738971082,0.552447179870748
MultiDensityDBSCAN,new_data_scaled,0,2,1.2,6,20,0.044485588430938645,0.5065891177065459,0.5510747061374845
MultiDensityDBSCAN,new_data_scaled,0,2,1.2,6,25,0.043761871192118405,0.5027625944546847,0.5465244656468031
MultiDensityDBSCAN,new_data_scaled,0,2,1.2,7,2,0.05012842760451179,0.5263613839574663,0.5764898115619781
MultiDensityDBSCAN,new_data_scaled,0,2,1.2,7,3,0.04864070102332423,0.521925177078227,0.5705658781015512
MultiDensityDBSCAN,new_data_scaled,0,2,1.2,7,5,0.048788933800534465,0.5200436949585597,0.5688326287590942
MultiDensityDBSCAN,new_data_scaled,0,2,1.2,7,10,0.05152188147013475,0.5174124148475298,0.5689342963176645
MultiDensityDBSCAN,new_data_scaled,0,2,1.2,7,15,0.05129803569267818,0.5208640130531467,0.5721620487458249
MultiDensityDBSCAN,new_data_scaled,0,2,1.2,7,20,0.06317304637613691,0.5288596679658787,0.5920327143420157
MultiDensityDBSCAN,new_data_scaled,0,2,1.2,7,25,0.061981017457263025,0.5282975002378613,0.5902785176951243
MultiDensityDBSCAN,new_data_scaled,0,2,1.2,10,2,0.10969187904660589,0.5770870785167566,0.6867789575633625
MultiDensityDBSCAN,new_data_scaled,0,2,1.2,10,3,0.10345598105366827,0.5696275979817327,0.673083579035401
MultiDensityDBSCAN,new_data_scaled,0,2,1.2,10,5,0.10648629846644296,0.5707131267866316,0.6771994252530745
MultiDensityDBSCAN,new_data_scaled,0,2,1.2,10,10,0.10038495126144831,0.5631808174643641,0.6635657687258124
MultiDensityDBSCAN,new_data_scaled,0,2,1.2,10,15,0.10788042710157913,0.5666743078587365,0.6745547349603156
MultiDensityDBSCAN,new_data_scaled,0,2,1.2,10,20,0.1075347363205583,0.5681519702810786,0.6756867066016369
MultiDensityDBSCAN,new_data_scaled,0,2,1.2,10,25,0.10952840782129497,0.5653679216905535,0.6748963295118484
MultiDensityDBSCAN,new_data_scaled,0,2,1.2,15,2,0.18628205975511333,0.6267554493666916,0.813037509121805
MultiDensityDBSCAN,new_data_scaled,0,2,1.2,15,3,0.18514687300363164,0.6239783150016402,0.8091251880052719
MultiDensityDBSCAN,new_data_scaled,0,2,1.2,15,5,0.18575235224908107,0.6231980662945279,0.8089504185436089
MultiDensityDBSCAN,new_data_scaled,0,2,1.2,15,10,0.17960924959961616,0.6150773364539913,0.7946865860536074
MultiDensityDBSCAN,new_data_scaled,0,2,1.2,15,15,0.18073360854101148,0.6112374596426642,0.7919710681836757
MultiDensityDBSCAN,new_data_scaled,0,2,1.2,15,20,0.188496848362948,0.6180950650292272,0.8065919133921752
MultiDensityDBSCAN,new_data_scaled,0,2,1.2,15,25,0.189019793899522,0.6153222774306225,0.8043420713301446
MultiDensityDBSCAN,new_data_scaled,0,2,1.2,20,2,0.2611490723750795,0.66626916634319,0.9274182387182694
MultiDensityDBSCAN,new_data_scaled,0,2,1.2,20,3,0.2624564593110822,0.6660258619010049,0.9284823212120871
MultiDensityDBSCAN,new_data_scaled,0,2,1.2,20,5,0.28688675087863774,0.6700239335329188,0.9569106844115565
MultiDensityDBSCAN,new_data_scaled,0,2,1.2,20,10,0.27622191458274714,0.6576191677629812,0.9338410823457284
MultiDensityDBSCAN,new_data_scaled,0,2,1.2,20,15,0.279169030874314,0.6580714775530446,0.9372405084273586
MultiDensityDBSCAN,new_data_scaled,0,2,1.2,20,20,0.29415059081279016,0.6573226116687501,0.9514732024815402
MultiDensityDBSCAN,new_data_scaled,0,2,1.2,20,25,0.2902948233632347,0.6501940451138262,0.9404888684770609
MultiDensityDBSCAN,new_data_scaled,0,2,1.2,25,2,0.35737850183746284,0.6975096704422352,1.054888172279698
MultiDensityDBSCAN,new_data_scaled,0,2,1.2,25,3,0.3550162052315045,0.6968793915928049,1.0518955968243093
MultiDensityDBSCAN,new_data_scaled,0,2,1.2,25,5,0.34388303697683564,0.6914705978545065,1.0353536348313421
MultiDensityDBSCAN,new_data_scaled,0,2,1.2,25,10,0.3349280389605087,0.6803408234488767,1.0152688624093855
MultiDensityDBSCAN,new_data_scaled,0,2,1.2,25,15,0.3334442316998872,0.673133320199581,1.0065775518994682
MultiDensityDBSCAN,new_data_scaled,0,2,1.2,25,20,0.3326021954033252,0.671149134221895,1.0037513296252203
MultiDensityDBSCAN,new_data_scaled,0,2,1.2,25,25,0.33403707194680193,0.6712592381534308,1.0052963101002328
MultiDensityDBSCAN,new_data_scaled,0,2,1.2,30,2,0.36390767726348977,0.7044529282571581,1.0683606055206478
MultiDensityDBSCAN,new_data_scaled,0,2,1.2,30,3,0.3612941242732124,0.7028128211327687,1.064106945405981
MultiDensityDBSCAN,new_data_scaled,0,2,1.2,30,5,0.3585956038231436,0.6976176863813807,1.0562132902045243
MultiDensityDBSCAN,new_data_scaled,0,2,1.2,30,10,0.35446325535720047,0.6891088997301743,1.0435721550873747
MultiDensityDBSCAN,new_data_scaled,0,2,1.2,30,15,0.3600890881772947,0.6906615183666386,1.0507506065439332
MultiDensityDBSCAN,new_data_scaled,0,2,1.2,30,20,0.35177409396357157,0.685885688464155,1.0376597824277265
MultiDensityDBSCAN,new_data_scaled,0,2,1.2,30,25,0.359788919816902,0.6870900493174902,1.0468789691343923
MultiDensityDBSCAN,new_data_scaled,0,2,1.2,40,2,0.5169131725024766,0.7562933341245743,1.273206506627051
MultiDensityDBSCAN,new_data_scaled,0,2,1.2,40,3,0.5284168739278069,0.7614087066060992,1.289825580533906
MultiDensityDBSCAN,new_data_scaled,0,2,1.2,40,5,0.5161424631445738,0.7526910669384405,1.2688335300830142
MultiDensityDBSCAN,new_data_scaled,0,2,1.2,40,10,0.5140754414987128,0.7485660378835273,1.26264147938224
MultiDensityDBSCAN,new_data_scaled,0,2,1.2,40,15,0.5205006386962724,0.7483934583905051,1.2688940970867775
MultiDensityDBSCAN,new_data_scaled,0,2,1.2,40,20,0.5147319144181702,0.7440831868705718,1.258815101288742
MultiDensityDBSCAN,new_data_scaled,0,2,1.2,40,25,0.5061880119204449,0.7341515317535017,1.2403395436739466
MultiDensityDBSCAN,new_data_scaled,0,2,1.2,50,2,0.5060246131040878,0.7514628182331583,1.2574874313372462
MultiDensityDBSCAN,new_data_scaled,0,2,1.2,50,3,0.504910077081951,0.7507866388063932,1.255696715888344
MultiDensityDBSCAN,new_data_scaled,0,2,1.2,50,5,0.5082979331959121,0.7496646859418226,1.2579626191377347
MultiDensityDBSCAN,new_data_scaled,0,2,1.2,50,10,0.5050800920836782,0.7463835702162056,1.2514636622998838
MultiDensityDBSCAN,new_data_scaled,0,2,1.2,50,15,0.49828837087181166,0.7375390428481203,1.235827413719932
MultiDensityDBSCAN,new_data_scaled,0,2,1.2,50,20,0.5007841813727009,0.7355488411520753,1.2363330225247762
MultiDensityDBSCAN,new_data_scaled,0,2,1.2,50,25,0.5417195420558071,0.7507687207244302,1.2924882627802372
MultiDensityDBSCAN,new_data_scaled,0,2,1.2,60,2,0.5262340843934824,0.7469833622366409,1.2732174466301234
MultiDensityDBSCAN,new_data_scaled,0,2,1.2,60,3,0.5260200977800139,0.746640243533651,1.272660341313665
MultiDensityDBSCAN,new_data_scaled,0,2,1.2,60,5,0.5254665537956601,0.7434760812380922,1.2689426350337523
MultiDensityDBSCAN,new_data_scaled,0,2,1.2,60,10,0.5222398570400324,0.7398273859267253,1.2620672429667577
MultiDensityDBSCAN,new_data_scaled,0,2,1.2,60,15,0.5184758447631151,0.7326127568795583,1.2510886016426734
MultiDensityDBSCAN,new_data_scaled,0,2,1.2,60,20,0.516382838996906,0.729390976271367,1.245773815268273
MultiDensityDBSCAN,new_data_scaled,0,2,1.2,60,25,0.5082134764767242,0.722192781576024,1.2304062580527482
MultiDensityDBSCAN,new_data_scaled,0,2,1.5,5,2,0.309324757822258,0.6439395835269864,0.9532643413492444
MultiDensityDBSCAN,new_data_scaled,0,2,1.5,5,3,0.311808514387659,0.6424082525834706,0.9542167669711296
MultiDensityDBSCAN,new_data_scaled,0,2,1.5,5,5,0.3085350058990011,0.6405784254231139,0.949113431322115
MultiDensityDBSCAN,new_data_scaled,0,2,1.5,5,10,0.29181405617166917,0.627726791549518,0.9195408477211873
MultiDensityDBSCAN,new_data_scaled,0,2,1.5,5,15,0.2553475528843537,0.616339201704483,0.8716867545888367
MultiDensityDBSCAN,new_data_scaled,0,2,1.5,5,20,0.24959077868762966,0.6115108357599688,0.8611016144475985
MultiDensityDBSCAN,new_data_scaled,0,2,1.5,5,25,0.24858136613223894,0.6127025198768753,0.8612838860091142
MultiDensityDBSCAN,new_data_scaled,0,2,1.5,6,2,0.4263794020061523,0.7008469349009969,1.1272263369071491
MultiDensityDBSCAN,new_data_scaled,0,2,1.5,6,3,0.4249365717660953,0.6985122981542454,1.1234488699203407
MultiDensityDBSCAN,new_data_scaled,0,2,1.5,6,5,0.41769158129546136,0.6921950312741761,1.1098866125696376
MultiDensityDBSCAN,new_data_scaled,0,2,1.5,6,10,0.39006466210910695,0.6794018002102168,1.0694664623193237
MultiDensityDBSCAN,new_data_scaled,0,2,1.5,6,15,0.36695207015065623,0.6643708248026444,1.0313228949533007
MultiDensityDBSCAN,new_data_scaled,0,2,1.5,6,20,0.36109111679563016,0.663745791622013,1.0248369084176432
MultiDensityDBSCAN,new_data_scaled,0,2,1.5,6,25,0.37118345120719864,0.6683793347526065,1.0395627859598051
MultiDensityDBSCAN,new_data_scaled,0,2,1.5,7,2,0.5367255818189419,0.7456500030190556,1.2823755848379976
MultiDensityDBSCAN,new_data_scaled,0,2,1.5,7,3,0.5324319006090688,0.7420464885053231,1.2744783891143918
MultiDensityDBSCAN,new_data_scaled,0,2,1.5,7,5,0.48986623187293826,0.7245603214780334,1.2144265533509717
MultiDensityDBSCAN,new_data_scaled,0,2,1.5,7,10,0.4752979461246888,0.7079992689662702,1.1832972150909589
MultiDensityDBSCAN,new_data_scaled,0,2,1.5,7,15,0.4648863859871844,0.6993826181046275,1.164269004091812
MultiDensityDBSCAN,new_data_scaled,0,2,1.5,7,20,0.46122081678041743,0.6961834895227914,1.157404306303209
MultiDensityDBSCAN,new_data_scaled,0,2,1.5,7,25,0.46066869493633733,0.6986636699008669,1.1593323648372043
MultiDensityDBSCAN,new_data_scaled,0,2,1.5,10,2,0.7505589396502869,0.8105892148046286,1.5611481544549155
MultiDensityDBSCAN,new_data_scaled,0,2,1.5,10,3,0.7448989364973062,0.8062836220746427,1.551182558571949
MultiDensityDBSCAN,new_data_scaled,0,2,1.5,10,5,0.725620715742737,0.7930880498042576,1.5187087655469946
MultiDensityDBSCAN,new_data_scaled,0,2,1.5,10,10,0.7089639944542847,0.7777574260491227,1.4867214205034074
MultiDensityDBSCAN,new_data_scaled,0,2,1.5,10,15,0.7039763758588201,0.7703509864465757,1.4743273623053958
MultiDensityDBSCAN,new_data_scaled,0,2,1.5,10,20,0.698122989979826,0.7679529727855072,1.4660759627653333
MultiDensityDBSCAN,new_data_scaled,0,2,1.5,10,25,0.6927370256761004,0.758990145376152,1.4517271710522524
MultiDensityDBSCAN,new_data_scaled,0,2,1.5,15,2,0.8196000041770438,0.8481097813749032,1.667709785551947
MultiDensityDBSCAN,new_data_scaled,0,2,1.5,15,3,0.8185608072522101,0.8466289686312163,1.6651897758834264
MultiDensityDBSCAN,new_data_scaled,0,2,1.5,15,5,0.8147641469414052,0.8431237239222554,1.6578878708636606
MultiDensityDBSCAN,new_data_scaled,0,2,1.5,15,10,0.791784998081683,0.8245886304800142,1.6163736285616972
MultiDensityDBSCAN,new_data_scaled,0,2,1.5,15,15,0.7807292716650484,0.8156357790956213,1.5963650507606697
MultiDensityDBSCAN,new_data_scaled,0,2,1.5,15,20,0.7766297560962282,0.8122557196840273,1.5888854757802555
MultiDensityDBSCAN,new_data_scaled,0,2,1.5,15,25,0.7768009542154696,0.8045374754132412,1.5813384296287107
MultiDensityDBSCAN,new_data_scaled,0,2,1.5,20,2,0.8130636876805719,0.8464502683284645,1.6595139560090364
MultiDensityDBSCAN,new_data_scaled,0,2,1.5,20,3,0.8131862818218178,0.8463267579899834,1.6595130398118012
MultiDensityDBSCAN,new_data_scaled,0,2,1.5,20,5,0.8098642112475509,0.8403773839983991,1.6502415952459502
MultiDensityDBSCAN,new_data_scaled,0,2,1.5,20,10,0.7957287747944568,0.8266646140563836,1.6223933888508404
MultiDensityDBSCAN,new_data_scaled,0,2,1.5,20,15,0.7893969588386722,0.8205655897643913,1.6099625486030635
MultiDensityDBSCAN,new_data_scaled,0,2,1.5,20,20,0.7819840905177438,0.8138886201451675,1.5958727106629111
MultiDensityDBSCAN,new_data_scaled,0,2,1.5,20,25,0.7859994345554233,0.8148190970095677,1.600818531564991
MultiDensityDBSCAN,new_data_scaled,0,2,1.5,25,2,0.8294065230168168,0.8565684797339668,1.6859750027507836
MultiDensityDBSCAN,new_data_scaled,0,2,1.5,25,3,0.8287001615840865,0.8553880702955903,1.6840882318796768
MultiDensityDBSCAN,new_data_scaled,0,2,1.5,25,5,0.8278988089098064,0.8527505529117291,1.6806493618215355
MultiDensityDBSCAN,new_data_scaled,0,2,1.5,25,10,0.8244551237323742,0.8499539889761321,1.6744091127085063
MultiDensityDBSCAN,new_data_scaled,0,2,1.5,25,15,0.8211948870825105,0.8433383723456537,1.6645332594281643
MultiDensityDBSCAN,new_data_scaled,0,2,1.5,25,20,0.8175984042477649,0.8384800553703464,1.6560784596181113
MultiDensityDBSCAN,new_data_scaled,0,2,1.5,25,25,0.8094580369422623,0.8280669403490334,1.6375249772912956
MultiDensityDBSCAN,new_data_scaled,0,2,1.5,30,2,0.8416662453158025,0.864798696487675,1.7064649418034774
MultiDensityDBSCAN,new_data_scaled,0,2,1.5,30,3,0.8400027427189236,0.8617935150760397,1.7017962577949635
MultiDensityDBSCAN,new_data_scaled,0,2,1.5,30,5,0.8385839480297658,0.8598539845370559,1.6984379325668217
MultiDensityDBSCAN,new_data_scaled,0,2,1.5,30,10,0.8349929075015494,0.8548678168410669,1.6898607243426165
MultiDensityDBSCAN,new_data_scaled,0,2,1.5,30,15,0.8287074733797356,0.8489589875290943,1.6776664609088299
MultiDensityDBSCAN,new_data_scaled,0,2,1.5,30,20,0.8194892517035713,0.842268326430091,1.6617575781336624
MultiDensityDBSCAN,new_data_scaled,0,2,1.5,30,25,0.8192293577214744,0.8421999832113352,1.6614293409328096
MultiDensityDBSCAN,new_data_scaled,0,2,1.5,40,2,0.8517416946068621,0.8713146158252659,1.7230563104321281
MultiDensityDBSCAN,new_data_scaled,0,2,1.5,40,3,0.8508882747008756,0.8692890161580393,1.7201772908589148
MultiDensityDBSCAN,new_data_scaled,0,2,1.5,40,5,0.8500063823190381,0.8669180994666654,1.7169244817857034
MultiDensityDBSCAN,new_data_scaled,0,2,1.5,40,10,0.8457776692872762,0.8640102807854985,1.7097879500727746
MultiDensityDBSCAN,new_data_scaled,0,2,1.5,40,15,0.8419349232786942,0.8587373402515404,1.7006722635302345
MultiDensityDBSCAN,new_data_scaled,0,2,1.5,40,20,0.8330117721027529,0.8477833334331863,1.6807951055359394
MultiDensityDBSCAN,new_data_scaled,0,2,1.5,40,25,0.8329668048797279,0.8477217703585038,1.6806885752382317
MultiDensityDBSCAN,new_data_scaled,0,2,1.5,50,2,0.845887921026387,0.8680702514653708,1.7139581724917576
MultiDensityDBSCAN,new_data_scaled,0,2,1.5,50,3,0.8462394021673539,0.8684484479793699,1.7146878501467238
MultiDensityDBSCAN,new_data_scaled,0,2,1.5,50,5,0.84447962112026,0.8658823111301757,1.7103619322504358
MultiDensityDBSCAN,new_data_scaled,0,2,1.5,50,10,0.8434283160981045,0.8647365168651596,1.7081648329632642
MultiDensityDBSCAN,new_data_scaled,0,2,1.5,50,15,0.8418317276438279,0.8624032352262037,1.7042349628700315
MultiDensityDBSCAN,new_data_scaled,0,2,1.5,50,20,0.8373332388141096,0.854500289759331,1.6918335285734405
MultiDensityDBSCAN,new_data_scaled,0,2,1.5,50,25,0.803500949114214,0.8273561676279989,1.630857116742213
MultiDensityDBSCAN,new_data_scaled,0,2,1.5,60,2,0.7983863602126868,0.844151577238859,1.6425379374515459
MultiDensityDBSCAN,new_data_scaled,0,2,1.5,60,3,0.7988670385674864,0.8449505801909161,1.6438176187584026
MultiDensityDBSCAN,new_data_scaled,0,2,1.5,60,5,0.7975057099148724,0.8430407078211505,1.6405464177360227
MultiDensityDBSCAN,new_data_scaled,0,2,1.5,60,10,0.7937839992274404,0.8380574246315546,1.631841423858995
MultiDensityDBSCAN,new_data_scaled,0,2,1.5,60,15,0.7784349106363707,0.8277838758413981,1.6062187864777688
MultiDensityDBSCAN,new_data_scaled,0,2,1.5,60,20,0.7895879085906519,0.8304412655320319,1.6200291741226838
MultiDensityDBSCAN,new_data_scaled,0,2,1.5,60,25,0.7007542379319733,0.7817051203678642,1.4824593582998375
MultiDensityDBSCAN,new_data_scaled,0,2,1.8,5,2,0.657799496710621,0.7910018328074443,1.4488013295180653
MultiDensityDBSCAN,new_data_scaled,0,2,1.8,5,3,0.656069187880772,0.7899872055474286,1.4460563934282007
MultiDensityDBSCAN,new_data_scaled,0,2,1.8,5,5,0.6319011056622085,0.7781555465535963,1.410056652215805
MultiDensityDBSCAN,new_data_scaled,0,2,1.8,5,10,0.6255316162584973,0.7749128447373695,1.4004444609958668
MultiDensityDBSCAN,new_data_scaled,0,2,1.8,5,15,0.6197521197978038,0.7726694741936561,1.3924215939914597
MultiDensityDBSCAN,new_data_scaled,0,2,1.8,5,20,0.6187287796318437,0.7746641816535276,1.3933929612853713
MultiDensityDBSCAN,new_data_scaled,0,2,1.8,5,25,0.6200521950712807,0.7747084101160785,1.3947606051873591
MultiDensityDBSCAN,new_data_scaled,0,2,1.8,6,2,0.8581574182275321,0.8642754751372399,1.722432893364772
MultiDensityDBSCAN,new_data_scaled,0,2,1.8,6,3,0.8558192990638609,0.8622701542735877,1.7180894533374484
MultiDensityDBSCAN,new_data_scaled,0,2,1.8,6,5,0.8472660407615358,0.8575422152658365,1.7048082560273723
MultiDensityDBSCAN,new_data_scaled,0,2,1.8,6,10,0.8409330396113254,0.8551024481847384,1.6960354877960637
MultiDensityDBSCAN,new_data_scaled,0,2,1.8,6,15,0.8366221394593484,0.8540003184941333,1.6906224579534816
MultiDensityDBSCAN,new_data_scaled,0,2,1.8,6,20,0.8339796273256006,0.8504791880818668,1.6844588154074676
MultiDensityDBSCAN,new_data_scaled,0,2,1.8,6,25,0.8519958548712521,0.8629771381305358,1.7149729930017878
MultiDensityDBSCAN,new_data_scaled,0,2,1.8,7,2,0.8840683851239635,0.8849718272373683,1.7690402123613318
MultiDensityDBSCAN,new_data_scaled,0,2,1.8,7,3,0.8818669964605275,0.8828601180791914,1.7647271145397188
MultiDensityDBSCAN,new_data_scaled,0,2,1.8,7,5,0.8754599386103941,0.8776992464132655,1.7531591850236596
MultiDensityDBSCAN,new_data_scaled,0,2,1.8,7,10,0.8705603375772956,0.8748376379832001,1.7453979755604956
MultiDensityDBSCAN,new_data_scaled,0,2,1.8,7,15,0.8699269808316611,0.8754066390203569,1.745333619852018
MultiDensityDBSCAN,new_data_scaled,0,2,1.8,7,20,0.8667053999316792,0.8704572754083549,1.7371626753400342
MultiDensityDBSCAN,new_data_scaled,0,2,1.8,7,25,0.8669032490593949,0.8714037171725142,1.738306966231909
MultiDensityDBSCAN,new_data_scaled,0,2,1.8,10,2,0.913158665473636,0.9114533758065158,1.8246120412801519
MultiDensityDBSCAN,new_data_scaled,0,2,1.8,10,3,0.9114924993148406,0.9093345054043619,1.8208270047192023
MultiDensityDBSCAN,new_data_scaled,0,2,1.8,10,5,0.90802002717215,0.9048841463589312,1.8129041735310811
MultiDensityDBSCAN,new_data_scaled,0,2,1.8,10,10,0.9036932572817618,0.9005855746408202,1.804278831922582
MultiDensityDBSCAN,new_data_scaled,0,2,1.8,10,15,0.9034345260047967,0.9005683484812227,1.8040028744860193
MultiDensityDBSCAN,new_data_scaled,0,2,1.8,10,20,0.8973898025975111,0.8937795619173916,1.7911693645149027
MultiDensityDBSCAN,new_data_scaled,0,2,1.8,10,25,0.8967131707705887,0.8936799651831298,1.7903931359537184
MultiDensityDBSCAN,new_data_scaled,0,2,1.8,15,2,0.9246341228372664,0.9199903186805197,1.8446244415177862
MultiDensityDBSCAN,new_data_scaled,0,2,1.8,15,3,0.9235128316682445,0.9181014589382831,1.8416142906065276
MultiDensityDBSCAN,new_data_scaled,0,2,1.8,15,5,0.9232028920600436,0.9176788095455395,1.840881701605583
MultiDensityDBSCAN,new_data_scaled,0,2,1.8,15,10,0.9171236636393336,0.9112608138586944,1.828384477498028
MultiDensityDBSCAN,new_data_scaled,0,2,1.8,15,15,0.9145858456268833,0.9094076197180914,1.8239934653449748
MultiDensityDBSCAN,new_data_scaled,0,2,1.8,15,20,0.9127144589603805,0.9060211359502719,1.8187355949106525
MultiDensityDBSCAN,new_data_scaled,0,2,1.8,15,25,0.9121370056776638,0.905123096076501,1.8172601017541647
MultiDensityDBSCAN,new_data_scaled,0,2,1.8,20,2,0.8994121546821727,0.9063732317041392,1.805785386386312
MultiDensityDBSCAN,new_data_scaled,0,2,1.8,20,3,0.8981843749064794,0.9038357771497749,1.8020201520562544
MultiDensityDBSCAN,new_data_scaled,0,2,1.8,20,5,0.8972167748743786,0.902391377617846,1.7996081524922247
MultiDensityDBSCAN,new_data_scaled,0,2,1.8,20,10,0.892625668639882,0.8966002219373315,1.7892258905772134
MultiDensityDBSCAN,new_data_scaled,0,2,1.8,20,15,0.8896401448583624,0.8944335081638198,1.7840736530221823
MultiDensityDBSCAN,new_data_scaled,0,2,1.8,20,20,0.8896401448583624,0.8944335081638198,1.7840736530221823
MultiDensityDBSCAN,new_data_scaled,0,2,1.8,20,25,0.8892026237673032,0.8936036519616319,1.7828062757289351
MultiDensityDBSCAN,new_data_scaled,0,2,1.8,25,2,0.9379333189919373,0.9341052541326852,1.8720385731246225
MultiDensityDBSCAN,new_data_scaled,0,2,1.8,25,3,0.9366292581231009,0.9314877198821035,1.8681169780052045
MultiDensityDBSCAN,new_data_scaled,0,2,1.8,25,5,0.9366218138638257,0.9316370807494053,1.868258894613231
MultiDensityDBSCAN,new_data_scaled,0,2,1.8,25,10,0.9331159575451017,0.9271994822531279,1.8603154397982296
MultiDensityDBSCAN,new_data_scaled,0,2,1.8,25,15,0.9304509858603199,0.9251036692176716,1.8555546550779916
MultiDensityDBSCAN,new_data_scaled,0,2,1.8,25,20,0.9304509858603199,0.9251036692176716,1.8555546550779916
MultiDensityDBSCAN,new_data_scaled,0,2,1.8,25,25,0.9304509858603199,0.9251036692176716,1.8555546550779916
MultiDensityDBSCAN,new_data_scaled,0,2,1.8,30,2,0.7625543106349179,0.8578647122767568,1.6204190229116746
MultiDensityDBSCAN,new_data_scaled,0,2,1.8,30,3,0.7622974502712223,0.8568625106674438,1.6191599609386662
MultiDensityDBSCAN,new_data_scaled,0,2,1.8,30,5,0.7601033184557194,0.8526123095239383,1.6127156279796577
MultiDensityDBSCAN,new_data_scaled,0,2,1.8,30,10,0.7591576805977021,0.8512435867141321,1.6104012673118342
MultiDensityDBSCAN,new_data_scaled,0,2,1.8,30,15,0.7578178908029822,0.8476061517664365,1.6054240425694188
MultiDensityDBSCAN,new_data_scaled,0,2,1.8,30,20,0.7555884802841085,0.8436352816954499,1.5992237619795584
MultiDensityDBSCAN,new_data_scaled,0,2,1.8,30,25,0.7553973494063493,0.8417562477110984,1.5971535971174475
MultiDensityDBSCAN,new_data_scaled,0,2,1.8,40,2,0.6378047886992808,0.8012872865828397,1.4390920752821206
MultiDensityDBSCAN,new_data_scaled,0,2,1.8,40,3,0.6376023909732242,0.8004923093875608,1.438094700360785
MultiDensityDBSCAN,new_data_scaled,0,2,1.8,40,5,0.6378327554342076,0.8010602197620872,1.4388929751962949
MultiDensityDBSCAN,new_data_scaled,0,2,1.8,40,10,0.6361816687897793,0.7973978918762783,1.4335795606660575
MultiDensityDBSCAN,new_data_scaled,0,2,1.8,40,15,0.6361816687897793,0.7973978918762783,1.4335795606660575
MultiDensityDBSCAN,new_data_scaled,0,2,1.8,40,20,0.6361816687897793,0.7973978918762783,1.4335795606660575
MultiDensityDBSCAN,new_data_scaled,0,2,1.8,40,25,0.633937590880207,0.7895520387831765,1.4234896296633834
MultiDensityDBSCAN,new_data_scaled,0,2,1.8,50,2,0.48325182799002475,0.7234720451143429,1.2067238731043677
MultiDensityDBSCAN,new_data_scaled,0,2,1.8,50,3,0.48325345382256635,0.7235732623217181,1.2068267161442845
MultiDensityDBSCAN,new_data_scaled,0,2,1.8,50,5,0.4832578024505807,0.723751904080502,1.2070097065310827
MultiDensityDBSCAN,new_data_scaled,0,2,1.8,50,10,0.4829959908939742,0.7211989124153102,1.2041949033092845
MultiDensityDBSCAN,new_data_scaled,0,2,1.8,50,15,0.4829959908939742,0.7211989124153102,1.2041949033092845
MultiDensityDBSCAN,new_data_scaled,0,2,1.8,50,20,0.4829959908939742,0.7211989124153102,1.2041949033092845
MultiDensityDBSCAN,new_data_scaled,0,2,1.8,50,25,0.4829959908939742,0.7211989124153102,1.2041949033092845
MultiDensityDBSCAN,new_data_scaled,0,2,1.8,60,2,0.48300570603338316,0.7294713421152474,1.2124770481486307
MultiDensityDBSCAN,new_data_scaled,0,2,1.8,60,3,0.48300556008634893,0.7292769508687402,1.2122825109550892
MultiDensityDBSCAN,new_data_scaled,0,2,1.8,60,5,0.48265133748252176,0.7279955558848327,1.2106468933673544
MultiDensityDBSCAN,new_data_scaled,0,2,1.8,60,10,0.48247677831371294,0.72517314544986,1.207649923763573
MultiDensityDBSCAN,new_data_scaled,0,2,1.8,60,15,0.48247677831371294,0.72517314544986,1.207649923763573
MultiDensityDBSCAN,new_data_scaled,0,2,1.8,60,20,0.4812722623501531,0.7225515742598225,1.2038238366099756
MultiDensityDBSCAN,new_data_scaled,0,2,1.8,60,25,0.4811469956493198,0.7211806738780384,1.2023276695273581
MultiDensityDBSCAN,new_data_scaled,0,2,2,5,2,0.7061048264840307,0.8254846952021154,1.5315895216861461
MultiDensityDBSCAN,new_data_scaled,0,2,2,5,3,0.7040428729466319,0.8240238253346778,1.5280666982813096
MultiDensityDBSCAN,new_data_scaled,0,2,2,5,5,0.7013876937451842,0.8226578611663505,1.5240455549115346
MultiDensityDBSCAN,new_data_scaled,0,2,2,5,10,0.693991606281411,0.8194124533860276,1.5134040596674385
MultiDensityDBSCAN,new_data_scaled,0,2,2,5,15,0.6905589529123867,0.8176309215407414,1.508189874453128
MultiDensityDBSCAN,new_data_scaled,0,2,2,5,20,0.6894942257983393,0.8173939462785432,1.5068881720768825
MultiDensityDBSCAN,new_data_scaled,0,2,2,5,25,0.6896610814512989,0.8175025514688238,1.5071636329201228
MultiDensityDBSCAN,new_data_scaled,0,2,2,6,2,0.9139300440740551,0.9117018822454344,1.8256319263194896
MultiDensityDBSCAN,new_data_scaled,0,2,2,6,3,0.9117795064875529,0.9102145895811385,1.8219940960686913
MultiDensityDBSCAN,new_data_scaled,0,2,2,6,5,0.9097071777543465,0.9086791233766883,1.8183863011310348
MultiDensityDBSCAN,new_data_scaled,0,2,2,6,10,0.9098560021706545,0.9111007121492833,1.8209567143199379
MultiDensityDBSCAN,new_data_scaled,0,2,2,6,15,0.9082032324607388,0.9100105190584145,1.8182137515191532
MultiDensityDBSCAN,new_data_scaled,0,2,2,6,20,0.9035320179816346,0.903616408798361,1.8071484267799955
MultiDensityDBSCAN,new_data_scaled,0,2,2,6,25,0.9035320179816346,0.903616408798361,1.8071484267799955
MultiDensityDBSCAN,new_data_scaled,0,2,2,7,2,0.9425134401987098,0.9338696661688454,1.8763831063675551
MultiDensityDBSCAN,new_data_scaled,0,2,2,7,3,0.9410260202775317,0.9328792923672843,1.873905312644816
MultiDensityDBSCAN,new_data_scaled,0,2,2,7,5,0.9375129883232705,0.9290438993985796,1.86655688772185
MultiDensityDBSCAN,new_data_scaled,0,2,2,7,10,0.9362940296112237,0.9290795838776631,1.8653736134888868
MultiDensityDBSCAN,new_data_scaled,0,2,2,7,15,0.9358621918893727,0.9282381007789641,1.8641002926683368
MultiDensityDBSCAN,new_data_scaled,0,2,2,7,20,0.9313640405906809,0.921777912163308,1.853141952753989
MultiDensityDBSCAN,new_data_scaled,0,2,2,7,25,0.9304892691328467,0.9212932806928033,1.85178254982565
MultiDensityDBSCAN,new_data_scaled,0,2,2,10,2,0.9619569747356753,0.9487727168650231,1.9107296916006984
MultiDensityDBSCAN,new_data_scaled,0,2,2,10,3,0.9611383885169792,0.9474199911626814,1.9085583796796606
MultiDensityDBSCAN,new_data_scaled,0,2,2,10,5,0.9586284146144908,0.9444110253944086,1.9030394400088992
MultiDensityDBSCAN,new_data_scaled,0,2,2,10,10,0.9578547255914506,0.9439854031026004,1.901840128694051
MultiDensityDBSCAN,new_data_scaled,0,2,2,10,15,0.9563377897258026,0.9423246172156001,1.8986624069414026
MultiDensityDBSCAN,new_data_scaled,0,2,2,10,20,0.9547771916721226,0.9394408040272225,1.894217995699345
MultiDensityDBSCAN,new_data_scaled,0,2,2,10,25,0.9547771916721226,0.9394408040272225,1.894217995699345
MultiDensityDBSCAN,new_data_scaled,0,2,2,15,2,0.8439347007527407,0.9021498919412799,1.7460845926940207
MultiDensityDBSCAN,new_data_scaled,0,2,2,15,3,0.8439013600971019,0.9017770396781732,1.7456783997752752
MultiDensityDBSCAN,new_data_scaled,0,2,2,15,5,0.8434382993120005,0.9012661950342606,1.7447044943462613
MultiDensityDBSCAN,new_data_scaled,0,2,2,15,10,0.8403634225658656,0.8960546267376651,1.7364180493035306
MultiDensityDBSCAN,new_data_scaled,0,2,2,15,15,0.8403634225658656,0.8960546267376651,1.7364180493035306
MultiDensityDBSCAN,new_data_scaled,0,2,2,15,20,0.8389371851636112,0.8923019310196731,1.7312391161832843
MultiDensityDBSCAN,new_data_scaled,0,2,2,15,25,0.8376420304829278,0.8910032393750225,1.7286452698579504
MultiDensityDBSCAN,new_data_scaled,0,2,2,20,2,0.8137710538135877,0.8772123905057103,1.690983444319298
MultiDensityDBSCAN,new_data_scaled,0,2,2,20,3,0.8131969607824052,0.8753777684555502,1.6885747292379554
MultiDensityDBSCAN,new_data_scaled,0,2,2,20,5,0.8131448687500458,0.875539942347396,1.6886848110974417
MultiDensityDBSCAN,new_data_scaled,0,2,2,20,10,0.8122269748265875,0.8730306725184566,1.685257647345044
MultiDensityDBSCAN,new_data_scaled,0,2,2,20,15,0.8106006232844016,0.8702789970567057,1.6808796203411074
MultiDensityDBSCAN,new_data_scaled,0,2,2,20,20,0.8106006232844016,0.8702789970567057,1.6808796203411074
MultiDensityDBSCAN,new_data_scaled,0,2,2,20,25,0.8106006232844016,0.8702789970567057,1.6808796203411074
MultiDensityDBSCAN,new_data_scaled,0,2,2,25,2,0.732470242983476,0.8401008659430353,1.5725711089265113
MultiDensityDBSCAN,new_data_scaled,0,2,2,25,3,0.7322232925402925,0.8389175991504829,1.5711408916907754
MultiDensityDBSCAN,new_data_scaled,0,2,2,25,5,0.7315291959807793,0.8369475570147493,1.5684767529955286
MultiDensityDBSCAN,new_data_scaled,0,2,2,25,10,0.730881272038803,0.8350068291820082,1.5658881012208112
MultiDensityDBSCAN,new_data_scaled,0,2,2,25,15,0.7308348491811447,0.8345835947896012,1.565418443970746
MultiDensityDBSCAN,new_data_scaled,0,2,2,25,20,0.7308348491811447,0.8345835947896012,1.565418443970746
MultiDensityDBSCAN,new_data_scaled,0,2,2,25,25,0.7308348491811447,0.8345835947896012,1.565418443970746
MultiDensityDBSCAN,new_data_scaled,0,2,2,30,2,0.767849948305258,0.8711737404180306,1.6390236887232885
MultiDensityDBSCAN,new_data_scaled,0,2,2,30,3,0.767349769145551,0.8698981677803846,1.6372479369259356
MultiDensityDBSCAN,new_data_scaled,0,2,2,30,5,0.7673523989215341,0.8696410347144045,1.6369934336359386
MultiDensityDBSCAN,new_data_scaled,0,2,2,30,10,0.7652319426250578,0.8641369335907023,1.62936887621576
MultiDensityDBSCAN,new_data_scaled,0,2,2,30,15,0.7652319426250578,0.8641369335907023,1.62936887621576
MultiDensityDBSCAN,new_data_scaled,0,2,2,30,20,0.7652319426250578,0.8641369335907023,1.62936887621576
MultiDensityDBSCAN,new_data_scaled,0,2,2,30,25,0.7652319426250578,0.8641369335907023,1.62936887621576
MultiDensityDBSCAN,new_data_scaled,0,2,2,40,2,0.4796413953444702,0.7394381503427104,1.2190795456871806
MultiDensityDBSCAN,new_data_scaled,0,2,2,40,3,0.4796413953444702,0.7394381503427104,1.2190795456871806
MultiDensityDBSCAN,new_data_scaled,0,2,2,40,5,0.47943626750072715,0.7381612064865791,1.2175974739873063
MultiDensityDBSCAN,new_data_scaled,0,2,2,40,10,0.47841133421607,0.7323993291725243,1.2108106633885942
MultiDensityDBSCAN,new_data_scaled,0,2,2,40,15,0.4783865956143933,0.7310905946000789,1.209477190214472
MultiDensityDBSCAN,new_data_scaled,0,2,2,40,20,0.4772539971300294,0.726316001577077,1.2035699987071065
MultiDensityDBSCAN,new_data_scaled,0,2,2,40,25,0.4772539971300294,0.726316001577077,1.2035699987071065
MultiDensityDBSCAN,new_data_scaled,0,2,2,50,2,0.47771752532713035,0.7404394761292681,1.2181570014563985
MultiDensityDBSCAN,new_data_scaled,0,2,2,50,3,0.47771752532713035,0.7404394761292681,1.2181570014563985
MultiDensityDBSCAN,new_data_scaled,0,2,2,50,5,0.4769398337201385,0.7371004940925087,1.214040327812647
MultiDensityDBSCAN,new_data_scaled,0,2,2,50,10,0.4760747314062276,0.7312309559409697,1.2073056873471972
MultiDensityDBSCAN,new_data_scaled,0,2,2,50,15,0.47605345306683106,0.7300021210505355,1.2060555741173666
MultiDensityDBSCAN,new_data_scaled,0,2,2,50,20,0.47605345306683106,0.7300021210505355,1.2060555741173666
MultiDensityDBSCAN,new_data_scaled,0,2,2,50,25,0.47605345306683106,0.7300021210505355,1.2060555741173666
MultiDensityDBSCAN,new_data_scaled,0,2,2,60,2,0.4754832082257604,0.7356390851067987,1.2111222933325592
MultiDensityDBSCAN,new_data_scaled,0,2,2,60,3,0.47535778991612826,0.7350172939079201,1.2103750838240483
MultiDensityDBSCAN,new_data_scaled,0,2,2,60,5,0.47535778991612826,0.7350172939079201,1.2103750838240483
MultiDensityDBSCAN,new_data_scaled,0,2,2,60,10,0.47573427596103984,0.7348936115523793,1.210627887513419
MultiDensityDBSCAN,new_data_scaled,0,2,2,60,15,0.47492561179021775,0.730485729470911,1.2054113412611287
MultiDensityDBSCAN,new_data_scaled,0,2,2,60,20,0.47492561179021775,0.730485729470911,1.2054113412611287
MultiDensityDBSCAN,new_data_scaled,0,2,2,60,25,0.47492561179021775,0.730485729470911,1.2054113412611287
MultiDensityDBSCAN,new_data_scaled,0,2,2.25,5,2,0.7826195203032802,0.872493782400851,1.6551133027041312
MultiDensityDBSCAN,new_data_scaled,0,2,2.25,5,3,0.7813389242750239,0.8720521932965353,1.6533911175715592
MultiDensityDBSCAN,new_data_scaled,0,2,2.25,5,5,0.7777757992269497,0.8692327397113949,1.6470085389383446
MultiDensityDBSCAN,new_data_scaled,0,2,2.25,5,10,0.7766021226686919,0.8702158587370946,1.6468179814057864
MultiDensityDBSCAN,new_data_scaled,0,2,2.25,5,15,0.772762250742961,0.8669240708301277,1.6396863215730888
MultiDensityDBSCAN,new_data_scaled,0,2,2.25,5,20,0.772762250742961,0.8669240708301277,1.6396863215730888
MultiDensityDBSCAN,new_data_scaled,0,2,2.25,5,25,0.772762250742961,0.8669240708301277,1.6396863215730888
MultiDensityDBSCAN,new_data_scaled,0,2,2.25,6,2,0.9571821874597686,0.9481760597340538,1.9053582471938224
MultiDensityDBSCAN,new_data_scaled,0,2,2.25,6,3,0.9565975243520547,0.9476198069521249,1.9042173313041797
MultiDensityDBSCAN,new_data_scaled,0,2,2.25,6,5,0.9548604335579143,0.9458494311076517,1.900709864665566
MultiDensityDBSCAN,new_data_scaled,0,2,2.25,6,10,0.9559046684413008,0.9486077764084877,1.9045124448497885
MultiDensityDBSCAN,new_data_scaled,0,2,2.25,6,15,0.9556581173430898,0.9487012198703665,1.9043593372134562
MultiDensityDBSCAN,new_data_scaled,0,2,2.25,6,20,0.950923744335857,0.941678326242048,1.892602070577905
MultiDensityDBSCAN,new_data_scaled,0,2,2.25,6,25,0.950923744335857,0.941678326242048,1.892602070577905
MultiDensityDBSCAN,new_data_scaled,0,2,2.25,7,2,0.964246433651173,0.9568900370291631,1.9211364706803362
MultiDensityDBSCAN,new_data_scaled,0,2,2.25,7,3,0.9640732459450819,0.9569085606085435,1.9209818065536255
MultiDensityDBSCAN,new_data_scaled,0,2,2.25,7,5,0.9625726251342295,0.9547739131385067,1.9173465382727362
MultiDensityDBSCAN,new_data_scaled,0,2,2.25,7,10,0.9624427669167362,0.9547722282130662,1.9172149951298025
MultiDensityDBSCAN,new_data_scaled,0,2,2.25,7,15,0.9624427669167362,0.9547722282130662,1.9172149951298025
MultiDensityDBSCAN,new_data_scaled,0,2,2.25,7,20,0.9572374500226971,0.9473991708267954,1.9046366208494925
MultiDensityDBSCAN,new_data_scaled,0,2,2.25,7,25,0.9572374500226971,0.9473991708267954,1.9046366208494925
MultiDensityDBSCAN,new_data_scaled,0,2,2.25,10,2,0.9783637003326238,0.9694593305858716,1.9478230309184954
MultiDensityDBSCAN,new_data_scaled,0,2,2.25,10,3,0.9779383307634077,0.9687098052467115,1.9466481360101193
MultiDensityDBSCAN,new_data_scaled,0,2,2.25,10,5,0.9776244670919891,0.9682803307055668,1.945904797797556
MultiDensityDBSCAN,new_data_scaled,0,2,2.25,10,10,0.9767267410664163,0.9672070704651041,1.9439338115315206
MultiDensityDBSCAN,new_data_scaled,0,2,2.25,10,15,0.9767267410664163,0.9672070704651041,1.9439338115315206
MultiDensityDBSCAN,new_data_scaled,0,2,2.25,10,20,0.9743135342758544,0.9638226373398378,1.9381361716156922
MultiDensityDBSCAN,new_data_scaled,0,2,2.25,10,25,0.9743135342758544,0.9638226373398378,1.9381361716156922
MultiDensityDBSCAN,new_data_scaled,0,2,2.25,15,2,0.8503272972584321,0.9127160662597139,1.763043363518146
MultiDensityDBSCAN,new_data_scaled,0,2,2.25,15,3,0.8500249962902847,0.9119930592001325,1.7620180554904172
MultiDensityDBSCAN,new_data_scaled,0,2,2.25,15,5,0.8506943439693834,0.9128363278845805,1.7635306718539638
MultiDensityDBSCAN,new_data_scaled,0,2,2.25,15,10,0.8506381532225945,0.912446715661754,1.7630848688843486
MultiDensityDBSCAN,new_data_scaled,0,2,2.25,15,15,0.8506381532225945,0.912446715661754,1.7630848688843486
MultiDensityDBSCAN,new_data_scaled,0,2,2.25,15,20,0.8506381532225945,0.912446715661754,1.7630848688843486
MultiDensityDBSCAN,new_data_scaled,0,2,2.25,15,25,0.8506381532225945,0.912446715661754,1.7630848688843486
MultiDensityDBSCAN,new_data_scaled,0,2,2.25,20,2,0.8245781354747473,0.8970586101520164,1.7216367456267636
MultiDensityDBSCAN,new_data_scaled,0,2,2.25,20,3,0.824572680990689,0.8967643540286871,1.7213370350193762
MultiDensityDBSCAN,new_data_scaled,0,2,2.25,20,5,0.8248535008131589,0.8967913642635477,1.7216448650767067
MultiDensityDBSCAN,new_data_scaled,0,2,2.25,20,10,0.8248233763597631,0.8962673045192151,1.7210906808789783
MultiDensityDBSCAN,new_data_scaled,0,2,2.25,20,15,0.8248233763597631,0.8962673045192151,1.7210906808789783
MultiDensityDBSCAN,new_data_scaled,0,2,2.25,20,20,0.8248233763597631,0.8962673045192151,1.7210906808789783
MultiDensityDBSCAN,new_data_scaled,0,2,2.25,20,25,0.8248233763597631,0.8962673045192151,1.7210906808789783
MultiDensityDBSCAN,new_data_scaled,0,2,2.25,25,2,0.751621461502263,0.862675856204555,1.614297317706818
MultiDensityDBSCAN,new_data_scaled,0,2,2.25,25,3,0.751621461502263,0.862675856204555,1.614297317706818
MultiDensityDBSCAN,new_data_scaled,0,2,2.25,25,5,0.7523050482895228,0.8637031325629347,1.6160081808524576
MultiDensityDBSCAN,new_data_scaled,0,2,2.25,25,10,0.7516899734943988,0.8613235844607222,1.613013557955121
MultiDensityDBSCAN,new_data_scaled,0,2,2.25,25,15,0.7516899734943988,0.8613235844607222,1.613013557955121
MultiDensityDBSCAN,new_data_scaled,0,2,2.25,25,20,0.7516899734943988,0.8613235844607222,1.613013557955121
MultiDensityDBSCAN,new_data_scaled,0,2,2.25,25,25,0.7516899734943988,0.8613235844607222,1.613013557955121
MultiDensityDBSCAN,new_data_scaled,0,2,2.25,30,2,0.7770136060252016,0.8894618290386871,1.6664754350638886
MultiDensityDBSCAN,new_data_scaled,0,2,2.25,30,3,0.7770136060252016,0.8894618290386871,1.6664754350638886
MultiDensityDBSCAN,new_data_scaled,0,2,2.25,30,5,0.7777005418210811,0.8904588525749905,1.6681593943960715
MultiDensityDBSCAN,new_data_scaled,0,2,2.25,30,10,0.777068415945308,0.888442183090022,1.66551059903533
MultiDensityDBSCAN,new_data_scaled,0,2,2.25,30,15,0.777068415945308,0.888442183090022,1.66551059903533
MultiDensityDBSCAN,new_data_scaled,0,2,2.25,30,20,0.777068415945308,0.888442183090022,1.66551059903533
MultiDensityDBSCAN,new_data_scaled,0,2,2.25,30,25,0.777068415945308,0.888442183090022,1.66551059903533
MultiDensityDBSCAN,new_data_scaled,0,2,2.25,40,2,0.47826634207316715,0.7474938865027321,1.2257602285758993
MultiDensityDBSCAN,new_data_scaled,0,2,2.25,40,3,0.4782650583727361,0.7471777139579907,1.2254427723307268
MultiDensityDBSCAN,new_data_scaled,0,2,2.25,40,5,0.4788540919691935,0.7476421646982622,1.2264962566674558
MultiDensityDBSCAN,new_data_scaled,0,2,2.25,40,10,0.47838585739973066,0.7450460538393194,1.2234319112390502
MultiDensityDBSCAN,new_data_scaled,0,2,2.25,40,15,0.47838585739973066,0.7450460538393194,1.2234319112390502
MultiDensityDBSCAN,new_data_scaled,0,2,2.25,40,20,0.47838585739973066,0.7450460538393194,1.2234319112390502
MultiDensityDBSCAN,new_data_scaled,0,2,2.25,40,25,0.47838585739973066,0.7450460538393194,1.2234319112390502
MultiDensityDBSCAN,new_data_scaled,0,2,2.25,50,2,0.4784601682699898,0.7505144591764915,1.2289746274464814
MultiDensityDBSCAN,new_data_scaled,0,2,2.25,50,3,0.47845962812731985,0.7503196915276854,1.2287793196550052
MultiDensityDBSCAN,new_data_scaled,0,2,2.25,50,5,0.47905174612456586,0.7512983710242271,1.230350117148793
MultiDensityDBSCAN,new_data_scaled,0,2,2.25,50,10,0.47850256690182347,0.7486860636632362,1.2271886305650597
MultiDensityDBSCAN,new_data_scaled,0,2,2.25,50,15,0.47850256690182347,0.7486860636632362,1.2271886305650597
MultiDensityDBSCAN,new_data_scaled,0,2,2.25,50,20,0.47850256690182347,0.7486860636632362,1.2271886305650597
MultiDensityDBSCAN,new_data_scaled,0,2,2.25,50,25,0.47850256690182347,0.7486860636632362,1.2271886305650597
MultiDensityDBSCAN,new_data_scaled,0,2,2.25,60,2,0.31044304059810723,0.6266104069685648,0.9370534475666721
MultiDensityDBSCAN,new_data_scaled,0,2,2.25,60,3,0.31044304059810723,0.6266104069685648,0.9370534475666721
MultiDensityDBSCAN,new_data_scaled,0,2,2.25,60,5,0.3109516907389571,0.6274992214970284,0.9384509122359855
MultiDensityDBSCAN,new_data_scaled,0,2,2.25,60,10,0.3105826852710436,0.6247904833028456,0.9353731685738892
MultiDensityDBSCAN,new_data_scaled,0,2,2.25,60,15,0.3105826852710436,0.6247904833028456,0.9353731685738892
MultiDensityDBSCAN,new_data_scaled,0,2,2.25,60,20,0.3105826852710436,0.6247904833028456,0.9353731685738892
MultiDensityDBSCAN,new_data_scaled,0,2,2.25,60,25,0.3105826852710436,0.6247904833028456,0.9353731685738892
MultiDensityDBSCAN,new_data_scaled,0,2,2.5,5,2,0.8219546298360906,0.8938504564995349,1.7158050863356253
MultiDensityDBSCAN,new_data_scaled,0,2,2.5,5,3,0.8211993178641909,0.8937516125344094,1.7149509303986004
MultiDensityDBSCAN,new_data_scaled,0,2,2.5,5,5,0.8193538101002129,0.8917440490729486,1.7110978591731616
MultiDensityDBSCAN,new_data_scaled,0,2,2.5,5,10,0.8186251891942391,0.8928835239106934,1.7115087131049325
MultiDensityDBSCAN,new_data_scaled,0,2,2.5,5,15,0.8149789314416763,0.8893864413169492,1.7043653727586254
MultiDensityDBSCAN,new_data_scaled,0,2,2.5,5,20,0.8149789314416763,0.8893864413169492,1.7043653727586254
MultiDensityDBSCAN,new_data_scaled,0,2,2.5,5,25,0.8149789314416763,0.8893864413169492,1.7043653727586254
MultiDensityDBSCAN,new_data_scaled,0,2,2.5,6,2,0.9659573246913167,0.9594005178673461,1.9253578425586628
MultiDensityDBSCAN,new_data_scaled,0,2,2.5,6,3,0.9654458865900937,0.9592574842764582,1.9247033708665517
MultiDensityDBSCAN,new_data_scaled,0,2,2.5,6,5,0.964812082168442,0.9585595891782767,1.9233716713467186
MultiDensityDBSCAN,new_data_scaled,0,2,2.5,6,10,0.9648255372137655,0.9583908446940035,1.923216381907769
MultiDensityDBSCAN,new_data_scaled,0,2,2.5,6,15,0.9657335088393459,0.9601202182876313,1.9258537271269773
MultiDensityDBSCAN,new_data_scaled,0,2,2.5,6,20,0.9614985230772664,0.9540856093561509,1.9155841324334173
MultiDensityDBSCAN,new_data_scaled,0,2,2.5,6,25,0.9614985230772664,0.9540856093561509,1.9155841324334173
MultiDensityDBSCAN,new_data_scaled,0,2,2.5,7,2,0.9730377524303322,0.9685702409262134,1.9416079933565455
MultiDensityDBSCAN,new_data_scaled,0,2,2.5,7,3,0.9728914733317399,0.9684110361509682,1.941302509482708
MultiDensityDBSCAN,new_data_scaled,0,2,2.5,7,5,0.9725289765591568,0.9678875943446532,1.94041657090381
MultiDensityDBSCAN,new_data_scaled,0,2,2.5,7,10,0.9723614138506139,0.9673427599509183,1.9397041738015321
MultiDensityDBSCAN,new_data_scaled,0,2,2.5,7,15,0.9723614138506139,0.9673427599509183,1.9397041738015321
MultiDensityDBSCAN,new_data_scaled,0,2,2.5,7,20,0.9681097972888331,0.9613340025298984,1.9294437998187315
MultiDensityDBSCAN,new_data_scaled,0,2,2.5,7,25,0.9681097972888331,0.9613340025298984,1.9294437998187315
MultiDensityDBSCAN,new_data_scaled,0,2,2.5,10,2,0.9886147490215615,0.9820410976277869,1.9706558466493485
MultiDensityDBSCAN,new_data_scaled,0,2,2.5,10,3,0.9882522643538926,0.9814892049638461,1.9697414693177386
MultiDensityDBSCAN,new_data_scaled,0,2,2.5,10,5,0.988765678762279,0.982273367862907,1.9710390466251861
MultiDensityDBSCAN,new_data_scaled,0,2,2.5,10,10,0.9887291113902158,0.9822417781136533,1.9709708895038691
MultiDensityDBSCAN,new_data_scaled,0,2,2.5,10,15,0.9887291113902158,0.9822417781136533,1.9709708895038691
MultiDensityDBSCAN,new_data_scaled,0,2,2.5,10,20,0.9871491130127195,0.9794378575045665,1.966586970517286
MultiDensityDBSCAN,new_data_scaled,0,2,2.5,10,25,0.9871491130127195,0.9794378575045665,1.966586970517286
MultiDensityDBSCAN,new_data_scaled,0,2,2.5,15,2,0.7680637378522434,0.8903745671309978,1.6584383049832412
MultiDensityDBSCAN,new_data_scaled,0,2,2.5,15,3,0.7680637378522434,0.8903745671309978,1.6584383049832412
MultiDensityDBSCAN,new_data_scaled,0,2,2.5,15,5,0.7687443210523142,0.8912428865511535,1.6599872076034676
MultiDensityDBSCAN,new_data_scaled,0,2,2.5,15,10,0.7687443210523142,0.8912428865511535,1.6599872076034676
MultiDensityDBSCAN,new_data_scaled,0,2,2.5,15,15,0.7687443210523142,0.8912428865511535,1.6599872076034676
MultiDensityDBSCAN,new_data_scaled,0,2,2.5,15,20,0.7687443210523142,0.8912428865511535,1.6599872076034676
MultiDensityDBSCAN,new_data_scaled,0,2,2.5,15,25,0.7687443210523142,0.8912428865511535,1.6599872076034676
MultiDensityDBSCAN,new_data_scaled,0,2,2.5,20,2,0.7805475356252745,0.8951754368976959,1.6757229725229703
MultiDensityDBSCAN,new_data_scaled,0,2,2.5,20,3,0.7805475356252745,0.8951754368976959,1.6757229725229703
MultiDensityDBSCAN,new_data_scaled,0,2,2.5,20,5,0.7807335374966553,0.8946968989230989,1.675430436419754
MultiDensityDBSCAN,new_data_scaled,0,2,2.5,20,10,0.7807335374966553,0.8946968989230989,1.675430436419754
MultiDensityDBSCAN,new_data_scaled,0,2,2.5,20,15,0.7807335374966553,0.8946968989230989,1.675430436419754
MultiDensityDBSCAN,new_data_scaled,0,2,2.5,20,20,0.7807335374966553,0.8946968989230989,1.675430436419754
MultiDensityDBSCAN,new_data_scaled,0,2,2.5,20,25,0.7807335374966553,0.8946968989230989,1.675430436419754
MultiDensityDBSCAN,new_data_scaled,0,2,2.5,25,2,0.780977509858723,0.8964454592962801,1.677422969155003
MultiDensityDBSCAN,new_data_scaled,0,2,2.5,25,3,0.780977509858723,0.8964454592962801,1.677422969155003
MultiDensityDBSCAN,new_data_scaled,0,2,2.5,25,5,0.7811652095009017,0.896200820012685,1.6773660295135868
MultiDensityDBSCAN,new_data_scaled,0,2,2.5,25,10,0.7811652095009017,0.896200820012685,1.6773660295135868
MultiDensityDBSCAN,new_data_scaled,0,2,2.5,25,15,0.7811652095009017,0.896200820012685,1.6773660295135868
MultiDensityDBSCAN,new_data_scaled,0,2,2.5,25,20,0.7811652095009017,0.896200820012685,1.6773660295135868
MultiDensityDBSCAN,new_data_scaled,0,2,2.5,25,25,0.7811652095009017,0.896200820012685,1.6773660295135868
MultiDensityDBSCAN,new_data_scaled,0,2,2.5,30,2,0.7804016214700139,0.8963531222898755,1.6767547437598895
MultiDensityDBSCAN,new_data_scaled,0,2,2.5,30,3,0.7804016214700139,0.8963531222898755,1.6767547437598895
MultiDensityDBSCAN,new_data_scaled,0,2,2.5,30,5,0.7807143477375164,0.8963844653522298,1.6770988130897462
MultiDensityDBSCAN,new_data_scaled,0,2,2.5,30,10,0.7807143477375164,0.8963844653522298,1.6770988130897462
MultiDensityDBSCAN,new_data_scaled,0,2,2.5,30,15,0.7807143477375164,0.8963844653522298,1.6770988130897462
MultiDensityDBSCAN,new_data_scaled,0,2,2.5,30,20,0.7807143477375164,0.8963844653522298,1.6770988130897462
MultiDensityDBSCAN,new_data_scaled,0,2,2.5,30,25,0.7807143477375164,0.8963844653522298,1.6770988130897462
MultiDensityDBSCAN,new_data_scaled,0,2,2.5,40,2,0.31148339588839036,0.6336487704413483,0.9451321663297386
MultiDensityDBSCAN,new_data_scaled,0,2,2.5,40,3,0.31148339588839036,0.6336487704413483,0.9451321663297386
MultiDensityDBSCAN,new_data_scaled,0,2,2.5,40,5,0.31199415255693136,0.6345522247838394,0.9465463773407707
MultiDensityDBSCAN,new_data_scaled,0,2,2.5,40,10,0.31199415255693136,0.6345522247838394,0.9465463773407707
MultiDensityDBSCAN,new_data_scaled,0,2,2.5,40,15,0.31199415255693136,0.6345522247838394,0.9465463773407707
MultiDensityDBSCAN,new_data_scaled,0,2,2.5,40,20,0.31199415255693136,0.6345522247838394,0.9465463773407707
MultiDensityDBSCAN,new_data_scaled,0,2,2.5,40,25,0.31199415255693136,0.6345522247838394,0.9465463773407707
MultiDensityDBSCAN,new_data_scaled,0,2,2.5,50,2,0.31058279772826913,0.6316433097372749,0.942226107465544
MultiDensityDBSCAN,new_data_scaled,0,2,2.5,50,3,0.31058279772826913,0.6316433097372749,0.942226107465544
MultiDensityDBSCAN,new_data_scaled,0,2,2.5,50,5,0.31108870798804367,0.6325428877572663,0.94363159574531
MultiDensityDBSCAN,new_data_scaled,0,2,2.5,50,10,0.31108870798804367,0.6325428877572663,0.94363159574531
MultiDensityDBSCAN,new_data_scaled,0,2,2.5,50,15,0.31108870798804367,0.6325428877572663,0.94363159574531
MultiDensityDBSCAN,new_data_scaled,0,2,2.5,50,20,0.31108870798804367,0.6325428877572663,0.94363159574531
MultiDensityDBSCAN,new_data_scaled,0,2,2.5,50,25,0.31108870798804367,0.6325428877572663,0.94363159574531
MultiDensityDBSCAN,new_data_scaled,0,2,2.5,60,2,0.3937073148564746,0.7086486631094566,1.102355977965931
MultiDensityDBSCAN,new_data_scaled,0,2,2.5,60,3,0.3937073148564746,0.7086486631094566,1.102355977965931
MultiDensityDBSCAN,new_data_scaled,0,2,2.5,60,5,0.3942473852667472,0.7095975786290132,1.1038449638957604
MultiDensityDBSCAN,new_data_scaled,0,2,2.5,60,10,0.3942473852667472,0.7095975786290132,1.1038449638957604
MultiDensityDBSCAN,new_data_scaled,0,2,2.5,60,15,0.3942473852667472,0.7095975786290132,1.1038449638957604
MultiDensityDBSCAN,new_data_scaled,0,2,2.5,60,20,0.3942473852667472,0.7095975786290132,1.1038449638957604
MultiDensityDBSCAN,new_data_scaled,0,2,2.5,60,25,0.3942473852667472,0.7095975786290132,1.1038449638957604
MultiDensityDBSCAN,new_data_scaled,0,2,2.75,5,2,0.8340571341556864,0.9040770263312173,1.7381341604869038
MultiDensityDBSCAN,new_data_scaled,0,2,2.75,5,3,0.8333702892267035,0.9039558307740014,1.7373261200007049
MultiDensityDBSCAN,new_data_scaled,0,2,2.75,5,5,0.8318900643770627,0.9021877802443555,1.7340778446214182
MultiDensityDBSCAN,new_data_scaled,0,2,2.75,5,10,0.8314964841101017,0.9029201561993087,1.7344166403094103
MultiDensityDBSCAN,new_data_scaled,0,2,2.75,5,15,0.8285737513066177,0.8988184417156269,1.7273921930222444
MultiDensityDBSCAN,new_data_scaled,0,2,2.75,5,20,0.8285737513066177,0.8988184417156269,1.7273921930222444
MultiDensityDBSCAN,new_data_scaled,0,2,2.75,5,25,0.8285737513066177,0.8988184417156269,1.7273921930222444
MultiDensityDBSCAN,new_data_scaled,0,2,2.75,6,2,0.971444669684186,0.9679501672795254,1.9393948369637113
MultiDensityDBSCAN,new_data_scaled,0,2,2.75,6,3,0.9709975650875319,0.9674608325291557,1.9384583976166876
MultiDensityDBSCAN,new_data_scaled,0,2,2.75,6,5,0.9704697846190709,0.9670734371366537,1.9375432217557247
MultiDensityDBSCAN,new_data_scaled,0,2,2.75,6,10,0.9706810415363317,0.9670790884525021,1.9377601299888338
MultiDensityDBSCAN,new_data_scaled,0,2,2.75,6,15,0.9715871050427699,0.9688035144539009,1.9403906194966707
MultiDensityDBSCAN,new_data_scaled,0,2,2.75,6,20,0.9673543074892212,0.9628107805251576,1.9301650880143788
MultiDensityDBSCAN,new_data_scaled,0,2,2.75,6,25,0.9673543074892212,0.9628107805251576,1.9301650880143788
MultiDensityDBSCAN,new_data_scaled,0,2,2.75,7,2,0.9780982070458788,0.9757463541740901,1.9538445612199689
MultiDensityDBSCAN,new_data_scaled,0,2,2.75,7,3,0.9780699749728641,0.9756308568095544,1.9537008317824185
MultiDensityDBSCAN,new_data_scaled,0,2,2.75,7,5,0.9779052391403276,0.9753591288075333,1.953264367947861
MultiDensityDBSCAN,new_data_scaled,0,2,2.75,7,10,0.9778518644280528,0.9752474753968294,1.9530993398248824
MultiDensityDBSCAN,new_data_scaled,0,2,2.75,7,15,0.9778518644280528,0.9752474753968294,1.9530993398248824
MultiDensityDBSCAN,new_data_scaled,0,2,2.75,7,20,0.9736092900581301,0.9692772157264348,1.942886505784565
MultiDensityDBSCAN,new_data_scaled,0,2,2.75,7,25,0.9736092900581301,0.9692772157264348,1.942886505784565
MultiDensityDBSCAN,new_data_scaled,0,2,2.75,10,2,0.9941712682266854,0.9906868317529596,1.984858099979645
MultiDensityDBSCAN,new_data_scaled,0,2,2.75,10,3,0.9941663098566987,0.9906208214951443,1.984787131351843
MultiDensityDBSCAN,new_data_scaled,0,2,2.75,10,5,0.9946891443059966,0.9914866046193224,1.986175748925319
MultiDensityDBSCAN,new_data_scaled,0,2,2.75,10,10,0.9946891443059966,0.9914866046193224,1.986175748925319
MultiDensityDBSCAN,new_data_scaled,0,2,2.75,10,15,0.9946891443059966,0.9914866046193224,1.986175748925319
MultiDensityDBSCAN,new_data_scaled,0,2,2.75,10,20,0.9931059398711268,0.9887017652062471,1.981807705077374
MultiDensityDBSCAN,new_data_scaled,0,2,2.75,10,25,0.9931059398711268,0.9887017652062471,1.981807705077374
MultiDensityDBSCAN,new_data_scaled,0,2,2.75,15,2,0.7697280409168935,0.8953246438316503,1.6650526847485438
MultiDensityDBSCAN,new_data_scaled,0,2,2.75,15,3,0.7697280409168935,0.8953246438316503,1.6650526847485438
MultiDensityDBSCAN,new_data_scaled,0,2,2.75,15,5,0.7704098503559003,0.896109369627303,1.6665192199832033
MultiDensityDBSCAN,new_data_scaled,0,2,2.75,15,10,0.7704098503559003,0.896109369627303,1.6665192199832033
MultiDensityDBSCAN,new_data_scaled,0,2,2.75,15,15,0.7704098503559003,0.896109369627303,1.6665192199832033
MultiDensityDBSCAN,new_data_scaled,0,2,2.75,15,20,0.7704098503559003,0.896109369627303,1.6665192199832033
MultiDensityDBSCAN,new_data_scaled,0,2,2.75,15,25,0.7704098503559003,0.896109369627303,1.6665192199832033
MultiDensityDBSCAN,new_data_scaled,0,2,2.75,20,2,0.7814492722393505,0.8982411793196972,1.6796904515590476
MultiDensityDBSCAN,new_data_scaled,0,2,2.75,20,3,0.7812019586980399,0.8975188087635679,1.6787207674616078
MultiDensityDBSCAN,new_data_scaled,0,2,2.75,20,5,0.781885574604399,0.8985711899301125,1.6804567645345116
MultiDensityDBSCAN,new_data_scaled,0,2,2.75,20,10,0.781885574604399,0.8985711899301125,1.6804567645345116
MultiDensityDBSCAN,new_data_scaled,0,2,2.75,20,15,0.781885574604399,0.8985711899301125,1.6804567645345116
MultiDensityDBSCAN,new_data_scaled,0,2,2.75,20,20,0.781885574604399,0.8985711899301125,1.6804567645345116
MultiDensityDBSCAN,new_data_scaled,0,2,2.75,20,25,0.781885574604399,0.8985711899301125,1.6804567645345116
MultiDensityDBSCAN,new_data_scaled,0,2,2.75,25,2,0.7811718033650504,0.897997391766234,1.6791691951312844
MultiDensityDBSCAN,new_data_scaled,0,2,2.75,25,3,0.7811718033650504,0.897997391766234,1.6791691951312844
MultiDensityDBSCAN,new_data_scaled,0,2,2.75,25,5,0.7818563087990575,0.8990508315885468,1.6809071403876044
MultiDensityDBSCAN,new_data_scaled,0,2,2.75,25,10,0.7818563087990575,0.8990508315885468,1.6809071403876044
MultiDensityDBSCAN,new_data_scaled,0,2,2.75,25,15,0.7818563087990575,0.8990508315885468,1.6809071403876044
MultiDensityDBSCAN,new_data_scaled,0,2,2.75,25,20,0.7818563087990575,0.8990508315885468,1.6809071403876044
MultiDensityDBSCAN,new_data_scaled,0,2,2.75,25,25,0.7818563087990575,0.8990508315885468,1.6809071403876044
MultiDensityDBSCAN,new_data_scaled,0,2,2.75,30,2,0.7811718033650504,0.897997391766234,1.6791691951312844
MultiDensityDBSCAN,new_data_scaled,0,2,2.75,30,3,0.7811718033650504,0.897997391766234,1.6791691951312844
MultiDensityDBSCAN,new_data_scaled,0,2,2.75,30,5,0.7818563087990575,0.8990508315885468,1.6809071403876044
MultiDensityDBSCAN,new_data_scaled,0,2,2.75,30,10,0.7818563087990575,0.8990508315885468,1.6809071403876044
MultiDensityDBSCAN,new_data_scaled,0,2,2.75,30,15,0.7818563087990575,0.8990508315885468,1.6809071403876044
MultiDensityDBSCAN,new_data_scaled,0,2,2.75,30,20,0.7818563087990575,0.8990508315885468,1.6809071403876044
MultiDensityDBSCAN,new_data_scaled,0,2,2.75,30,25,0.7818563087990575,0.8990508315885468,1.6809071403876044
MultiDensityDBSCAN,new_data_scaled,0,2,2.75,40,2,0.39533989204317926,0.714826579494115,1.1101664715372943
MultiDensityDBSCAN,new_data_scaled,0,2,2.75,40,3,0.39533989204317926,0.714826579494115,1.1101664715372943
MultiDensityDBSCAN,new_data_scaled,0,2,2.75,40,5,0.3958863917128537,0.715619729416769,1.1115061211296227
MultiDensityDBSCAN,new_data_scaled,0,2,2.75,40,10,0.3958863917128537,0.715619729416769,1.1115061211296227
MultiDensityDBSCAN,new_data_scaled,0,2,2.75,40,15,0.3958863917128537,0.715619729416769,1.1115061211296227
MultiDensityDBSCAN,new_data_scaled,0,2,2.75,40,20,0.3958863917128537,0.715619729416769,1.1115061211296227
MultiDensityDBSCAN,new_data_scaled,0,2,2.75,40,25,0.3958863917128537,0.715619729416769,1.1115061211296227
MultiDensityDBSCAN,new_data_scaled,0,2,2.75,50,2,0.391848954365234,0.7082208724431102,1.1000698268083442
MultiDensityDBSCAN,new_data_scaled,0,2,2.75,50,3,0.391848954365234,0.7082208724431102,1.1000698268083442
MultiDensityDBSCAN,new_data_scaled,0,2,2.75,50,5,0.391848954365234,0.7082208724431102,1.1000698268083442
MultiDensityDBSCAN,new_data_scaled,0,2,2.75,50,10,0.391848954365234,0.7082208724431102,1.1000698268083442
MultiDensityDBSCAN,new_data_scaled,0,2,2.75,50,15,0.391848954365234,0.7082208724431102,1.1000698268083442
MultiDensityDBSCAN,new_data_scaled,0,2,2.75,50,20,0.391848954365234,0.7082208724431102,1.1000698268083442
MultiDensityDBSCAN,new_data_scaled,0,2,2.75,50,25,0.391848954365234,0.7082208724431102,1.1000698268083442
MultiDensityDBSCAN,new_data_scaled,0,2,2.75,60,2,0.22541996554330831,0.5225547468133037,0.7479747123566121
MultiDensityDBSCAN,new_data_scaled,0,2,2.75,60,3,0.22541996554330831,0.5225547468133037,0.7479747123566121
MultiDensityDBSCAN,new_data_scaled,0,2,2.75,60,5,0.22588126785895313,0.523344204600389,0.7492254724593421
MultiDensityDBSCAN,new_data_scaled,0,2,2.75,60,10,0.22588126785895313,0.523344204600389,0.7492254724593421
MultiDensityDBSCAN,new_data_scaled,0,2,2.75,60,15,0.22588126785895313,0.523344204600389,0.7492254724593421
MultiDensityDBSCAN,new_data_scaled,0,2,2.75,60,20,0.22588126785895313,0.523344204600389,0.7492254724593421
MultiDensityDBSCAN,new_data_scaled,0,2,2.75,60,25,0.22588126785895313,0.523344204600389,0.7492254724593421
MultiDensityDBSCAN,new_data_scaled,0,2,3,5,2,0.8355621373671718,0.9062982181047681,1.7418603554719398
MultiDensityDBSCAN,new_data_scaled,0,2,3,5,3,0.8349487019991685,0.9061894536519778,1.7411381556511463
MultiDensityDBSCAN,new_data_scaled,0,2,3,5,5,0.8334884422634641,0.904366347807717,1.737854790071181
MultiDensityDBSCAN,new_data_scaled,0,2,3,5,10,0.8331088474309638,0.9048550236607303,1.737963871091694
MultiDensityDBSCAN,new_data_scaled,0,2,3,5,15,0.8302268937374344,0.9006184134781153,1.7308453072155499
MultiDensityDBSCAN,new_data_scaled,0,2,3,5,20,0.8302268937374344,0.9006184134781153,1.7308453072155499
MultiDensityDBSCAN,new_data_scaled,0,2,3,5,25,0.8302268937374344,0.9006184134781153,1.7308453072155499
MultiDensityDBSCAN,new_data_scaled,0,2,3,6,2,0.9747048332198343,0.9725142782020715,1.9472191114219057
MultiDensityDBSCAN,new_data_scaled,0,2,3,6,3,0.9742931747461893,0.9718833451276204,1.9461765198738097
MultiDensityDBSCAN,new_data_scaled,0,2,3,6,5,0.9742827841734677,0.9720611290222164,1.9463439131956841
MultiDensityDBSCAN,new_data_scaled,0,2,3,6,10,0.9745979233811964,0.9722207637986682,1.9468186871798645
MultiDensityDBSCAN,new_data_scaled,0,2,3,6,15,0.9754992321309709,0.9739426162085522,1.949441848339523
MultiDensityDBSCAN,new_data_scaled,0,2,3,6,20,0.9712791765222029,0.9679730682366823,1.9392522447588851
MultiDensityDBSCAN,new_data_scaled,0,2,3,6,25,0.9712791765222029,0.9679730682366823,1.9392522447588851
MultiDensityDBSCAN,new_data_scaled,0,2,3,7,2,0.9810597351452345,0.9802719245240397,1.9613316596692743
MultiDensityDBSCAN,new_data_scaled,0,2,3,7,3,0.9810413912095729,0.9801906721333702,1.9612320633429432
MultiDensityDBSCAN,new_data_scaled,0,2,3,7,5,0.981390080907647,0.9807336816943484,1.9621237626019954
MultiDensityDBSCAN,new_data_scaled,0,2,3,7,10,0.981390080907647,0.9807336816943484,1.9621237626019954
MultiDensityDBSCAN,new_data_scaled,0,2,3,7,15,0.981390080907647,0.9807336816943484,1.9621237626019954
MultiDensityDBSCAN,new_data_scaled,0,2,3,7,20,0.9771589582678998,0.9747899262696488,1.9519488845375486
MultiDensityDBSCAN,new_data_scaled,0,2,3,7,25,0.9771589582678998,0.9747899262696488,1.9519488845375486
MultiDensityDBSCAN,new_data_scaled,0,2,3,10,2,0.9470718989629531,0.9709042453108073,1.9179761442737604
MultiDensityDBSCAN,new_data_scaled,0,2,3,10,3,0.9470718989629531,0.9709042453108073,1.9179761442737604
MultiDensityDBSCAN,new_data_scaled,0,2,3,10,5,0.9475961346629436,0.9715084398455193,1.919104574508463
MultiDensityDBSCAN,new_data_scaled,0,2,3,10,10,0.9475961346629436,0.9715084398455193,1.919104574508463
MultiDensityDBSCAN,new_data_scaled,0,2,3,10,15,0.9475961346629436,0.9715084398455193,1.919104574508463
MultiDensityDBSCAN,new_data_scaled,0,2,3,10,20,0.9461322589984414,0.9685965424604925,1.914728801458934
MultiDensityDBSCAN,new_data_scaled,0,2,3,10,25,0.9461322589984414,0.9685965424604925,1.914728801458934
MultiDensityDBSCAN,new_data_scaled,0,2,3,15,2,0.7694615694245109,0.8963594935801815,1.6658210630046923
MultiDensityDBSCAN,new_data_scaled,0,2,3,15,3,0.7694615694245109,0.8963594935801815,1.6658210630046923
MultiDensityDBSCAN,new_data_scaled,0,2,3,15,5,0.7701455612036522,0.8974127837067198,1.667558344910372
MultiDensityDBSCAN,new_data_scaled,0,2,3,15,10,0.7701455612036522,0.8974127837067198,1.667558344910372
MultiDensityDBSCAN,new_data_scaled,0,2,3,15,15,0.7701455612036522,0.8974127837067198,1.667558344910372
MultiDensityDBSCAN,new_data_scaled,0,2,3,15,20,0.7701455612036522,0.8974127837067198,1.667558344910372
MultiDensityDBSCAN,new_data_scaled,0,2,3,15,25,0.7701455612036522,0.8974127837067198,1.667558344910372
MultiDensityDBSCAN,new_data_scaled,0,2,3,20,2,0.7811718033650504,0.897997391766234,1.6791691951312844
MultiDensityDBSCAN,new_data_scaled,0,2,3,20,3,0.7811718033650504,0.897997391766234,1.6791691951312844
MultiDensityDBSCAN,new_data_scaled,0,2,3,20,5,0.7818563087990575,0.8990508315885468,1.6809071403876044
MultiDensityDBSCAN,new_data_scaled,0,2,3,20,10,0.7818563087990575,0.8990508315885468,1.6809071403876044
MultiDensityDBSCAN,new_data_scaled,0,2,3,20,15,0.7818563087990575,0.8990508315885468,1.6809071403876044
MultiDensityDBSCAN,new_data_scaled,0,2,3,20,20,0.7818563087990575,0.8990508315885468,1.6809071403876044
MultiDensityDBSCAN,new_data_scaled,0,2,3,20,25,0.7818563087990575,0.8990508315885468,1.6809071403876044
MultiDensityDBSCAN,new_data_scaled,0,2,3,25,2,0.4948579390145934,0.7951455313988384,1.2900034704134318
MultiDensityDBSCAN,new_data_scaled,0,2,3,25,3,0.4948579390145934,0.7951455313988384,1.2900034704134318
MultiDensityDBSCAN,new_data_scaled,0,2,3,25,5,0.4954631856795887,0.7961671662972836,1.2916303519768721
MultiDensityDBSCAN,new_data_scaled,0,2,3,25,10,0.4954631856795887,0.7961671662972836,1.2916303519768721
MultiDensityDBSCAN,new_data_scaled,0,2,3,25,15,0.4954631856795887,0.7961671662972836,1.2916303519768721
MultiDensityDBSCAN,new_data_scaled,0,2,3,25,20,0.4954631856795887,0.7961671662972836,1.2916303519768721
MultiDensityDBSCAN,new_data_scaled,0,2,3,25,25,0.4954631856795887,0.7961671662972836,1.2916303519768721
MultiDensityDBSCAN,new_data_scaled,0,2,3,30,2,0.49551183397373166,0.7960776240326957,1.2915894580064273
MultiDensityDBSCAN,new_data_scaled,0,2,3,30,3,0.49551183397373166,0.7960776240326957,1.2915894580064273
MultiDensityDBSCAN,new_data_scaled,0,2,3,30,5,0.4961170142679113,0.797100405692666,1.2932174199605773
MultiDensityDBSCAN,new_data_scaled,0,2,3,30,10,0.4961170142679113,0.797100405692666,1.2932174199605773
MultiDensityDBSCAN,new_data_scaled,0,2,3,30,15,0.4961170142679113,0.797100405692666,1.2932174199605773
MultiDensityDBSCAN,new_data_scaled,0,2,3,30,20,0.4961170142679113,0.797100405692666,1.2932174199605773
MultiDensityDBSCAN,new_data_scaled,0,2,3,30,25,0.4961170142679113,0.797100405692666,1.2932174199605773
MultiDensityDBSCAN,new_data_scaled,0,2,3,40,2,0.3909888716738338,0.7101000414235854,1.1010889130974193
MultiDensityDBSCAN,new_data_scaled,0,2,3,40,3,0.3909888716738338,0.7101000414235854,1.1010889130974193
MultiDensityDBSCAN,new_data_scaled,0,2,3,40,5,0.3909888716738338,0.7101000414235854,1.1010889130974193
MultiDensityDBSCAN,new_data_scaled,0,2,3,40,10,0.3909888716738338,0.7101000414235854,1.1010889130974193
MultiDensityDBSCAN,new_data_scaled,0,2,3,40,15,0.3909888716738338,0.7101000414235854,1.1010889130974193
MultiDensityDBSCAN,new_data_scaled,0,2,3,40,20,0.3909888716738338,0.7101000414235854,1.1010889130974193
MultiDensityDBSCAN,new_data_scaled,0,2,3,40,25,0.3909888716738338,0.7101000414235854,1.1010889130974193
MultiDensityDBSCAN,new_data_scaled,0,2,3,50,2,0.2980262127750424,0.622362637897004,0.9203888506720463
MultiDensityDBSCAN,new_data_scaled,0,2,3,50,3,0.2980262127750424,0.622362637897004,0.9203888506720463
MultiDensityDBSCAN,new_data_scaled,0,2,3,50,5,0.29852927786260697,0.6232526569419419,0.9217819348045488
MultiDensityDBSCAN,new_data_scaled,0,2,3,50,10,0.29852927786260697,0.6232526569419419,0.9217819348045488
MultiDensityDBSCAN,new_data_scaled,0,2,3,50,15,0.29852927786260697,0.6232526569419419,0.9217819348045488
MultiDensityDBSCAN,new_data_scaled,0,2,3,50,20,0.29852927786260697,0.6232526569419419,0.9217819348045488
MultiDensityDBSCAN,new_data_scaled,0,2,3,50,25,0.29852927786260697,0.6232526569419419,0.9217819348045488
MultiDensityDBSCAN,new_data_scaled,0,2,3,60,2,0.11205590415171053,0.3414725695900636,0.45352847374177413
MultiDensityDBSCAN,new_data_scaled,0,2,3,60,3,0.11205590415171053,0.3414725695900636,0.45352847374177413
MultiDensityDBSCAN,new_data_scaled,0,2,3,60,5,0.11205590415171053,0.3414725695900636,0.45352847374177413
MultiDensityDBSCAN,new_data_scaled,0,2,3,60,10,0.11205590415171053,0.3414725695900636,0.45352847374177413
MultiDensityDBSCAN,new_data_scaled,0,2,3,60,15,0.11205590415171053,0.3414725695900636,0.45352847374177413
MultiDensityDBSCAN,new_data_scaled,0,2,3,60,20,0.11205590415171053,0.3414725695900636,0.45352847374177413
MultiDensityDBSCAN,new_data_scaled,0,2,3,60,25,0.11205590415171053,0.3414725695900636,0.45352847374177413
MultiDensityDBSCAN,new_data_scaled,0,2,3.5,5,2,0.838073860793311,0.9097901608665672,1.7478640216598782
MultiDensityDBSCAN,new_data_scaled,0,2,3.5,5,3,0.8375292535510611,0.9094642429203824,1.7469934964714435
MultiDensityDBSCAN,new_data_scaled,0,2,3.5,5,5,0.8361827873808348,0.9080275153805937,1.7442103027614286
MultiDensityDBSCAN,new_data_scaled,0,2,3.5,5,10,0.835842074410699,0.9080629140450239,1.743904988455723
MultiDensityDBSCAN,new_data_scaled,0,2,3.5,5,15,0.8330818821871117,0.9036281708397158,1.7367100530268273
MultiDensityDBSCAN,new_data_scaled,0,2,3.5,5,20,0.8330818821871117,0.9036281708397158,1.7367100530268273
MultiDensityDBSCAN,new_data_scaled,0,2,3.5,5,25,0.8330818821871117,0.9036281708397158,1.7367100530268273
MultiDensityDBSCAN,new_data_scaled,0,2,3.5,6,2,0.9771167880698026,0.976645184786547,1.9537619728563498
MultiDensityDBSCAN,new_data_scaled,0,2,3.5,6,3,0.9767316344511341,0.976071549664779,1.952803184115913
MultiDensityDBSCAN,new_data_scaled,0,2,3.5,6,5,0.97674016372138,0.9762278083718894,1.9529679720932693
MultiDensityDBSCAN,new_data_scaled,0,2,3.5,6,10,0.9770703533903009,0.976463443309588,1.953533796699889
MultiDensityDBSCAN,new_data_scaled,0,2,3.5,6,15,0.9779703776506916,0.9781831968194441,1.9561535744701357
MultiDensityDBSCAN,new_data_scaled,0,2,3.5,6,20,0.9737582869007739,0.9722353646482181,1.9459936515489922
MultiDensityDBSCAN,new_data_scaled,0,2,3.5,6,25,0.9737582869007739,0.9722353646482181,1.9459936515489922
MultiDensityDBSCAN,new_data_scaled,0,2,3.5,7,2,0.9836595866321295,0.9851299697012317,1.9687895563333613
MultiDensityDBSCAN,new_data_scaled,0,2,3.5,7,3,0.9836497191991854,0.9850953151326916,1.968745034331877
MultiDensityDBSCAN,new_data_scaled,0,2,3.5,7,5,0.9840137974351996,0.9856856811913733,1.969699478626573
MultiDensityDBSCAN,new_data_scaled,0,2,3.5,7,10,0.9840137974351996,0.9856856811913733,1.969699478626573
MultiDensityDBSCAN,new_data_scaled,0,2,3.5,7,15,0.9840137974351996,0.9856856811913733,1.969699478626573
MultiDensityDBSCAN,new_data_scaled,0,2,3.5,7,20,0.9797908851194433,0.97976555523656,1.9595564403560033
MultiDensityDBSCAN,new_data_scaled,0,2,3.5,7,25,0.9797908851194433,0.97976555523656,1.9595564403560033
MultiDensityDBSCAN,new_data_scaled,0,2,3.5,10,2,0.9479302210743271,0.9724037503425593,1.9203339714168863
MultiDensityDBSCAN,new_data_scaled,0,2,3.5,10,3,0.9479302210743271,0.9724037503425593,1.9203339714168863
MultiDensityDBSCAN,new_data_scaled,0,2,3.5,10,5,0.9484577346783534,0.9732407034675191,1.9216984381458726
MultiDensityDBSCAN,new_data_scaled,0,2,3.5,10,10,0.9484577346783534,0.9732407034675191,1.9216984381458726
MultiDensityDBSCAN,new_data_scaled,0,2,3.5,10,15,0.9484577346783534,0.9732407034675191,1.9216984381458726
MultiDensityDBSCAN,new_data_scaled,0,2,3.5,10,20,0.9469938422991123,0.9703316307518388,1.9173254730509512
MultiDensityDBSCAN,new_data_scaled,0,2,3.5,10,25,0.9469938422991123,0.9703316307518388,1.9173254730509512
MultiDensityDBSCAN,new_data_scaled,0,2,3.5,15,2,0.7701679664694846,0.8971780842422584,1.667346050711743
MultiDensityDBSCAN,new_data_scaled,0,2,3.5,15,3,0.7701679664694846,0.8971780842422584,1.667346050711743
MultiDensityDBSCAN,new_data_scaled,0,2,3.5,15,5,0.7708517207612852,0.8982323163785574,1.6690840371398425
MultiDensityDBSCAN,new_data_scaled,0,2,3.5,15,10,0.7708517207612852,0.8982323163785574,1.6690840371398425
MultiDensityDBSCAN,new_data_scaled,0,2,3.5,15,15,0.7708517207612852,0.8982323163785574,1.6690840371398425
MultiDensityDBSCAN,new_data_scaled,0,2,3.5,15,20,0.7708517207612852,0.8982323163785574,1.6690840371398425
MultiDensityDBSCAN,new_data_scaled,0,2,3.5,15,25,0.7708517207612852,0.8982323163785574,1.6690840371398425
MultiDensityDBSCAN,new_data_scaled,0,2,3.5,20,2,0.49551183397373166,0.7960776240326957,1.2915894580064273
MultiDensityDBSCAN,new_data_scaled,0,2,3.5,20,3,0.49551183397373166,0.7960776240326957,1.2915894580064273
MultiDensityDBSCAN,new_data_scaled,0,2,3.5,20,5,0.4961170142679113,0.797100405692666,1.2932174199605773
MultiDensityDBSCAN,new_data_scaled,0,2,3.5,20,10,0.4961170142679113,0.797100405692666,1.2932174199605773
MultiDensityDBSCAN,new_data_scaled,0,2,3.5,20,15,0.4961170142679113,0.797100405692666,1.2932174199605773
MultiDensityDBSCAN,new_data_scaled,0,2,3.5,20,20,0.4961170142679113,0.797100405692666,1.2932174199605773
MultiDensityDBSCAN,new_data_scaled,0,2,3.5,20,25,0.4961170142679113,0.797100405692666,1.2932174199605773
MultiDensityDBSCAN,new_data_scaled,0,2,3.5,25,2,0.18109586595170393,0.5405277310243161,0.72162359697602
MultiDensityDBSCAN,new_data_scaled,0,2,3.5,25,3,0.18109586595170393,0.5405277310243161,0.72162359697602
MultiDensityDBSCAN,new_data_scaled,0,2,3.5,25,5,0.18154034948995615,0.5413698264521953,0.7229101759421515
MultiDensityDBSCAN,new_data_scaled,0,2,3.5,25,10,0.18154034948995615,0.5413698264521953,0.7229101759421515
MultiDensityDBSCAN,new_data_scaled,0,2,3.5,25,15,0.18154034948995615,0.5413698264521953,0.7229101759421515
MultiDensityDBSCAN,new_data_scaled,0,2,3.5,25,20,0.18154034948995615,0.5413698264521953,0.7229101759421515
MultiDensityDBSCAN,new_data_scaled,0,2,3.5,25,25,0.18154034948995615,0.5413698264521953,0.7229101759421515
MultiDensityDBSCAN,new_data_scaled,0,2,3.5,30,2,0.18109586595170393,0.5405277310243161,0.72162359697602
MultiDensityDBSCAN,new_data_scaled,0,2,3.5,30,3,0.18109586595170393,0.5405277310243161,0.72162359697602
MultiDensityDBSCAN,new_data_scaled,0,2,3.5,30,5,0.18154034948995615,0.5413698264521953,0.7229101759421515
MultiDensityDBSCAN,new_data_scaled,0,2,3.5,30,10,0.18154034948995615,0.5413698264521953,0.7229101759421515
MultiDensityDBSCAN,new_data_scaled,0,2,3.5,30,15,0.18154034948995615,0.5413698264521953,0.7229101759421515
MultiDensityDBSCAN,new_data_scaled,0,2,3.5,30,20,0.18154034948995615,0.5413698264521953,0.7229101759421515
MultiDensityDBSCAN,new_data_scaled,0,2,3.5,30,25,0.18154034948995615,0.5413698264521953,0.7229101759421515
MultiDensityDBSCAN,new_data_scaled,0,2,3.5,40,2,0.0639605691965321,0.2524950434044377,0.31645561260096977
MultiDensityDBSCAN,new_data_scaled,0,2,3.5,40,3,0.0639605691965321,0.2524950434044377,0.31645561260096977
MultiDensityDBSCAN,new_data_scaled,0,2,3.5,40,5,0.06432426315543606,0.2529397140953836,0.3172639772508197
MultiDensityDBSCAN,new_data_scaled,0,2,3.5,40,10,0.06432426315543606,0.2529397140953836,0.3172639772508197
MultiDensityDBSCAN,new_data_scaled,0,2,3.5,40,15,0.06432426315543606,0.2529397140953836,0.3172639772508197
MultiDensityDBSCAN,new_data_scaled,0,2,3.5,40,20,0.06432426315543606,0.2529397140953836,0.3172639772508197
MultiDensityDBSCAN,new_data_scaled,0,2,3.5,40,25,0.06432426315543606,0.2529397140953836,0.3172639772508197
MultiDensityDBSCAN,new_data_scaled,0,2,3.5,50,2,0.06195693409400528,0.24571537101388644,0.30767230510789173
MultiDensityDBSCAN,new_data_scaled,0,2,3.5,50,3,0.06195693409400528,0.24571537101388644,0.30767230510789173
MultiDensityDBSCAN,new_data_scaled,0,2,3.5,50,5,0.06195693409400528,0.24571537101388644,0.30767230510789173
MultiDensityDBSCAN,new_data_scaled,0,2,3.5,50,10,0.06195693409400528,0.24571537101388644,0.30767230510789173
MultiDensityDBSCAN,new_data_scaled,0,2,3.5,50,15,0.06195693409400528,0.24571537101388644,0.30767230510789173
MultiDensityDBSCAN,new_data_scaled,0,2,3.5,50,20,0.06195693409400528,0.24571537101388644,0.30767230510789173
MultiDensityDBSCAN,new_data_scaled,0,2,3.5,50,25,0.06195693409400528,0.24571537101388644,0.30767230510789173
MultiDensityDBSCAN,new_data_scaled,0,2,3.5,60,2,0.06012756097433579,0.23982663464741558,0.29995419562175135
MultiDensityDBSCAN,new_data_scaled,0,2,3.5,60,3,0.06012756097433579,0.23982663464741558,0.29995419562175135
MultiDensityDBSCAN,new_data_scaled,0,2,3.5,60,5,0.06012756097433579,0.23982663464741558,0.29995419562175135
MultiDensityDBSCAN,new_data_scaled,0,2,3.5,60,10,0.06012756097433579,0.23982663464741558,0.29995419562175135
MultiDensityDBSCAN,new_data_scaled,0,2,3.5,60,15,0.06012756097433579,0.23982663464741558,0.29995419562175135
MultiDensityDBSCAN,new_data_scaled,0,2,3.5,60,20,0.06012756097433579,0.23982663464741558,0.29995419562175135
MultiDensityDBSCAN,new_data_scaled,0,2,3.5,60,25,0.06012756097433579,0.23982663464741558,0.29995419562175135
MultiDensityDBSCAN,new_data_scaled,0,2,4,5,2,0.8391277483310633,0.9109885092537793,1.7501162575848426
MultiDensityDBSCAN,new_data_scaled,0,2,4,5,3,0.8385916306340425,0.9106982356888348,1.7492898663228773
MultiDensityDBSCAN,new_data_scaled,0,2,4,5,5,0.837226471286741,0.9091001681730578,1.7463266394597987
MultiDensityDBSCAN,new_data_scaled,0,2,4,5,10,0.8370064945092247,0.9093536381596995,1.7463601326689242
MultiDensityDBSCAN,new_data_scaled,0,2,4,5,15,0.8343225291690256,0.9050252779854675,1.739347807154493
MultiDensityDBSCAN,new_data_scaled,0,2,4,5,20,0.8343225291690256,0.9050252779854675,1.739347807154493
MultiDensityDBSCAN,new_data_scaled,0,2,4,5,25,0.8343225291690256,0.9050252779854675,1.739347807154493
MultiDensityDBSCAN,new_data_scaled,0,2,4,6,2,0.9773033153273946,0.9771314326622451,1.9544347479896396
MultiDensityDBSCAN,new_data_scaled,0,2,4,6,3,0.9769202548612511,0.9764105965767677,1.9533308514380188
MultiDensityDBSCAN,new_data_scaled,0,2,4,6,5,0.9769284296992997,0.9765649257650396,1.9534933554643392
MultiDensityDBSCAN,new_data_scaled,0,2,4,6,10,0.9772600431576066,0.9768107258752926,1.9540707690328993
MultiDensityDBSCAN,new_data_scaled,0,2,4,6,15,0.9781600778091103,0.9785304117910614,1.9566904896001716
MultiDensityDBSCAN,new_data_scaled,0,2,4,6,20,0.9739479130201003,0.9725838257918756,1.9465317388119758
MultiDensityDBSCAN,new_data_scaled,0,2,4,6,25,0.9739479130201003,0.9725838257918756,1.9465317388119758
MultiDensityDBSCAN,new_data_scaled,0,2,4,7,2,0.9836595866321295,0.9851299697012317,1.9687895563333613
MultiDensityDBSCAN,new_data_scaled,0,2,4,7,3,0.9836497191991854,0.9850953151326916,1.968745034331877
MultiDensityDBSCAN,new_data_scaled,0,2,4,7,5,0.9840137974351996,0.9856856811913733,1.969699478626573
MultiDensityDBSCAN,new_data_scaled,0,2,4,7,10,0.9840137974351996,0.9856856811913733,1.969699478626573
MultiDensityDBSCAN,new_data_scaled,0,2,4,7,15,0.9840137974351996,0.9856856811913733,1.969699478626573
MultiDensityDBSCAN,new_data_scaled,0,2,4,7,20,0.9797908851194433,0.97976555523656,1.9595564403560033
MultiDensityDBSCAN,new_data_scaled,0,2,4,7,25,0.9797908851194433,0.97976555523656,1.9595564403560033
MultiDensityDBSCAN,new_data_scaled,0,2,4,10,2,0.9479302210743271,0.9724037503425593,1.9203339714168863
MultiDensityDBSCAN,new_data_scaled,0,2,4,10,3,0.9479302210743271,0.9724037503425593,1.9203339714168863
MultiDensityDBSCAN,new_data_scaled,0,2,4,10,5,0.9484577346783534,0.9732407034675191,1.9216984381458726
MultiDensityDBSCAN,new_data_scaled,0,2,4,10,10,0.9484577346783534,0.9732407034675191,1.9216984381458726
MultiDensityDBSCAN,new_data_scaled,0,2,4,10,15,0.9484577346783534,0.9732407034675191,1.9216984381458726
MultiDensityDBSCAN,new_data_scaled,0,2,4,10,20,0.9469938422991123,0.9703316307518388,1.9173254730509512
MultiDensityDBSCAN,new_data_scaled,0,2,4,10,25,0.9469938422991123,0.9703316307518388,1.9173254730509512
MultiDensityDBSCAN,new_data_scaled,0,2,4,15,2,0.698111689064079,0.8549039504314436,1.5530156394955226
MultiDensityDBSCAN,new_data_scaled,0,2,4,15,3,0.698111689064079,0.8549039504314436,1.5530156394955226
MultiDensityDBSCAN,new_data_scaled,0,2,4,15,5,0.6987798923627565,0.8559459425987357,1.5547258349614923
MultiDensityDBSCAN,new_data_scaled,0,2,4,15,10,0.6987798923627565,0.8559459425987357,1.5547258349614923
MultiDensityDBSCAN,new_data_scaled,0,2,4,15,15,0.6987798923627565,0.8559459425987357,1.5547258349614923
MultiDensityDBSCAN,new_data_scaled,0,2,4,15,20,0.6987798923627565,0.8559459425987357,1.5547258349614923
MultiDensityDBSCAN,new_data_scaled,0,2,4,15,25,0.6987798923627565,0.8559459425987357,1.5547258349614923
MultiDensityDBSCAN,new_data_scaled,0,2,4,20,2,0.18109586595170393,0.5405277310243161,0.72162359697602
MultiDensityDBSCAN,new_data_scaled,0,2,4,20,3,0.18109586595170393,0.5405277310243161,0.72162359697602
MultiDensityDBSCAN,new_data_scaled,0,2,4,20,5,0.18154034948995615,0.5413698264521953,0.7229101759421515
MultiDensityDBSCAN,new_data_scaled,0,2,4,20,10,0.18154034948995615,0.5413698264521953,0.7229101759421515
MultiDensityDBSCAN,new_data_scaled,0,2,4,20,15,0.18154034948995615,0.5413698264521953,0.7229101759421515
MultiDensityDBSCAN,new_data_scaled,0,2,4,20,20,0.18154034948995615,0.5413698264521953,0.7229101759421515
MultiDensityDBSCAN,new_data_scaled,0,2,4,20,25,0.18154034948995615,0.5413698264521953,0.7229101759421515
MultiDensityDBSCAN,new_data_scaled,0,2,4,25,2,0.18109586595170393,0.5405277310243161,0.72162359697602
MultiDensityDBSCAN,new_data_scaled,0,2,4,25,3,0.18109586595170393,0.5405277310243161,0.72162359697602
MultiDensityDBSCAN,new_data_scaled,0,2,4,25,5,0.18154034948995615,0.5413698264521953,0.7229101759421515
MultiDensityDBSCAN,new_data_scaled,0,2,4,25,10,0.18154034948995615,0.5413698264521953,0.7229101759421515
MultiDensityDBSCAN,new_data_scaled,0,2,4,25,15,0.18154034948995615,0.5413698264521953,0.7229101759421515
MultiDensityDBSCAN,new_data_scaled,0,2,4,25,20,0.18154034948995615,0.5413698264521953,0.7229101759421515
MultiDensityDBSCAN,new_data_scaled,0,2,4,25,25,0.18154034948995615,0.5413698264521953,0.7229101759421515
MultiDensityDBSCAN,new_data_scaled,0,2,4,30,2,0.1135133902051329,0.4027650690797165,0.5162784592848494
MultiDensityDBSCAN,new_data_scaled,0,2,4,30,3,0.11351330637876447,0.40254313823636056,0.516056444615125
MultiDensityDBSCAN,new_data_scaled,0,2,4,30,5,0.11391270007027236,0.40321902177696534,0.5171317218472377
MultiDensityDBSCAN,new_data_scaled,0,2,4,30,10,0.11391270007027236,0.40321902177696534,0.5171317218472377
MultiDensityDBSCAN,new_data_scaled,0,2,4,30,15,0.11391270007027236,0.40321902177696534,0.5171317218472377
MultiDensityDBSCAN,new_data_scaled,0,2,4,30,20,0.11391270007027236,0.40321902177696534,0.5171317218472377
MultiDensityDBSCAN,new_data_scaled,0,2,4,30,25,0.11391270007027236,0.40321902177696534,0.5171317218472377
MultiDensityDBSCAN,new_data_scaled,0,2,4,40,2,0.06281387840173909,0.2548514655637492,0.3176653439654883
MultiDensityDBSCAN,new_data_scaled,0,2,4,40,3,0.06281387840173909,0.2548514655637492,0.3176653439654883
MultiDensityDBSCAN,new_data_scaled,0,2,4,40,5,0.06317717135795539,0.2553191495929829,0.31849632095093827
MultiDensityDBSCAN,new_data_scaled,0,2,4,40,10,0.06317717135795539,0.2553191495929829,0.31849632095093827
MultiDensityDBSCAN,new_data_scaled,0,2,4,40,15,0.06317717135795539,0.2553191495929829,0.31849632095093827
MultiDensityDBSCAN,new_data_scaled,0,2,4,40,20,0.06317717135795539,0.2553191495929829,0.31849632095093827
MultiDensityDBSCAN,new_data_scaled,0,2,4,40,25,0.06317717135795539,0.2553191495929829,0.31849632095093827
MultiDensityDBSCAN,new_data_scaled,0,2,4,50,2,0.060507526684720724,0.24444308373544713,0.30495061042016786
MultiDensityDBSCAN,new_data_scaled,0,2,4,50,3,0.060507526684720724,0.24444308373544713,0.30495061042016786
MultiDensityDBSCAN,new_data_scaled,0,2,4,50,5,0.060507526684720724,0.24444308373544713,0.30495061042016786
MultiDensityDBSCAN,new_data_scaled,0,2,4,50,10,0.060507526684720724,0.24444308373544713,0.30495061042016786
MultiDensityDBSCAN,new_data_scaled,0,2,4,50,15,0.060507526684720724,0.24444308373544713,0.30495061042016786
MultiDensityDBSCAN,new_data_scaled,0,2,4,50,20,0.060507526684720724,0.24444308373544713,0.30495061042016786
MultiDensityDBSCAN,new_data_scaled,0,2,4,50,25,0.060507526684720724,0.24444308373544713,0.30495061042016786
MultiDensityDBSCAN,new_data_scaled,0,2,4,60,2,0.058028011840373234,0.23741671380840929,0.29544472564878255
MultiDensityDBSCAN,new_data_scaled,0,2,4,60,3,0.058028011840373234,0.23741671380840929,0.29544472564878255
MultiDensityDBSCAN,new_data_scaled,0,2,4,60,5,0.058028011840373234,0.23741671380840929,0.29544472564878255
MultiDensityDBSCAN,new_data_scaled,0,2,4,60,10,0.058028011840373234,0.23741671380840929,0.29544472564878255
MultiDensityDBSCAN,new_data_scaled,0,2,4,60,15,0.058028011840373234,0.23741671380840929,0.29544472564878255
MultiDensityDBSCAN,new_data_scaled,0,2,4,60,20,0.058028011840373234,0.23741671380840929,0.29544472564878255
MultiDensityDBSCAN,new_data_scaled,0,2,4,60,25,0.058028011840373234,0.23741671380840929,0.29544472564878255
MultiDensityDBSCAN,new_data_scaled,0,2,5,5,2,0.8391277483310633,0.9109885092537793,1.7501162575848426
MultiDensityDBSCAN,new_data_scaled,0,2,5,5,3,0.8385916306340425,0.9106982356888348,1.7492898663228773
MultiDensityDBSCAN,new_data_scaled,0,2,5,5,5,0.837226471286741,0.9091001681730578,1.7463266394597987
MultiDensityDBSCAN,new_data_scaled,0,2,5,5,10,0.8370064945092247,0.9093536381596995,1.7463601326689242
MultiDensityDBSCAN,new_data_scaled,0,2,5,5,15,0.8343225291690256,0.9050252779854675,1.739347807154493
MultiDensityDBSCAN,new_data_scaled,0,2,5,5,20,0.8343225291690256,0.9050252779854675,1.739347807154493
MultiDensityDBSCAN,new_data_scaled,0,2,5,5,25,0.8343225291690256,0.9050252779854675,1.739347807154493
MultiDensityDBSCAN,new_data_scaled,0,2,5,6,2,0.8770544373566285,0.9403634681244313,1.8174179054810597
MultiDensityDBSCAN,new_data_scaled,0,2,5,6,3,0.8767289843188202,0.939538625467503,1.816267609786323
MultiDensityDBSCAN,new_data_scaled,0,2,5,6,5,0.8767360714747247,0.9397013662049585,1.8164374376796832
MultiDensityDBSCAN,new_data_scaled,0,2,5,6,10,0.8771919636401273,0.9398211844252119,1.8170131480653393
MultiDensityDBSCAN,new_data_scaled,0,2,5,6,15,0.8779638199883647,0.941635036687373,1.8195988566757377
MultiDensityDBSCAN,new_data_scaled,0,2,5,6,20,0.8757054854439184,0.9382621883768038,1.8139676738207222
MultiDensityDBSCAN,new_data_scaled,0,2,5,6,25,0.8757054854439184,0.9382621883768038,1.8139676738207222
MultiDensityDBSCAN,new_data_scaled,0,2,5,7,2,0.8825305898050054,0.9483339029341081,1.8308644927391136
MultiDensityDBSCAN,new_data_scaled,0,2,5,7,3,0.882522565626735,0.9482787327476011,1.830801298374336
MultiDensityDBSCAN,new_data_scaled,0,2,5,7,5,0.882908276090122,0.9488502404095088,1.8317585164996308
MultiDensityDBSCAN,new_data_scaled,0,2,5,7,10,0.882908276090122,0.9488502404095088,1.8317585164996308
MultiDensityDBSCAN,new_data_scaled,0,2,5,7,15,0.882908276090122,0.9488502404095088,1.8317585164996308
MultiDensityDBSCAN,new_data_scaled,0,2,5,7,20,0.8806442081288949,0.9454904587833021,1.826134666912197
MultiDensityDBSCAN,new_data_scaled,0,2,5,7,25,0.8806442081288949,0.9454904587833021,1.826134666912197
MultiDensityDBSCAN,new_data_scaled,0,2,5,10,2,0.8508595168034817,0.9332603840583307,1.7841199008618123
MultiDensityDBSCAN,new_data_scaled,0,2,5,10,3,0.8508595168034817,0.9332603840583307,1.7841199008618123
MultiDensityDBSCAN,new_data_scaled,0,2,5,10,5,0.8513813786443523,0.9340942716151794,1.7854756502595317
MultiDensityDBSCAN,new_data_scaled,0,2,5,10,10,0.8513813786443523,0.9340942716151794,1.7854756502595317
MultiDensityDBSCAN,new_data_scaled,0,2,5,10,15,0.8513813786443523,0.9340942716151794,1.7854756502595317
MultiDensityDBSCAN,new_data_scaled,0,2,5,10,20,0.8513813786443523,0.9340942716151794,1.7854756502595317
MultiDensityDBSCAN,new_data_scaled,0,2,5,10,25,0.8513813786443523,0.9340942716151794,1.7854756502595317
MultiDensityDBSCAN,new_data_scaled,0,2,5,15,2,0.698098525408377,0.8555452592085933,1.5536437846169702
MultiDensityDBSCAN,new_data_scaled,0,2,5,15,3,0.698098525408377,0.8555452592085933,1.5536437846169702
MultiDensityDBSCAN,new_data_scaled,0,2,5,15,5,0.6987674792303211,0.856588568520373,1.5553560477506942
MultiDensityDBSCAN,new_data_scaled,0,2,5,15,10,0.6987674792303211,0.856588568520373,1.5553560477506942
MultiDensityDBSCAN,new_data_scaled,0,2,5,15,15,0.6987674792303211,0.856588568520373,1.5553560477506942
MultiDensityDBSCAN,new_data_scaled,0,2,5,15,20,0.6987674792303211,0.856588568520373,1.5553560477506942
MultiDensityDBSCAN,new_data_scaled,0,2,5,15,25,0.6987674792303211,0.856588568520373,1.5553560477506942
MultiDensityDBSCAN,new_data_scaled,0,2,5,20,2,0.18109586595170393,0.5405277310243161,0.72162359697602
MultiDensityDBSCAN,new_data_scaled,0,2,5,20,3,0.18109586595170393,0.5405277310243161,0.72162359697602
MultiDensityDBSCAN,new_data_scaled,0,2,5,20,5,0.18154034948995615,0.5413698264521953,0.7229101759421515
MultiDensityDBSCAN,new_data_scaled,0,2,5,20,10,0.18154034948995615,0.5413698264521953,0.7229101759421515
MultiDensityDBSCAN,new_data_scaled,0,2,5,20,15,0.18154034948995615,0.5413698264521953,0.7229101759421515
MultiDensityDBSCAN,new_data_scaled,0,2,5,20,20,0.18154034948995615,0.5413698264521953,0.7229101759421515
MultiDensityDBSCAN,new_data_scaled,0,2,5,20,25,0.18154034948995615,0.5413698264521953,0.7229101759421515
MultiDensityDBSCAN,new_data_scaled,0,2,5,25,2,0.18109586595170393,0.5405277310243161,0.72162359697602
MultiDensityDBSCAN,new_data_scaled,0,2,5,25,3,0.18109586595170393,0.5405277310243161,0.72162359697602
MultiDensityDBSCAN,new_data_scaled,0,2,5,25,5,0.18154034948995615,0.5413698264521953,0.7229101759421515
MultiDensityDBSCAN,new_data_scaled,0,2,5,25,10,0.18154034948995615,0.5413698264521953,0.7229101759421515
MultiDensityDBSCAN,new_data_scaled,0,2,5,25,15,0.18154034948995615,0.5413698264521953,0.7229101759421515
MultiDensityDBSCAN,new_data_scaled,0,2,5,25,20,0.18154034948995615,0.5413698264521953,0.7229101759421515
MultiDensityDBSCAN,new_data_scaled,0,2,5,25,25,0.18154034948995615,0.5413698264521953,0.7229101759421515
MultiDensityDBSCAN,new_data_scaled,0,2,5,30,2,0.11282984459877395,0.4062279101711676,0.5190577547699415
MultiDensityDBSCAN,new_data_scaled,0,2,5,30,3,0.11282984459877395,0.4062279101711676,0.5190577547699415
MultiDensityDBSCAN,new_data_scaled,0,2,5,30,5,0.1132293384075033,0.4069191133425678,0.5201484517500711
MultiDensityDBSCAN,new_data_scaled,0,2,5,30,10,0.1132293384075033,0.4069191133425678,0.5201484517500711
MultiDensityDBSCAN,new_data_scaled,0,2,5,30,15,0.1132293384075033,0.4069191133425678,0.5201484517500711
MultiDensityDBSCAN,new_data_scaled,0,2,5,30,20,0.1132293384075033,0.4069191133425678,0.5201484517500711
MultiDensityDBSCAN,new_data_scaled,0,2,5,30,25,0.1132293384075033,0.4069191133425678,0.5201484517500711
MultiDensityDBSCAN,new_data_scaled,0,2,5,40,2,0.059711806400513,0.2453838217702135,0.3050956281707265
MultiDensityDBSCAN,new_data_scaled,0,2,5,40,3,0.059711806400513,0.2453838217702135,0.3050956281707265
MultiDensityDBSCAN,new_data_scaled,0,2,5,40,5,0.06006546222599432,0.24583895503081227,0.3059044172568066
MultiDensityDBSCAN,new_data_scaled,0,2,5,40,10,0.06006546222599432,0.24583895503081227,0.3059044172568066
MultiDensityDBSCAN,new_data_scaled,0,2,5,40,15,0.06006546222599432,0.24583895503081227,0.3059044172568066
MultiDensityDBSCAN,new_data_scaled,0,2,5,40,20,0.06006546222599432,0.24583895503081227,0.3059044172568066
MultiDensityDBSCAN,new_data_scaled,0,2,5,40,25,0.06006546222599432,0.24583895503081227,0.3059044172568066
MultiDensityDBSCAN,new_data_scaled,0,2,5,50,2,0.05660788990871074,0.23346112781791778,0.2900690177266285
MultiDensityDBSCAN,new_data_scaled,0,2,5,50,3,0.05660788990871074,0.23346112781791778,0.2900690177266285
MultiDensityDBSCAN,new_data_scaled,0,2,5,50,5,0.05660788990871074,0.23346112781791778,0.2900690177266285
MultiDensityDBSCAN,new_data_scaled,0,2,5,50,10,0.05660788990871074,0.23346112781791778,0.2900690177266285
MultiDensityDBSCAN,new_data_scaled,0,2,5,50,15,0.05660788990871074,0.23346112781791778,0.2900690177266285
MultiDensityDBSCAN,new_data_scaled,0,2,5,50,20,0.05660788990871074,0.23346112781791778,0.2900690177266285
MultiDensityDBSCAN,new_data_scaled,0,2,5,50,25,0.05660788990871074,0.23346112781791778,0.2900690177266285
MultiDensityDBSCAN,new_data_scaled,0,2,5,60,2,0.04877741834955126,0.2081618372240691,0.25693925557362035
MultiDensityDBSCAN,new_data_scaled,0,2,5,60,3,0.04877741834955126,0.2081618372240691,0.25693925557362035
MultiDensityDBSCAN,new_data_scaled,0,2,5,60,5,0.04877741834955126,0.2081618372240691,0.25693925557362035
MultiDensityDBSCAN,new_data_scaled,0,2,5,60,10,0.04877741834955126,0.2081618372240691,0.25693925557362035
MultiDensityDBSCAN,new_data_scaled,0,2,5,60,15,0.04877741834955126,0.2081618372240691,0.25693925557362035
MultiDensityDBSCAN,new_data_scaled,0,2,5,60,20,0.04877741834955126,0.2081618372240691,0.25693925557362035
MultiDensityDBSCAN,new_data_scaled,0,2,5,60,25,0.04877741834955126,0.2081618372240691,0.25693925557362035
