name,prefix,seed,dim,significance,n_clusters_init,max_n_clusters,split_viewers_threshold,ari,nmi,sum
DipMeans,high_data,3,2,0.001,2,10,0.01,0.49787344087969154,0.6105050085579238,1.1083784494376152
DipMeans,high_data,3,2,0.001,2,12,0.01,0.45442041578080244,0.6029449352763179,1.0573653510571204
DipMeans,high_data,3,2,0.001,2,15,0.01,0.4484966164211743,0.6179075145906936,1.066404131011868
DipMeans,high_data,3,2,0.001,2,20,0.01,0.4551720522508377,0.647297435818182,1.1024694880690196
DipMeans,high_data,3,2,0.001,2,25,0.01,0.4545710021898873,0.6568427365720988,1.111413738761986
DipMeans,high_data,3,2,0.001,2,30,0.01,0.4099809220080557,0.6519341651200536,1.0619150871281093
DipMeans,high_data,3,2,0.001,5,10,0.01,0.49921743587568385,0.6147982462852817,1.1140156821609655
DipMeans,high_data,3,2,0.001,5,12,0.01,0.5225363862761543,0.639821228115877,1.1623576143920313
DipMeans,high_data,3,2,0.001,5,15,0.01,0.44241406184045035,0.6155298502597981,1.0579439121002485
DipMeans,high_data,3,2,0.001,5,20,0.01,0.4727760743104586,0.6460538660324179,1.1188299403428765
DipMeans,high_data,3,2,0.001,5,25,0.01,0.4143921776738478,0.6393089260825009,1.0537011037563486
DipMeans,high_data,3,2,0.001,5,30,0.01,0.4019578722949295,0.6646132089356983,1.0665710812306277
DipMeans,high_data,3,2,0.001,7,10,0.01,0.4947596072621334,0.6081272097574316,1.1028868170195651
DipMeans,high_data,3,2,0.001,7,12,0.01,0.46360651049104756,0.6293998097137863,1.093006320204834
DipMeans,high_data,3,2,0.001,7,15,0.01,0.4471478428901236,0.6155905266539716,1.0627383695440953
DipMeans,high_data,3,2,0.001,7,20,0.01,0.47439864335262877,0.6464597868528374,1.1208584302054663
DipMeans,high_data,3,2,0.001,7,25,0.01,0.4144538698572448,0.6393509797385156,1.0538048495957604
DipMeans,high_data,3,2,0.001,7,30,0.01,0.40519633337648703,0.645001871146928,1.050198204523415
DipMeans,high_data,3,2,0.001,10,12,0.01,0.45869527363111046,0.6126986112470941,1.0713938848782045
DipMeans,high_data,3,2,0.001,10,15,0.01,0.4934000978175589,0.6377069199971529,1.1311070178147118
DipMeans,high_data,3,2,0.001,10,20,0.01,0.44452265809215874,0.6411653325900574,1.085687990682216
DipMeans,high_data,3,2,0.001,10,25,0.01,0.4194956714656623,0.6446280569117029,1.0641237283773652
DipMeans,high_data,3,2,0.001,10,30,0.01,0.4064746920180108,0.6676489297016331,1.074123621719644
DipMeans,high_data,3,2,0.001,12,15,0.01,0.4398346258174109,0.6144194199408138,1.0542540457582248
DipMeans,high_data,3,2,0.001,12,20,0.01,0.4727760743104586,0.6460538660324179,1.1188299403428765
DipMeans,high_data,3,2,0.001,12,25,0.01,0.4144538698572448,0.6393509797385156,1.0538048495957604
DipMeans,high_data,3,2,0.001,12,30,0.01,0.4040792596145074,0.6389319788231635,1.0430112384376709
DipMeans,high_data,3,2,0.001,15,20,0.01,0.43098123306923414,0.6400608754859081,1.0710421085551423
DipMeans,high_data,3,2,0.001,15,25,0.01,0.41932166417510286,0.6567681116802787,1.0760897758553816
DipMeans,high_data,3,2,0.001,15,30,0.01,0.38352875142809195,0.6612406565226576,1.0447694079507497
DipMeans,high_data,3,2,0.001,2,10,0.02,0.5058850700930481,0.6169963835246451,1.1228814536176932
DipMeans,high_data,3,2,0.001,2,12,0.02,0.465051948888836,0.6307597608143428,1.0958117097031788
DipMeans,high_data,3,2,0.001,2,15,0.02,0.4469534347634387,0.6155630340659939,1.0625164688294326
DipMeans,high_data,3,2,0.001,2,20,0.02,0.43393465415334104,0.6255874895376016,1.0595221436909426
DipMeans,high_data,3,2,0.001,2,25,0.02,0.420320087890858,0.6576423549378352,1.0779624428286931
DipMeans,high_data,3,2,0.001,2,30,0.02,0.40580462115570326,0.6618633261953344,1.0676679473510378
DipMeans,high_data,3,2,0.001,5,10,0.02,0.44776599202012474,0.5982438549622883,1.046009846982413
DipMeans,high_data,3,2,0.001,5,12,0.02,0.4318830457276804,0.5876237833337914,1.0195068290614717
DipMeans,high_data,3,2,0.001,5,15,0.02,0.434002011510138,0.6104917745085343,1.0444937860186723
DipMeans,high_data,3,2,0.001,5,20,0.02,0.47439864335262877,0.6464597868528374,1.1208584302054663
DipMeans,high_data,3,2,0.001,5,25,0.02,0.42064627870478255,0.6426260267450093,1.063272305449792
DipMeans,high_data,3,2,0.001,5,30,0.02,0.4259178068557655,0.6557210651520239,1.0816388720077894
DipMeans,high_data,3,2,0.001,7,10,0.02,0.5202172378358348,0.6367155702184609,1.1569328080542958
DipMeans,high_data,3,2,0.001,7,12,0.02,0.4592810089327976,0.6132398037608732,1.0725208126936707
DipMeans,high_data,3,2,0.001,7,15,0.02,0.4907343109797664,0.6331714267312688,1.123905737711035
DipMeans,high_data,3,2,0.001,7,20,0.02,0.4349015248568793,0.6268452145439845,1.0617467394008637
DipMeans,high_data,3,2,0.001,7,25,0.02,0.41994783010851117,0.6570030987799521,1.0769509288884633
DipMeans,high_data,3,2,0.001,7,30,0.02,0.37720631728250315,0.6553154709355368,1.03252178821804
DipMeans,high_data,3,2,0.001,10,12,0.02,0.45869527363111046,0.6126986112470941,1.0713938848782045
DipMeans,high_data,3,2,0.001,10,15,0.02,0.4934000978175589,0.6377069199971529,1.1311070178147118
DipMeans,high_data,3,2,0.001,10,20,0.02,0.44452265809215874,0.6411653325900574,1.085687990682216
DipMeans,high_data,3,2,0.001,10,25,0.02,0.4194956714656623,0.6446280569117029,1.0641237283773652
DipMeans,high_data,3,2,0.001,10,30,0.02,0.4064746920180108,0.6676489297016331,1.074123621719644
DipMeans,high_data,3,2,0.001,12,15,0.02,0.44903032380175867,0.6181790520255885,1.067209375827347
DipMeans,high_data,3,2,0.001,12,20,0.02,0.47439864335262877,0.6464597868528374,1.1208584302054663
DipMeans,high_data,3,2,0.001,12,25,0.02,0.4142036178914184,0.6392763849737878,1.0534800028652063
DipMeans,high_data,3,2,0.001,12,30,0.02,0.40864080501288336,0.6428839160042452,1.0515247210171286
DipMeans,high_data,3,2,0.001,15,20,0.02,0.4727760743104586,0.6460538660324179,1.1188299403428765
DipMeans,high_data,3,2,0.001,15,25,0.02,0.41400756510813913,0.6392368637709029,1.0532444288790421
DipMeans,high_data,3,2,0.001,15,30,0.02,0.40703039008776415,0.665789391106891,1.0728197811946552
DipMeans,high_data,3,2,0.001,2,10,0.05,0.507138898344703,0.6162680697936467,1.1234069681383496
DipMeans,high_data,3,2,0.001,2,12,0.05,0.4549845116177965,0.6031581730041545,1.058142684621951
DipMeans,high_data,3,2,0.001,2,15,0.05,0.4475996014792385,0.6174652882025075,1.065064889681746
DipMeans,high_data,3,2,0.001,2,20,0.05,0.4474913228400239,0.653129008589873,1.100620331429897
DipMeans,high_data,3,2,0.001,2,25,0.05,0.3846084866515762,0.6458647583482616,1.030473244999838
DipMeans,high_data,3,2,0.001,2,30,0.05,0.40219139041789015,0.67012041218815,1.07231180260604
DipMeans,high_data,3,2,0.001,5,10,0.05,0.5212370739970327,0.6368768543038936,1.1581139283009263
DipMeans,high_data,3,2,0.001,5,12,0.05,0.4582426863714987,0.6135721996547651,1.0718148860262637
DipMeans,high_data,3,2,0.001,5,15,0.05,0.48952852108588,0.6436897062238861,1.1332182273097662
DipMeans,high_data,3,2,0.001,5,20,0.05,0.48198383975531495,0.6463991570122637,1.1283829967675787
DipMeans,high_data,3,2,0.001,5,25,0.05,0.3849726965659974,0.6459186005266195,1.030891297092617
DipMeans,high_data,3,2,0.001,5,30,0.05,0.4031320049014641,0.665490784702793,1.068622789604257
DipMeans,high_data,3,2,0.001,7,10,0.05,0.5202172378358348,0.6367155702184609,1.1569328080542958
DipMeans,high_data,3,2,0.001,7,12,0.05,0.4592810089327976,0.6132398037608732,1.0725208126936707
DipMeans,high_data,3,2,0.001,7,15,0.05,0.48952852108588,0.6436897062238861,1.1332182273097662
DipMeans,high_data,3,2,0.001,7,20,0.05,0.44724558819157567,0.6532577285204156,1.1005033167119913
DipMeans,high_data,3,2,0.001,7,25,0.05,0.38462563852773435,0.6458733583173849,1.0304989968451193
DipMeans,high_data,3,2,0.001,7,30,0.05,0.3743747403132861,0.6520404591297018,1.026415199442988
DipMeans,high_data,3,2,0.001,10,12,0.05,0.45869527363111046,0.6126986112470941,1.0713938848782045
DipMeans,high_data,3,2,0.001,10,15,0.05,0.4897803970388888,0.6437801522981861,1.1335605493370748
DipMeans,high_data,3,2,0.001,10,20,0.05,0.4478758456303965,0.6534977455531794,1.101373591183576
DipMeans,high_data,3,2,0.001,10,25,0.05,0.380746370244085,0.6452830666433089,1.026029436887394
DipMeans,high_data,3,2,0.001,10,30,0.05,0.4004587188815336,0.667404976198148,1.0678636950796816
DipMeans,high_data,3,2,0.001,12,15,0.05,0.44138743645614914,0.6200549872247152,1.0614424236808644
DipMeans,high_data,3,2,0.001,12,20,0.05,0.44771179884682877,0.652760910112877,1.1004727089597057
DipMeans,high_data,3,2,0.001,12,25,0.05,0.39184820525660213,0.6525412376820481,1.0443894429386502
DipMeans,high_data,3,2,0.001,12,30,0.05,0.4103179942046285,0.6678764956122392,1.0781944898168676
DipMeans,high_data,3,2,0.001,15,20,0.05,0.4799633849588052,0.6460069474033661,1.1259703323621713
DipMeans,high_data,3,2,0.001,15,25,0.05,0.3972307599105752,0.6508036126446813,1.0480343725552566
DipMeans,high_data,3,2,0.001,15,30,0.05,0.40081010128409167,0.6674524983165223,1.0682625996006139
DipMeans,high_data,3,2,0.005,2,10,0.01,0.4998526033668353,0.6100428952817769,1.1098954986486123
DipMeans,high_data,3,2,0.005,2,12,0.01,0.48909361574400373,0.6128324330147625,1.1019260487587663
DipMeans,high_data,3,2,0.005,2,15,0.01,0.4397683561384071,0.6146172655929975,1.0543856217314045
DipMeans,high_data,3,2,0.005,2,20,0.01,0.43474269812072086,0.6276706638305045,1.0624133619512253
DipMeans,high_data,3,2,0.005,2,25,0.01,0.43916088100521633,0.6439889404843921,1.0831498214896085
DipMeans,high_data,3,2,0.005,2,30,0.01,0.4226544234838224,0.6647095368967506,1.087363960380573
DipMeans,high_data,3,2,0.005,5,10,0.01,0.5024423497206666,0.6140556696444799,1.1164980193651464
DipMeans,high_data,3,2,0.005,5,12,0.01,0.4889977660056897,0.6126549974113056,1.1016527634169953
DipMeans,high_data,3,2,0.005,5,15,0.01,0.4475116619122637,0.6160556379011696,1.0635672998134333
DipMeans,high_data,3,2,0.005,5,20,0.01,0.435857393551054,0.6276704688233028,1.063527862374357
DipMeans,high_data,3,2,0.005,5,25,0.01,0.43578907864147753,0.6357814071348776,1.071570485776355
DipMeans,high_data,3,2,0.005,5,30,0.01,0.42979860751196336,0.6459665602580028,1.0757651677699662
DipMeans,high_data,3,2,0.005,7,10,0.01,0.5194346067635556,0.6318586771569229,1.1512932839204786
DipMeans,high_data,3,2,0.005,7,12,0.01,0.48879060857757434,0.6126669481775269,1.1014575567551013
DipMeans,high_data,3,2,0.005,7,15,0.01,0.44718346470489634,0.6159657048511403,1.0631491695560367
DipMeans,high_data,3,2,0.005,7,20,0.01,0.43393465415334104,0.6255874895376016,1.0595221436909426
DipMeans,high_data,3,2,0.005,7,25,0.01,0.4196472217224718,0.6570617911347624,1.076709012857234
DipMeans,high_data,3,2,0.005,7,30,0.01,0.3826679916489839,0.6600231621542069,1.0426911538031907
DipMeans,high_data,3,2,0.005,10,12,0.01,0.45815190361238745,0.6138100478806002,1.0719619514929877
DipMeans,high_data,3,2,0.005,10,15,0.01,0.4907343109797664,0.6331714267312688,1.123905737711035
DipMeans,high_data,3,2,0.005,10,20,0.01,0.4366582854644494,0.6284875745388251,1.0651458600032746
DipMeans,high_data,3,2,0.005,10,25,0.01,0.41994783010851117,0.6570030987799521,1.0769509288884633
DipMeans,high_data,3,2,0.005,10,30,0.01,0.4044327341410197,0.6607939541878239,1.0652266883288437
DipMeans,high_data,3,2,0.005,12,15,0.01,0.4520659327047647,0.6197153767684811,1.0717813094732458
DipMeans,high_data,3,2,0.005,12,20,0.01,0.4348979733083414,0.6264088414612631,1.0613068147696045
DipMeans,high_data,3,2,0.005,12,25,0.01,0.4194498422906167,0.6565373996304696,1.0759872419210863
DipMeans,high_data,3,2,0.005,12,30,0.01,0.4059275693860352,0.6611909943340681,1.0671185637201033
DipMeans,high_data,3,2,0.005,15,20,0.01,0.4399609550538819,0.6318588521077665,1.0718198071616483
DipMeans,high_data,3,2,0.005,15,25,0.01,0.4143921776738478,0.6393089260825009,1.0537011037563486
DipMeans,high_data,3,2,0.005,15,30,0.01,0.387285969081578,0.6510421701780905,1.0383281392596686
DipMeans,high_data,3,2,0.005,2,10,0.02,0.4998526033668353,0.6100428952817769,1.1098954986486123
DipMeans,high_data,3,2,0.005,2,12,0.02,0.48909361574400373,0.6128324330147625,1.1019260487587663
DipMeans,high_data,3,2,0.005,2,15,0.02,0.4397683561384071,0.6146172655929975,1.0543856217314045
DipMeans,high_data,3,2,0.005,2,20,0.02,0.43474269812072086,0.6276706638305045,1.0624133619512253
DipMeans,high_data,3,2,0.005,2,25,0.02,0.43916088100521633,0.6439889404843923,1.0831498214896085
DipMeans,high_data,3,2,0.005,2,30,0.02,0.3985706762959889,0.6711365452854848,1.0697072215814738
DipMeans,high_data,3,2,0.005,5,10,0.02,0.5024423497206666,0.6140556696444799,1.1164980193651464
DipMeans,high_data,3,2,0.005,5,12,0.02,0.4889977660056897,0.6126549974113056,1.1016527634169953
DipMeans,high_data,3,2,0.005,5,15,0.02,0.4475116619122637,0.6160556379011696,1.0635672998134333
DipMeans,high_data,3,2,0.005,5,20,0.02,0.435857393551054,0.6276704688233028,1.063527862374357
DipMeans,high_data,3,2,0.005,5,25,0.02,0.4323287017177647,0.6502702897144167,1.0825989914321814
DipMeans,high_data,3,2,0.005,5,30,0.02,0.3799674174791641,0.6565277596765411,1.0364951771557052
DipMeans,high_data,3,2,0.005,7,10,0.02,0.5194346067635556,0.6318586771569229,1.1512932839204786
DipMeans,high_data,3,2,0.005,7,12,0.02,0.48879060857757434,0.6126669481775269,1.1014575567551013
DipMeans,high_data,3,2,0.005,7,15,0.02,0.44718346470489634,0.6159657048511403,1.0631491695560367
DipMeans,high_data,3,2,0.005,7,20,0.02,0.43393465415334104,0.6255874895376016,1.0595221436909426
DipMeans,high_data,3,2,0.005,7,25,0.02,0.4196472217224718,0.6570617911347624,1.076709012857234
DipMeans,high_data,3,2,0.005,7,30,0.02,0.3826679916489839,0.6600231621542069,1.0426911538031907
DipMeans,high_data,3,2,0.005,10,12,0.02,0.45815190361238745,0.6138100478806002,1.0719619514929877
DipMeans,high_data,3,2,0.005,10,15,0.02,0.4907343109797664,0.6331714267312688,1.123905737711035
DipMeans,high_data,3,2,0.005,10,20,0.02,0.4366582854644494,0.6284875745388251,1.0651458600032746
DipMeans,high_data,3,2,0.005,10,25,0.02,0.41994783010851117,0.6570030987799521,1.0769509288884633
DipMeans,high_data,3,2,0.005,10,30,0.02,0.4044327341410197,0.6607939541878239,1.0652266883288437
DipMeans,high_data,3,2,0.005,12,15,0.02,0.4398346258174109,0.6144194199408138,1.0542540457582248
DipMeans,high_data,3,2,0.005,12,20,0.02,0.4399609550538819,0.6318588521077665,1.0718198071616483
DipMeans,high_data,3,2,0.005,12,25,0.02,0.4289563283361051,0.6579028131813126,1.0868591415174178
DipMeans,high_data,3,2,0.005,12,30,0.02,0.4060866085073473,0.6616144044701773,1.0677010129775246
DipMeans,high_data,3,2,0.005,15,20,0.02,0.4399609550538819,0.6318588521077665,1.0718198071616483
DipMeans,high_data,3,2,0.005,15,25,0.02,0.4143921776738478,0.6393089260825009,1.0537011037563486
DipMeans,high_data,3,2,0.005,15,30,0.02,0.3799637791082172,0.6454794336285068,1.025443212736724
DipMeans,high_data,3,2,0.005,2,10,0.05,0.45435645015923676,0.5873825100191042,1.041738960178341
DipMeans,high_data,3,2,0.005,2,12,0.05,0.4299731760842693,0.5929047766580707,1.02287795274234
DipMeans,high_data,3,2,0.005,2,15,0.05,0.44241406184045035,0.615529850259798,1.0579439121002483
DipMeans,high_data,3,2,0.005,2,20,0.05,0.43474269812072086,0.6276706638305043,1.0624133619512253
DipMeans,high_data,3,2,0.005,2,25,0.05,0.4323287017177647,0.6502702897144167,1.0825989914321814
DipMeans,high_data,3,2,0.005,2,30,0.05,0.3799704037040758,0.6557898569374316,1.0357602606415075
DipMeans,high_data,3,2,0.005,5,10,0.05,0.49921743587568385,0.6147982462852817,1.1140156821609655
DipMeans,high_data,3,2,0.005,5,12,0.05,0.5225363862761543,0.639821228115877,1.1623576143920313
DipMeans,high_data,3,2,0.005,5,15,0.05,0.44241406184045035,0.6155298502597981,1.0579439121002485
DipMeans,high_data,3,2,0.005,5,20,0.05,0.4400004510402405,0.6318310863779618,1.0718315374182024
DipMeans,high_data,3,2,0.005,5,25,0.05,0.4289299873201258,0.657829207976986,1.0867591952971118
DipMeans,high_data,3,2,0.005,5,30,0.05,0.37289349788806986,0.6527283404997143,1.0256218383877842
DipMeans,high_data,3,2,0.005,7,10,0.05,0.4947596072621334,0.6081272097574316,1.1028868170195651
DipMeans,high_data,3,2,0.005,7,12,0.05,0.45432517665373173,0.6031857919327763,1.057510968586508
DipMeans,high_data,3,2,0.005,7,15,0.05,0.4493841361250882,0.618300663360954,1.0676847994860421
DipMeans,high_data,3,2,0.005,7,20,0.05,0.4344624411484679,0.6263264259132963,1.0607888670617642
DipMeans,high_data,3,2,0.005,7,25,0.05,0.4194648543521195,0.6565440807879611,1.0760089351400806
DipMeans,high_data,3,2,0.005,7,30,0.05,0.4014319484980544,0.6703529549676154,1.07178490346567
DipMeans,high_data,3,2,0.005,10,12,0.05,0.45815190361238745,0.6138100478806002,1.0719619514929877
DipMeans,high_data,3,2,0.005,10,15,0.05,0.48952852108588,0.643689706223886,1.133218227309766
DipMeans,high_data,3,2,0.005,10,20,0.05,0.4588993876607312,0.6542659268201079,1.113165314480839
DipMeans,high_data,3,2,0.005,10,25,0.05,0.4213906905796125,0.6544628463979774,1.07585353697759
DipMeans,high_data,3,2,0.005,10,30,0.05,0.374422610068888,0.6525220106868972,1.0269446207557853
DipMeans,high_data,3,2,0.005,12,15,0.05,0.4398346258174109,0.6144194199408138,1.0542540457582248
DipMeans,high_data,3,2,0.005,12,20,0.05,0.4399609550538819,0.6318588521077664,1.0718198071616483
DipMeans,high_data,3,2,0.005,12,25,0.05,0.4289563283361051,0.6579028131813126,1.0868591415174178
DipMeans,high_data,3,2,0.005,12,30,0.05,0.4060866085073473,0.6616144044701773,1.0677010129775246
DipMeans,high_data,3,2,0.005,15,20,0.05,0.4399609550538819,0.6318588521077665,1.0718198071616483
DipMeans,high_data,3,2,0.005,15,25,0.05,0.4143921776738478,0.6393089260825009,1.0537011037563486
DipMeans,high_data,3,2,0.005,15,30,0.05,0.3799637791082172,0.6454794336285069,1.0254432127367241
DipMeans,high_data,3,2,0.01,2,10,0.01,0.4998526033668353,0.6100428952817769,1.1098954986486123
DipMeans,high_data,3,2,0.01,2,12,0.01,0.48909361574400373,0.6128324330147625,1.1019260487587663
DipMeans,high_data,3,2,0.01,2,15,0.01,0.4476997684537769,0.6161885715124337,1.0638883399662107
DipMeans,high_data,3,2,0.01,2,20,0.01,0.4428373345490396,0.6340079857276895,1.0768453202767292
DipMeans,high_data,3,2,0.01,2,25,0.01,0.44062696744630736,0.641864618899685,1.0824915863459923
DipMeans,high_data,3,2,0.01,2,30,0.01,0.4419829938338875,0.6478223230096977,1.0898053168435853
DipMeans,high_data,3,2,0.01,5,10,0.01,0.5024423497206666,0.6140556696444799,1.1164980193651464
DipMeans,high_data,3,2,0.01,5,12,0.01,0.4889977660056897,0.6126549974113054,1.101652763416995
DipMeans,high_data,3,2,0.01,5,15,0.01,0.45297370147837357,0.6192535416792581,1.0722272431576316
DipMeans,high_data,3,2,0.01,5,20,0.01,0.43981016273602147,0.631653906708501,1.0714640694445223
DipMeans,high_data,3,2,0.01,5,25,0.01,0.44085527908502364,0.6441872165770727,1.0850424956620963
DipMeans,high_data,3,2,0.01,5,30,0.01,0.42266726076158273,0.6654101089754213,1.088077369737004
DipMeans,high_data,3,2,0.01,7,10,0.01,0.5194346067635556,0.6318586771569229,1.1512932839204786
DipMeans,high_data,3,2,0.01,7,12,0.01,0.48879060857757434,0.6126669481775269,1.1014575567551013
DipMeans,high_data,3,2,0.01,7,15,0.01,0.4529505410250673,0.6193245731805906,1.072275114205658
DipMeans,high_data,3,2,0.01,7,20,0.01,0.4400004510402405,0.6318310863779619,1.0718315374182024
DipMeans,high_data,3,2,0.01,7,25,0.01,0.4380294335675333,0.6382414470612962,1.0762708806288295
DipMeans,high_data,3,2,0.01,7,30,0.01,0.4084074503367131,0.6560776903352961,1.064485140672009
DipMeans,high_data,3,2,0.01,10,12,0.01,0.45815190361238745,0.6138100478806002,1.0719619514929877
DipMeans,high_data,3,2,0.01,10,15,0.01,0.4907343109797664,0.6331714267312689,1.1239057377110353
DipMeans,high_data,3,2,0.01,10,20,0.01,0.4918149766318416,0.6441860876993708,1.1360010643312124
DipMeans,high_data,3,2,0.01,10,25,0.01,0.49842177144976707,0.6492797068275363,1.1477014782773034
DipMeans,high_data,3,2,0.01,10,30,0.01,0.43522917345295054,0.6499239536340295,1.08515312708698
DipMeans,high_data,3,2,0.01,12,15,0.01,0.45083128770672376,0.6191883203577596,1.0700196080644835
DipMeans,high_data,3,2,0.01,12,20,0.01,0.4385348832701628,0.6386308968113361,1.0771657800814989
DipMeans,high_data,3,2,0.01,12,25,0.01,0.4503111506415267,0.6382176110984409,1.0885287617399677
DipMeans,high_data,3,2,0.01,12,30,0.01,0.41866034886902403,0.6590268395584419,1.077687188427466
DipMeans,high_data,3,2,0.01,15,20,0.01,0.46430650690627423,0.63239216249398,1.0966986694002543
DipMeans,high_data,3,2,0.01,15,25,0.01,0.4410775021030187,0.6468100516668998,1.0878875537699184
DipMeans,high_data,3,2,0.01,15,30,0.01,0.43496564831960033,0.6497282691847878,1.0846939175043881
DipMeans,high_data,3,2,0.01,2,10,0.02,0.4998526033668353,0.6100428952817769,1.1098954986486123
DipMeans,high_data,3,2,0.01,2,12,0.02,0.48909361574400373,0.6128324330147625,1.1019260487587663
DipMeans,high_data,3,2,0.01,2,15,0.02,0.4476997684537769,0.6161885715124337,1.0638883399662107
DipMeans,high_data,3,2,0.01,2,20,0.02,0.4428373345490396,0.6340079857276895,1.0768453202767292
DipMeans,high_data,3,2,0.01,2,25,0.02,0.43492540645970024,0.6398501335899236,1.074775540049624
DipMeans,high_data,3,2,0.01,2,30,0.02,0.4076628547691554,0.6473994983844348,1.0550623531535903
DipMeans,high_data,3,2,0.01,5,10,0.02,0.5024423497206666,0.6140556696444799,1.1164980193651464
DipMeans,high_data,3,2,0.01,5,12,0.02,0.4889977660056897,0.6126549974113056,1.1016527634169953
DipMeans,high_data,3,2,0.01,5,15,0.02,0.45297370147837357,0.6192535416792581,1.0722272431576316
DipMeans,high_data,3,2,0.01,5,20,0.02,0.43981016273602147,0.631653906708501,1.0714640694445223
DipMeans,high_data,3,2,0.01,5,25,0.02,0.44085527908502364,0.6441872165770727,1.0850424956620963
DipMeans,high_data,3,2,0.01,5,30,0.02,0.407677876468686,0.6713909453966496,1.0790688218653355
DipMeans,high_data,3,2,0.01,7,10,0.02,0.5194346067635556,0.6318586771569229,1.1512932839204786
DipMeans,high_data,3,2,0.01,7,12,0.02,0.48879060857757434,0.6126669481775269,1.1014575567551013
DipMeans,high_data,3,2,0.01,7,15,0.02,0.4529505410250673,0.6193245731805906,1.072275114205658
DipMeans,high_data,3,2,0.01,7,20,0.02,0.4400004510402405,0.6318310863779619,1.0718315374182024
DipMeans,high_data,3,2,0.01,7,25,0.02,0.4380294335675333,0.6382414470612963,1.0762708806288295
DipMeans,high_data,3,2,0.01,7,30,0.02,0.4084074503367131,0.6560776903352961,1.064485140672009
DipMeans,high_data,3,2,0.01,10,12,0.02,0.45815190361238745,0.6138100478806002,1.0719619514929877
DipMeans,high_data,3,2,0.01,10,15,0.02,0.4907343109797664,0.6331714267312688,1.123905737711035
DipMeans,high_data,3,2,0.01,10,20,0.02,0.49564909804239615,0.6523150091188664,1.1479641071612625
DipMeans,high_data,3,2,0.01,10,25,0.02,0.42848967922784426,0.6480177904817555,1.0765074697095998
DipMeans,high_data,3,2,0.01,10,30,0.02,0.37894236624428324,0.6549963793014829,1.033938745545766
DipMeans,high_data,3,2,0.01,12,15,0.02,0.45083128770672376,0.6191883203577596,1.0700196080644835
DipMeans,high_data,3,2,0.01,12,20,0.02,0.49365778044175995,0.6624041331152591,1.1560619135570191
DipMeans,high_data,3,2,0.01,12,25,0.02,0.4671178641880276,0.655895621148101,1.1230134853361284
DipMeans,high_data,3,2,0.01,12,30,0.02,0.4292492884430373,0.6659079639158496,1.0951572523588868
DipMeans,high_data,3,2,0.01,15,20,0.02,0.46430650690627423,0.63239216249398,1.0966986694002543
DipMeans,high_data,3,2,0.01,15,25,0.02,0.4410775021030187,0.6468100516668998,1.0878875537699184
DipMeans,high_data,3,2,0.01,15,30,0.02,0.39143584342409193,0.6612220570257327,1.0526579004498247
DipMeans,high_data,3,2,0.01,2,10,0.05,0.45435645015923676,0.5873825100191042,1.041738960178341
DipMeans,high_data,3,2,0.01,2,12,0.05,0.4466797714990683,0.592048871083434,1.0387286425825022
DipMeans,high_data,3,2,0.01,2,15,0.05,0.44017984797164605,0.6138095232392071,1.0539893712108532
DipMeans,high_data,3,2,0.01,2,20,0.05,0.4637781196114329,0.6357095770995073,1.0994876967109402
DipMeans,high_data,3,2,0.01,2,25,0.05,0.43636011676974457,0.637184971634674,1.0735450884044186
DipMeans,high_data,3,2,0.01,2,30,0.05,0.4093136837382479,0.65751488384044,1.066828567578688
DipMeans,high_data,3,2,0.01,5,10,0.05,0.5024423497206666,0.6140556696444799,1.1164980193651464
DipMeans,high_data,3,2,0.01,5,12,0.05,0.4889977660056897,0.6126549974113056,1.1016527634169953
DipMeans,high_data,3,2,0.01,5,15,0.05,0.4475116619122637,0.6160556379011696,1.0635672998134333
DipMeans,high_data,3,2,0.01,5,20,0.05,0.44184454638677484,0.6337669152096385,1.0756114615964134
DipMeans,high_data,3,2,0.01,5,25,0.05,0.43581442845407004,0.6398607128868333,1.0756751413409034
DipMeans,high_data,3,2,0.01,5,30,0.05,0.3984209770306195,0.6711658054870994,1.0695867825177188
DipMeans,high_data,3,2,0.01,7,10,0.05,0.5194346067635556,0.6318586771569229,1.1512932839204786
DipMeans,high_data,3,2,0.01,7,12,0.05,0.48879060857757434,0.6126669481775269,1.1014575567551013
DipMeans,high_data,3,2,0.01,7,15,0.05,0.44718346470489634,0.6159657048511403,1.0631491695560367
DipMeans,high_data,3,2,0.01,7,20,0.05,0.43393465415334104,0.6255874895376016,1.0595221436909426
DipMeans,high_data,3,2,0.01,7,25,0.05,0.41998183133208616,0.6570886928305525,1.0770705241626386
DipMeans,high_data,3,2,0.01,7,30,0.05,0.3790659685614304,0.6510595374662108,1.030125506027641
DipMeans,high_data,3,2,0.01,10,12,0.05,0.45815190361238745,0.6138100478806002,1.0719619514929877
DipMeans,high_data,3,2,0.01,10,15,0.05,0.4907343109797664,0.6331714267312688,1.123905737711035
DipMeans,high_data,3,2,0.01,10,20,0.05,0.40888512073553085,0.6235329504026939,1.0324180711382247
DipMeans,high_data,3,2,0.01,10,25,0.05,0.45155582445196507,0.6563917247721174,1.1079475492240825
DipMeans,high_data,3,2,0.01,10,30,0.05,0.3945414872667655,0.6680840278734734,1.062625515140239
DipMeans,high_data,3,2,0.01,12,15,0.05,0.4398346258174109,0.6144194199408138,1.0542540457582248
DipMeans,high_data,3,2,0.01,12,20,0.05,0.4399609550538819,0.6318588521077664,1.0718198071616483
DipMeans,high_data,3,2,0.01,12,25,0.05,0.4410081781813307,0.6443866034404064,1.085394781621737
DipMeans,high_data,3,2,0.01,12,30,0.05,0.39788622794048983,0.6626080948360962,1.060494322776586
DipMeans,high_data,3,2,0.01,15,20,0.05,0.43516861730442136,0.6268901484042224,1.0620587657086438
DipMeans,high_data,3,2,0.01,15,25,0.05,0.4285340492219778,0.6480088619355648,1.0765429111575426
DipMeans,high_data,3,2,0.01,15,30,0.05,0.3810150851111417,0.6564969220850441,1.0375120071961859
DipMeans,high_data,3,2,0.02,2,10,0.01,0.5074166416153193,0.6270898049342554,1.1345064465495747
DipMeans,high_data,3,2,0.02,2,12,0.01,0.5183888276313059,0.6390646359999718,1.1574534636312777
DipMeans,high_data,3,2,0.02,2,15,0.01,0.45930730506088324,0.6084228412921354,1.0677301463530187
DipMeans,high_data,3,2,0.02,2,20,0.01,0.48108425278841965,0.6372775998841218,1.1183618526725414
DipMeans,high_data,3,2,0.02,2,25,0.01,0.5319789142212303,0.6736071741587052,1.2055860883799356
DipMeans,high_data,3,2,0.02,2,30,0.01,0.4587627341128474,0.6592672037266274,1.118029937839475
DipMeans,high_data,3,2,0.02,5,10,0.01,0.5074166416153193,0.6270898049342555,1.1345064465495747
DipMeans,high_data,3,2,0.02,5,12,0.01,0.5183888276313059,0.6390646359999718,1.1574534636312777
DipMeans,high_data,3,2,0.02,5,15,0.01,0.416786830277735,0.5829501497954772,0.9997369800732122
DipMeans,high_data,3,2,0.02,5,20,0.01,0.45993509295532986,0.6289376011098969,1.088872694065227
DipMeans,high_data,3,2,0.02,5,25,0.01,0.4338155884243792,0.638369781136944,1.072185369561323
DipMeans,high_data,3,2,0.02,5,30,0.01,0.43957480710131086,0.6471790035066646,1.0867538106079755
DipMeans,high_data,3,2,0.02,7,10,0.01,0.5194346067635556,0.6318586771569229,1.1512932839204786
DipMeans,high_data,3,2,0.02,7,12,0.01,0.5195640583323644,0.639485575138038,1.1590496334704024
DipMeans,high_data,3,2,0.02,7,15,0.01,0.5262557085865202,0.6463828505087593,1.1726385590952795
DipMeans,high_data,3,2,0.02,7,20,0.01,0.4343066561376668,0.6259214279340808,1.0602280840717475
DipMeans,high_data,3,2,0.02,7,25,0.01,0.43324209143191134,0.6370290760353615,1.070271167467273
DipMeans,high_data,3,2,0.02,7,30,0.01,0.43843189758086526,0.6492927921504633,1.0877246897313286
DipMeans,high_data,3,2,0.02,10,12,0.01,0.45815190361238745,0.6138100478806002,1.0719619514929877
DipMeans,high_data,3,2,0.02,10,15,0.01,0.49169428175739965,0.6363109237427957,1.1280052055001955
DipMeans,high_data,3,2,0.02,10,20,0.01,0.49174779433788735,0.6432905846509727,1.13503837898886
DipMeans,high_data,3,2,0.02,10,25,0.01,0.4908497505864114,0.6505831094430832,1.1414328600294945
DipMeans,high_data,3,2,0.02,10,30,0.01,0.44004873076392725,0.647187218966238,1.0872359497301654
DipMeans,high_data,3,2,0.02,12,15,0.01,0.5435338595857673,0.6495942472317783,1.1931281068175457
DipMeans,high_data,3,2,0.02,12,20,0.01,0.5453767488921901,0.6570977075357977,1.202474456427988
DipMeans,high_data,3,2,0.02,12,25,0.01,0.4784783064902971,0.6516715087934449,1.1301498152837421
DipMeans,high_data,3,2,0.02,12,30,0.01,0.4788087002604275,0.6606336292982856,1.139442329558713
DipMeans,high_data,3,2,0.02,15,20,0.01,0.45970915298718223,0.62872305883783,1.0884322118250123
DipMeans,high_data,3,2,0.02,15,25,0.01,0.43446604611544637,0.6385162125779861,1.0729822586934326
DipMeans,high_data,3,2,0.02,15,30,0.01,0.4377447872764501,0.6466658773948418,1.0844106646712919
DipMeans,high_data,3,2,0.02,2,10,0.02,0.5074166416153193,0.6270898049342554,1.1345064465495747
DipMeans,high_data,3,2,0.02,2,12,0.02,0.4895785563290408,0.6124283850731689,1.1020069414022098
DipMeans,high_data,3,2,0.02,2,15,0.02,0.44257536722381124,0.615644988382816,1.0582203556066272
DipMeans,high_data,3,2,0.02,2,20,0.02,0.4686532081256164,0.640153212450183,1.1088064205757995
DipMeans,high_data,3,2,0.02,2,25,0.02,0.45026295920611836,0.6465203892661937,1.0967833484723122
DipMeans,high_data,3,2,0.02,2,30,0.02,0.4468416889908441,0.6610834926279804,1.1079251816188245
DipMeans,high_data,3,2,0.02,5,10,0.02,0.5024423497206666,0.6140556696444799,1.1164980193651464
DipMeans,high_data,3,2,0.02,5,12,0.02,0.4889977660056897,0.6126549974113056,1.1016527634169953
DipMeans,high_data,3,2,0.02,5,15,0.02,0.44057996298922597,0.6120133587573204,1.0525933217465464
DipMeans,high_data,3,2,0.02,5,20,0.02,0.4610656987261179,0.647054569223169,1.1081202679492868
DipMeans,high_data,3,2,0.02,5,25,0.02,0.47009031941314405,0.659274854168039,1.1293651735811832
DipMeans,high_data,3,2,0.02,5,30,0.02,0.48420874960388993,0.6768937158716967,1.1611024654755866
DipMeans,high_data,3,2,0.02,7,10,0.02,0.5194346067635556,0.6318586771569229,1.1512932839204786
DipMeans,high_data,3,2,0.02,7,12,0.02,0.48879060857757434,0.6126669481775269,1.1014575567551013
DipMeans,high_data,3,2,0.02,7,15,0.02,0.44033742295361344,0.6120782928125432,1.0524157157661567
DipMeans,high_data,3,2,0.02,7,20,0.02,0.5105362812297564,0.65047196700221,1.1610082482319664
DipMeans,high_data,3,2,0.02,7,25,0.02,0.49612939064013567,0.6412016645807039,1.1373310552208395
DipMeans,high_data,3,2,0.02,7,30,0.02,0.44145330714568787,0.6433690777740326,1.0848223849197205
DipMeans,high_data,3,2,0.02,10,12,0.02,0.45815190361238745,0.6138100478806002,1.0719619514929877
DipMeans,high_data,3,2,0.02,10,15,0.02,0.4907343109797664,0.6331714267312688,1.123905737711035
DipMeans,high_data,3,2,0.02,10,20,0.02,0.49209307268336344,0.6434972905211164,1.13559036320448
DipMeans,high_data,3,2,0.02,10,25,0.02,0.49566705352213264,0.6408726218102992,1.136539675332432
DipMeans,high_data,3,2,0.02,10,30,0.02,0.439773779300469,0.6471933646615515,1.0869671439620205
DipMeans,high_data,3,2,0.02,12,15,0.02,0.4520659327047647,0.6197153767684811,1.0717813094732458
DipMeans,high_data,3,2,0.02,12,20,0.02,0.43393465415334104,0.6255874895376016,1.0595221436909426
DipMeans,high_data,3,2,0.02,12,25,0.02,0.4410775021030187,0.6468100516668999,1.0878875537699186
DipMeans,high_data,3,2,0.02,12,30,0.02,0.44078661384110096,0.6473748927767229,1.0881615066178238
DipMeans,high_data,3,2,0.02,15,20,0.02,0.45970915298718223,0.62872305883783,1.0884322118250123
DipMeans,high_data,3,2,0.02,15,25,0.02,0.43446604611544637,0.6385162125779861,1.0729822586934326
DipMeans,high_data,3,2,0.02,15,30,0.02,0.4377447872764501,0.6466658773948418,1.0844106646712919
DipMeans,high_data,3,2,0.02,2,10,0.05,0.4998526033668353,0.6100428952817769,1.1098954986486123
DipMeans,high_data,3,2,0.02,2,12,0.05,0.48909361574400373,0.6128324330147625,1.1019260487587663
DipMeans,high_data,3,2,0.02,2,15,0.05,0.4476997684537769,0.6161885715124337,1.0638883399662107
DipMeans,high_data,3,2,0.02,2,20,0.05,0.4428373345490396,0.6340079857276895,1.0768453202767292
DipMeans,high_data,3,2,0.02,2,25,0.05,0.43492540645970024,0.6398501335899236,1.074775540049624
DipMeans,high_data,3,2,0.02,2,30,0.05,0.4076628547691554,0.6473994983844348,1.0550623531535903
DipMeans,high_data,3,2,0.02,5,10,0.05,0.5024423497206666,0.6140556696444799,1.1164980193651464
DipMeans,high_data,3,2,0.02,5,12,0.05,0.4889977660056897,0.6126549974113056,1.1016527634169953
DipMeans,high_data,3,2,0.02,5,15,0.05,0.45297370147837357,0.6192535416792581,1.0722272431576316
DipMeans,high_data,3,2,0.02,5,20,0.05,0.475203702001598,0.6569724643435384,1.1321761663451364
DipMeans,high_data,3,2,0.02,5,25,0.05,0.4802343445974815,0.6656175313392735,1.145851875936755
DipMeans,high_data,3,2,0.02,5,30,0.05,0.43124630382903867,0.6649028066504316,1.0961491104794703
DipMeans,high_data,3,2,0.02,7,10,0.05,0.5194346067635556,0.6318586771569229,1.1512932839204786
DipMeans,high_data,3,2,0.02,7,12,0.05,0.48879060857757434,0.6126669481775269,1.1014575567551013
DipMeans,high_data,3,2,0.02,7,15,0.05,0.4529505410250673,0.6193245731805906,1.072275114205658
DipMeans,high_data,3,2,0.02,7,20,0.05,0.4585323132125708,0.6404266480639037,1.0989589612764745
DipMeans,high_data,3,2,0.02,7,25,0.05,0.46752845327924303,0.6534755403836695,1.1210039936629126
DipMeans,high_data,3,2,0.02,7,30,0.05,0.4291013593271602,0.6619589606889549,1.091060320016115
DipMeans,high_data,3,2,0.02,10,12,0.05,0.45815190361238745,0.6138100478806002,1.0719619514929877
DipMeans,high_data,3,2,0.02,10,15,0.05,0.4907343109797664,0.6331714267312688,1.123905737711035
DipMeans,high_data,3,2,0.02,10,20,0.05,0.49564909804239615,0.6523150091188664,1.1479641071612625
DipMeans,high_data,3,2,0.02,10,25,0.05,0.4284530430944048,0.6478632053366421,1.076316248431047
DipMeans,high_data,3,2,0.02,10,30,0.05,0.38101124218799726,0.6564925654569029,1.0375038076449001
DipMeans,high_data,3,2,0.02,12,15,0.05,0.4520659327047647,0.6197153767684811,1.0717813094732458
DipMeans,high_data,3,2,0.02,12,20,0.05,0.43393465415334104,0.6255874895376016,1.0595221436909426
DipMeans,high_data,3,2,0.02,12,25,0.05,0.4410775021030187,0.6468100516668999,1.0878875537699186
DipMeans,high_data,3,2,0.02,12,30,0.05,0.43368262766108184,0.6448080809504131,1.078490708611495
DipMeans,high_data,3,2,0.02,15,20,0.05,0.46430650690627423,0.63239216249398,1.0966986694002543
DipMeans,high_data,3,2,0.02,15,25,0.05,0.4410775021030187,0.6468100516668998,1.0878875537699184
DipMeans,high_data,3,2,0.02,15,30,0.05,0.39143584342409193,0.6612220570257327,1.0526579004498247
DipMeans,high_data,3,2,0.05,2,10,0.01,0.44966979207994573,0.5994017723325065,1.0490715644124522
DipMeans,high_data,3,2,0.05,2,12,0.01,0.48183814722420787,0.6259448989576999,1.1077830461819078
DipMeans,high_data,3,2,0.05,2,15,0.01,0.4719929568353963,0.6271229384585018,1.099115895293898
DipMeans,high_data,3,2,0.05,2,20,0.01,0.4634113587157089,0.6293151536509702,1.0927265123666792
DipMeans,high_data,3,2,0.05,2,25,0.01,0.5378357795905978,0.6673039516738721,1.2051397312644698
DipMeans,high_data,3,2,0.05,2,30,0.01,0.5470755730922988,0.6770870611308163,1.224162634223115
DipMeans,high_data,3,2,0.05,5,10,0.01,0.5074166416153193,0.6270898049342555,1.1345064465495747
DipMeans,high_data,3,2,0.05,5,12,0.01,0.5183888276313059,0.6390646359999718,1.1574534636312777
DipMeans,high_data,3,2,0.05,5,15,0.01,0.5205442829147177,0.6353616771181142,1.1559059600328319
DipMeans,high_data,3,2,0.05,5,20,0.01,0.5271051139260811,0.6488765261911875,1.1759816401172687
DipMeans,high_data,3,2,0.05,5,25,0.01,0.40874124272414236,0.6084419182741438,1.0171831609982862
DipMeans,high_data,3,2,0.05,5,30,0.01,0.43229342934419457,0.6381269298950437,1.0704203592392383
DipMeans,high_data,3,2,0.05,7,10,0.01,0.507248660112615,0.6269866541398212,1.1342353142524364
DipMeans,high_data,3,2,0.05,7,12,0.01,0.5195640583323644,0.639485575138038,1.1590496334704024
DipMeans,high_data,3,2,0.05,7,15,0.01,0.5260116949727023,0.6460808770242218,1.1720925719969242
DipMeans,high_data,3,2,0.05,7,20,0.01,0.5092739101119755,0.625552177798066,1.1348260879100416
DipMeans,high_data,3,2,0.05,7,25,0.01,0.49999469386984635,0.6214567530121445,1.121451446881991
DipMeans,high_data,3,2,0.05,7,30,0.01,0.43070675257659297,0.6293595677497467,1.0600663203263396
DipMeans,high_data,3,2,0.05,10,12,0.01,0.41280799339323726,0.5750901875809423,0.9878981809741796
DipMeans,high_data,3,2,0.05,10,15,0.01,0.4673918036307288,0.6274812438661662,1.094873047496895
DipMeans,high_data,3,2,0.05,10,20,0.01,0.46647505029410513,0.6320723808057057,1.098547431099811
DipMeans,high_data,3,2,0.05,10,25,0.01,0.5025432784355967,0.6446339624768337,1.1471772409124303
DipMeans,high_data,3,2,0.05,10,30,0.01,0.4365951233988489,0.6384193766948519,1.0750145000937008
DipMeans,high_data,3,2,0.05,12,15,0.01,0.520920191135557,0.6252815599245517,1.1462017510601088
DipMeans,high_data,3,2,0.05,12,20,0.01,0.5318834837251817,0.6611973701376637,1.1930808538628455
DipMeans,high_data,3,2,0.05,12,25,0.01,0.5293719864966373,0.6589693421333535,1.1883413286299906
DipMeans,high_data,3,2,0.05,12,30,0.01,0.4329211617913666,0.6367539233928106,1.0696750851841772
DipMeans,high_data,3,2,0.05,15,20,0.01,0.44105718570857144,0.629599733652907,1.0706569193614786
DipMeans,high_data,3,2,0.05,15,25,0.01,0.43968312605614585,0.6287251833537683,1.0684083094099142
DipMeans,high_data,3,2,0.05,15,30,0.01,0.43793381154440186,0.6318288275098597,1.0697626390542616
DipMeans,high_data,3,2,0.05,2,10,0.02,0.5128403836767361,0.6333474619495723,1.1461878456263084
DipMeans,high_data,3,2,0.05,2,12,0.02,0.5289520960654542,0.6422822236781978,1.171234319743652
DipMeans,high_data,3,2,0.05,2,15,0.02,0.5253598551235027,0.644035182414387,1.1693950375378896
DipMeans,high_data,3,2,0.05,2,20,0.02,0.524345285436222,0.6434376563228901,1.1677829417591121
DipMeans,high_data,3,2,0.05,2,25,0.02,0.5044853133139616,0.636459666135242,1.1409449794492037
DipMeans,high_data,3,2,0.05,2,30,0.02,0.5369516768531024,0.6712640728378695,1.208215749690972
DipMeans,high_data,3,2,0.05,5,10,0.02,0.5024423497206666,0.6140556696444799,1.1164980193651464
DipMeans,high_data,3,2,0.05,5,12,0.02,0.5084927309133593,0.624848274370809,1.1333410052841684
DipMeans,high_data,3,2,0.05,5,15,0.02,0.39441531613899006,0.6042418817580298,0.9986571978970199
DipMeans,high_data,3,2,0.05,5,20,0.02,0.453782321644861,0.6398362955876371,1.0936186172324982
DipMeans,high_data,3,2,0.05,5,25,0.02,0.45206359685159136,0.6426443951000497,1.094707991951641
DipMeans,high_data,3,2,0.05,5,30,0.02,0.4349744223358352,0.6359617246381454,1.0709361469739807
DipMeans,high_data,3,2,0.05,7,10,0.02,0.507248660112615,0.6269866541398212,1.1342353142524364
DipMeans,high_data,3,2,0.05,7,12,0.02,0.5112060161804647,0.6267840436699219,1.1379900598503867
DipMeans,high_data,3,2,0.05,7,15,0.02,0.4659250919884328,0.6146239833434922,1.0805490753319251
DipMeans,high_data,3,2,0.05,7,20,0.02,0.45359606847947964,0.6324722506601137,1.0860683191395935
DipMeans,high_data,3,2,0.05,7,25,0.02,0.4507458513273582,0.6428788799705448,1.093624731297903
DipMeans,high_data,3,2,0.05,7,30,0.02,0.44243312418559794,0.6465498078993098,1.0889829320849078
DipMeans,high_data,3,2,0.05,10,12,0.02,0.45869527363111046,0.6126986112470941,1.0713938848782045
DipMeans,high_data,3,2,0.05,10,15,0.02,0.4897803970388888,0.6437801522981861,1.1335605493370748
DipMeans,high_data,3,2,0.05,10,20,0.02,0.48659184642809317,0.6451095084668328,1.131701354894926
DipMeans,high_data,3,2,0.05,10,25,0.02,0.49102748715007144,0.653074858479886,1.1441023456299575
DipMeans,high_data,3,2,0.05,10,30,0.02,0.40104878436780067,0.632260459023442,1.0333092433912427
DipMeans,high_data,3,2,0.05,12,15,0.02,0.4407640950306972,0.6194828021399672,1.0602468971706644
DipMeans,high_data,3,2,0.05,12,20,0.02,0.43935549565741466,0.6274656236269096,1.0668211192843242
DipMeans,high_data,3,2,0.05,12,25,0.02,0.43806562759087136,0.6282672940888423,1.0663329216797137
DipMeans,high_data,3,2,0.05,12,30,0.02,0.4280073596861492,0.6298414553354502,1.0578488150215994
DipMeans,high_data,3,2,0.05,15,20,0.02,0.4536140829715122,0.6325788050851106,1.0861928880566227
DipMeans,high_data,3,2,0.05,15,25,0.02,0.5156876982228149,0.6615229933468465,1.1772106915696614
DipMeans,high_data,3,2,0.05,15,30,0.02,0.4451218926180203,0.6413092586568163,1.0864311512748366
DipMeans,high_data,3,2,0.05,2,10,0.05,0.5074166416153193,0.6270898049342554,1.1345064465495747
DipMeans,high_data,3,2,0.05,2,12,0.05,0.4895785563290408,0.6124283850731689,1.1020069414022098
DipMeans,high_data,3,2,0.05,2,15,0.05,0.44006949037425247,0.6149883139399182,1.0550578043141705
DipMeans,high_data,3,2,0.05,2,20,0.05,0.49230103252612456,0.6546008216494286,1.1469018541755531
DipMeans,high_data,3,2,0.05,2,25,0.05,0.4912117184017881,0.6630351303618592,1.1542468487636475
DipMeans,high_data,3,2,0.05,2,30,0.05,0.47876631938822767,0.6521576888823747,1.1309240082706022
DipMeans,high_data,3,2,0.05,5,10,0.05,0.5024423497206666,0.6140556696444799,1.1164980193651464
DipMeans,high_data,3,2,0.05,5,12,0.05,0.48933081732664413,0.6127331965775005,1.1020640139041447
DipMeans,high_data,3,2,0.05,5,15,0.05,0.4397887230985231,0.6144168152023972,1.0542055383009203
DipMeans,high_data,3,2,0.05,5,20,0.05,0.4609593817498522,0.6336051992234124,1.0945645809732647
DipMeans,high_data,3,2,0.05,5,25,0.05,0.4735176639987457,0.6515527974561468,1.1250704614548925
DipMeans,high_data,3,2,0.05,5,30,0.05,0.4685075056161686,0.667727406230781,1.1362349118469495
DipMeans,high_data,3,2,0.05,7,10,0.05,0.507248660112615,0.6269866541398212,1.1342353142524364
DipMeans,high_data,3,2,0.05,7,12,0.05,0.43081853554233884,0.5930216248521775,1.0238401603945162
DipMeans,high_data,3,2,0.05,7,15,0.05,0.44006949037425247,0.6149883139399182,1.0550578043141705
DipMeans,high_data,3,2,0.05,7,20,0.05,0.4746866944913612,0.6395577337775811,1.1142444282689423
DipMeans,high_data,3,2,0.05,7,25,0.05,0.4553587043267166,0.6516041180744965,1.1069628224012131
DipMeans,high_data,3,2,0.05,7,30,0.05,0.39111121803556737,0.6554091828548229,1.0465204008903903
DipMeans,high_data,3,2,0.05,10,12,0.05,0.45869527363111046,0.6126986112470941,1.0713938848782045
DipMeans,high_data,3,2,0.05,10,15,0.05,0.4897803970388888,0.6437801522981861,1.1335605493370748
DipMeans,high_data,3,2,0.05,10,20,0.05,0.4871584690916414,0.6453975464983349,1.1325560155899763
DipMeans,high_data,3,2,0.05,10,25,0.05,0.4846803060738824,0.6396558383818585,1.124336144455741
DipMeans,high_data,3,2,0.05,10,30,0.05,0.3965144918941223,0.6188245961789248,1.015339088073047
DipMeans,high_data,3,2,0.05,12,15,0.05,0.4407640950306972,0.6194828021399672,1.0602468971706644
DipMeans,high_data,3,2,0.05,12,20,0.05,0.44061482889517317,0.6317032649415576,1.0723180938367307
DipMeans,high_data,3,2,0.05,12,25,0.05,0.43471669657398626,0.6264177948811441,1.0611344914551304
DipMeans,high_data,3,2,0.05,12,30,0.05,0.43427956112696237,0.6287654229431427,1.063044984070105
DipMeans,high_data,3,2,0.05,15,20,0.05,0.45777665938959566,0.6328667675682164,1.090643426957812
DipMeans,high_data,3,2,0.05,15,25,0.05,0.5156715045138127,0.6614030423092161,1.1770745468230288
DipMeans,high_data,3,2,0.05,15,30,0.05,0.43926697827800987,0.6370015804146925,1.0762685586927023
DipMeans,high_data,3,2,0.1,2,10,0.01,0.5217156990267053,0.6335293215764666,1.155245020603172
DipMeans,high_data,3,2,0.1,2,12,0.01,0.5216360561207307,0.6364704581684304,1.1581065142891611
DipMeans,high_data,3,2,0.1,2,15,0.01,0.5244181836159457,0.6437615985333247,1.1681797821492705
DipMeans,high_data,3,2,0.1,2,20,0.01,0.4717035966637794,0.6343501961066222,1.1060537927704017
DipMeans,high_data,3,2,0.1,2,25,0.01,0.42290070849450534,0.6135514737032045,1.03645218219771
DipMeans,high_data,3,2,0.1,2,30,0.01,0.42000362984496853,0.6165092217306352,1.0365128515756037
DipMeans,high_data,3,2,0.1,5,10,0.01,0.5300803133062871,0.63873007829736,1.168810391603647
DipMeans,high_data,3,2,0.1,5,12,0.01,0.41127799047265795,0.5737627188887942,0.9850407093614522
DipMeans,high_data,3,2,0.1,5,15,0.01,0.4412467671691888,0.6009407743303563,1.0421875414995452
DipMeans,high_data,3,2,0.1,5,20,0.01,0.49767280312847306,0.6311461962747231,1.128818999403196
DipMeans,high_data,3,2,0.1,5,25,0.01,0.5069809511362009,0.6401773640585919,1.1471583151947928
DipMeans,high_data,3,2,0.1,5,30,0.01,0.5071836364363418,0.6419642510242564,1.149147887460598
DipMeans,high_data,3,2,0.1,7,10,0.01,0.5217156990267053,0.6335293215764667,1.155245020603172
DipMeans,high_data,3,2,0.1,7,12,0.01,0.5217991443740687,0.6370335609752539,1.1588327053493226
DipMeans,high_data,3,2,0.1,7,15,0.01,0.5244181836159457,0.6437615985333247,1.1681797821492705
DipMeans,high_data,3,2,0.1,7,20,0.01,0.4240397065336064,0.5970949713432817,1.0211346778768882
DipMeans,high_data,3,2,0.1,7,25,0.01,0.49772315144188584,0.6333736006849278,1.1310967521268136
DipMeans,high_data,3,2,0.1,7,30,0.01,0.4531082678586314,0.6382163623941621,1.0913246302527935
DipMeans,high_data,3,2,0.1,10,12,0.01,0.4828250942827581,0.6094923829463427,1.0923174772291007
DipMeans,high_data,3,2,0.1,10,15,0.01,0.44732369854012266,0.603521250812807,1.0508449493529297
DipMeans,high_data,3,2,0.1,10,20,0.01,0.41061005213097906,0.6203122738860659,1.030922326017045
DipMeans,high_data,3,2,0.1,10,25,0.01,0.4105809474768117,0.6205767941474015,1.0311577416242133
DipMeans,high_data,3,2,0.1,10,30,0.01,0.40767371500836624,0.6245052960778628,1.032179011086229
DipMeans,high_data,3,2,0.1,12,15,0.01,0.520920191135557,0.6252815599245517,1.1462017510601088
DipMeans,high_data,3,2,0.1,12,20,0.01,0.5094302262658034,0.6205185087635171,1.1299487350293205
DipMeans,high_data,3,2,0.1,12,25,0.01,0.5061674746771505,0.617366225632593,1.1235337003097436
DipMeans,high_data,3,2,0.1,12,30,0.01,0.44653047110320554,0.6251613468086147,1.0716918179118202
DipMeans,high_data,3,2,0.1,15,20,0.01,0.49468319156305707,0.6374346067027916,1.1321177982658486
DipMeans,high_data,3,2,0.1,15,25,0.01,0.5346437862461263,0.663192099919575,1.1978358861657012
DipMeans,high_data,3,2,0.1,15,30,0.01,0.4514589114922285,0.6437600594468522,1.0952189709390807
DipMeans,high_data,3,2,0.1,2,10,0.02,0.5217156990267053,0.6335293215764667,1.155245020603172
DipMeans,high_data,3,2,0.1,2,12,0.02,0.5216360561207307,0.6364704581684304,1.1581065142891611
DipMeans,high_data,3,2,0.1,2,15,0.02,0.5244181836159457,0.6437615985333247,1.1681797821492705
DipMeans,high_data,3,2,0.1,2,20,0.02,0.4717035966637794,0.6343501961066222,1.1060537927704017
DipMeans,high_data,3,2,0.1,2,25,0.02,0.42290070849450534,0.6135514737032045,1.03645218219771
DipMeans,high_data,3,2,0.1,2,30,0.02,0.42000362984496853,0.6165092217306352,1.0365128515756037
DipMeans,high_data,3,2,0.1,5,10,0.02,0.5310690999533079,0.639282930389541,1.170352030342849
DipMeans,high_data,3,2,0.1,5,12,0.02,0.41004946883580345,0.5747411349156895,0.9847906037514929
DipMeans,high_data,3,2,0.1,5,15,0.02,0.4907343109797664,0.6331714267312688,1.123905737711035
DipMeans,high_data,3,2,0.1,5,20,0.02,0.48987222461157437,0.6407619171036713,1.1306341417152457
DipMeans,high_data,3,2,0.1,5,25,0.02,0.48901754620960974,0.6408517214061853,1.129869267615795
DipMeans,high_data,3,2,0.1,5,30,0.02,0.4920981971857472,0.6463066037445263,1.1384048009302736
DipMeans,high_data,3,2,0.1,7,10,0.02,0.5217156990267053,0.6335293215764667,1.155245020603172
DipMeans,high_data,3,2,0.1,7,12,0.02,0.5217991443740687,0.6370335609752539,1.1588327053493226
DipMeans,high_data,3,2,0.1,7,15,0.02,0.5244181836159457,0.6437615985333247,1.1681797821492705
DipMeans,high_data,3,2,0.1,7,20,0.02,0.4240397065336064,0.5970949713432817,1.0211346778768882
DipMeans,high_data,3,2,0.1,7,25,0.02,0.49772315144188584,0.6333736006849277,1.1310967521268136
DipMeans,high_data,3,2,0.1,7,30,0.02,0.4531082678586314,0.6382163623941621,1.0913246302527935
DipMeans,high_data,3,2,0.1,10,12,0.02,0.4828250942827581,0.6094923829463427,1.0923174772291007
DipMeans,high_data,3,2,0.1,10,15,0.02,0.45358032398287484,0.6077565595038333,1.061336883486708
DipMeans,high_data,3,2,0.1,10,20,0.02,0.4834278038250439,0.6307790440501571,1.114206847875201
DipMeans,high_data,3,2,0.1,10,25,0.02,0.4838407719701876,0.6332255378794498,1.1170663098496374
DipMeans,high_data,3,2,0.1,10,30,0.02,0.4879920974046937,0.6402119706027953,1.128204068007489
DipMeans,high_data,3,2,0.1,12,15,0.02,0.45026940631377327,0.6181283557125822,1.0683977620263554
DipMeans,high_data,3,2,0.1,12,20,0.02,0.43889390987816196,0.6538691881654817,1.0927630980436436
DipMeans,high_data,3,2,0.1,12,25,0.02,0.39349757388384027,0.6528929503915953,1.0463905242754357
DipMeans,high_data,3,2,0.1,12,30,0.02,0.39010408898975674,0.6520048545641397,1.0421089435538964
DipMeans,high_data,3,2,0.1,15,20,0.02,0.49538514675461903,0.640302880516253,1.135688027270872
DipMeans,high_data,3,2,0.1,15,25,0.02,0.5031990823492084,0.6440819689036174,1.1472810512528258
DipMeans,high_data,3,2,0.1,15,30,0.02,0.4366032009398733,0.6277070537123164,1.0643102546521896
DipMeans,high_data,3,2,0.1,2,10,0.05,0.5128403836767361,0.6333474619495723,1.1461878456263084
DipMeans,high_data,3,2,0.1,2,12,0.05,0.505803133654789,0.6320774133556111,1.1378805470104
DipMeans,high_data,3,2,0.1,2,15,0.05,0.4831032180026443,0.6318712261522298,1.1149744441548741
DipMeans,high_data,3,2,0.1,2,20,0.05,0.4856353631586245,0.6417523173122398,1.1273876804708642
DipMeans,high_data,3,2,0.1,2,25,0.05,0.4832564260560916,0.637637183870464,1.1208936099265556
DipMeans,high_data,3,2,0.1,2,30,0.05,0.3949038825070457,0.6195144214476763,1.014418303954722
DipMeans,high_data,3,2,0.1,5,10,0.05,0.5024423497206666,0.6140556696444799,1.1164980193651464
DipMeans,high_data,3,2,0.1,5,12,0.05,0.5084927309133593,0.6248482743708091,1.1333410052841684
DipMeans,high_data,3,2,0.1,5,15,0.05,0.49638755455448647,0.6346126083661988,1.1310001629206852
DipMeans,high_data,3,2,0.1,5,20,0.05,0.5110443443365345,0.6506710250866936,1.161715369423228
DipMeans,high_data,3,2,0.1,5,25,0.05,0.4414649777226025,0.6406522348376285,1.082117212560231
DipMeans,high_data,3,2,0.1,5,30,0.05,0.43991605435466064,0.6473092903003601,1.0872253446550206
DipMeans,high_data,3,2,0.1,7,10,0.05,0.507248660112615,0.6269866541398212,1.1342353142524364
DipMeans,high_data,3,2,0.1,7,12,0.05,0.5067345989896284,0.6256201262544997,1.1323547252441282
DipMeans,high_data,3,2,0.1,7,15,0.05,0.4182309414631128,0.5874461283231199,1.0056770697862327
DipMeans,high_data,3,2,0.1,7,20,0.05,0.47541772266621835,0.6248640863702258,1.1002818090364441
DipMeans,high_data,3,2,0.1,7,25,0.05,0.4683271047518721,0.6500802155708416,1.1184073203227136
DipMeans,high_data,3,2,0.1,7,30,0.05,0.4660986125417354,0.6479412171292904,1.1140398296710259
DipMeans,high_data,3,2,0.1,10,12,0.05,0.45534855940729474,0.6094997794582263,1.064848338865521
DipMeans,high_data,3,2,0.1,10,15,0.05,0.48155736559094064,0.6307739380793068,1.1123313036702474
DipMeans,high_data,3,2,0.1,10,20,0.05,0.48591232414623325,0.6419067667351568,1.12781909088139
DipMeans,high_data,3,2,0.1,10,25,0.05,0.3951546335941652,0.6172964712929875,1.0124511048871527
DipMeans,high_data,3,2,0.1,10,30,0.05,0.39702884296934743,0.6225400142071277,1.0195688571764752
DipMeans,high_data,3,2,0.1,12,15,0.05,0.45083128770672376,0.6191883203577596,1.0700196080644835
DipMeans,high_data,3,2,0.1,12,20,0.05,0.4615660814377893,0.637933948445201,1.0995000298829902
DipMeans,high_data,3,2,0.1,12,25,0.05,0.40365162008245975,0.6355969056776616,1.0392485257601214
DipMeans,high_data,3,2,0.1,12,30,0.05,0.4076752606890208,0.6495045681575488,1.0571798288465697
DipMeans,high_data,3,2,0.1,15,20,0.05,0.4945545403306444,0.6419328650748797,1.136487405405524
DipMeans,high_data,3,2,0.1,15,25,0.05,0.4298301598328223,0.6319774685858703,1.0618076284186926
DipMeans,high_data,3,2,0.1,15,30,0.05,0.43659145069988575,0.6498496738951619,1.0864411245950476
DipMeans,high_data,3,2,0.15,2,10,0.01,0.5217156990267053,0.6335293215764667,1.155245020603172
DipMeans,high_data,3,2,0.15,2,12,0.01,0.5216360561207307,0.6364704581684304,1.1581065142891611
DipMeans,high_data,3,2,0.15,2,15,0.01,0.5244181836159457,0.6437615985333247,1.1681797821492705
DipMeans,high_data,3,2,0.15,2,20,0.01,0.48305773353553305,0.6226066193438244,1.1056643528793575
DipMeans,high_data,3,2,0.15,2,25,0.01,0.4978690417603634,0.6334996308303432,1.1313686725907066
DipMeans,high_data,3,2,0.15,2,30,0.01,0.4938246434680013,0.6387283076828792,1.1325529511508805
DipMeans,high_data,3,2,0.15,5,10,0.01,0.47638944195451854,0.6029062094731737,1.0792956514276923
DipMeans,high_data,3,2,0.15,5,12,0.01,0.41123205560606513,0.573350747644798,0.9845828032508631
DipMeans,high_data,3,2,0.15,5,15,0.01,0.4411260098451295,0.6009425408953081,1.0420685507404377
DipMeans,high_data,3,2,0.15,5,20,0.01,0.49767280312847306,0.6311461962747231,1.128818999403196
DipMeans,high_data,3,2,0.15,5,25,0.01,0.5069809511362009,0.6401773640585919,1.1471583151947928
DipMeans,high_data,3,2,0.15,5,30,0.01,0.5091414215867616,0.6444871504193174,1.1536285720060788
DipMeans,high_data,3,2,0.15,7,10,0.01,0.5217156990267053,0.6335293215764666,1.155245020603172
DipMeans,high_data,3,2,0.15,7,12,0.01,0.5217991443740687,0.6370335609752539,1.1588327053493226
DipMeans,high_data,3,2,0.15,7,15,0.01,0.5244181836159457,0.6437615985333247,1.1681797821492705
DipMeans,high_data,3,2,0.15,7,20,0.01,0.48995702397371477,0.6277254701100101,1.1176824940837249
DipMeans,high_data,3,2,0.15,7,25,0.01,0.49786364531221794,0.6334824690976119,1.1313461144098298
DipMeans,high_data,3,2,0.15,7,30,0.01,0.45151527144270975,0.6364096013699081,1.0879248728126178
DipMeans,high_data,3,2,0.15,10,12,0.01,0.4828250942827581,0.6094923829463427,1.0923174772291007
DipMeans,high_data,3,2,0.15,10,15,0.01,0.5092363986347217,0.6174925012983031,1.126728899933025
DipMeans,high_data,3,2,0.15,10,20,0.01,0.48861254767166573,0.626678194473868,1.1152907421455338
DipMeans,high_data,3,2,0.15,10,25,0.01,0.49773129306006086,0.6357961565464525,1.1335274496065133
DipMeans,high_data,3,2,0.15,10,30,0.01,0.4509005180024519,0.637019990908564,1.087920508911016
DipMeans,high_data,3,2,0.15,12,15,0.01,0.520920191135557,0.6252815599245517,1.1462017510601088
DipMeans,high_data,3,2,0.15,12,20,0.01,0.5011577024373636,0.6095544077445385,1.1107121101819022
DipMeans,high_data,3,2,0.15,12,25,0.01,0.5217785590107068,0.6471386180775806,1.1689171770882874
DipMeans,high_data,3,2,0.15,12,30,0.01,0.5191805067277175,0.6466411758840147,1.1658216826117322
DipMeans,high_data,3,2,0.15,15,20,0.01,0.534872833264885,0.6631403277753911,1.1980131610402762
DipMeans,high_data,3,2,0.15,15,25,0.01,0.538530381882531,0.6691378939713575,1.2076682758538886
DipMeans,high_data,3,2,0.15,15,30,0.01,0.4367040586394992,0.6358144133935204,1.0725184720330196
DipMeans,high_data,3,2,0.15,2,10,0.02,0.5217156990267053,0.6335293215764666,1.155245020603172
DipMeans,high_data,3,2,0.15,2,12,0.02,0.5216360561207307,0.6364704581684304,1.1581065142891611
DipMeans,high_data,3,2,0.15,2,15,0.02,0.5244181836159457,0.6437615985333247,1.1681797821492705
DipMeans,high_data,3,2,0.15,2,20,0.02,0.48305773353553305,0.6226066193438244,1.1056643528793575
DipMeans,high_data,3,2,0.15,2,25,0.02,0.4978690417603634,0.6334996308303432,1.1313686725907066
DipMeans,high_data,3,2,0.15,2,30,0.02,0.4938246434680013,0.6387283076828791,1.1325529511508805
DipMeans,high_data,3,2,0.15,5,10,0.02,0.47638944195451854,0.6029062094731736,1.0792956514276921
DipMeans,high_data,3,2,0.15,5,12,0.02,0.41123205560606513,0.573350747644798,0.9845828032508631
DipMeans,high_data,3,2,0.15,5,15,0.02,0.4411260098451295,0.6009425408953081,1.0420685507404377
DipMeans,high_data,3,2,0.15,5,20,0.02,0.49767280312847306,0.6311461962747231,1.128818999403196
DipMeans,high_data,3,2,0.15,5,25,0.02,0.5069809511362009,0.6401773640585919,1.1471583151947928
DipMeans,high_data,3,2,0.15,5,30,0.02,0.5091414215867616,0.6444871504193173,1.1536285720060788
DipMeans,high_data,3,2,0.15,7,10,0.02,0.5217156990267053,0.6335293215764666,1.155245020603172
DipMeans,high_data,3,2,0.15,7,12,0.02,0.5217991443740687,0.6370335609752539,1.1588327053493226
DipMeans,high_data,3,2,0.15,7,15,0.02,0.5244181836159457,0.6437615985333247,1.1681797821492705
DipMeans,high_data,3,2,0.15,7,20,0.02,0.48995702397371477,0.6277254701100101,1.1176824940837249
DipMeans,high_data,3,2,0.15,7,25,0.02,0.49786364531221794,0.6334824690976119,1.1313461144098298
DipMeans,high_data,3,2,0.15,7,30,0.02,0.45151527144270975,0.6364096013699081,1.0879248728126178
DipMeans,high_data,3,2,0.15,10,12,0.02,0.4828250942827581,0.6094923829463427,1.0923174772291007
DipMeans,high_data,3,2,0.15,10,15,0.02,0.5092363986347217,0.6174925012983031,1.126728899933025
DipMeans,high_data,3,2,0.15,10,20,0.02,0.48861254767166573,0.626678194473868,1.1152907421455338
DipMeans,high_data,3,2,0.15,10,25,0.02,0.49773129306006086,0.6357961565464525,1.1335274496065133
DipMeans,high_data,3,2,0.15,10,30,0.02,0.4509005180024519,0.637019990908564,1.087920508911016
DipMeans,high_data,3,2,0.15,12,15,0.02,0.5170782959220251,0.6211158997649798,1.138194195687005
DipMeans,high_data,3,2,0.15,12,20,0.02,0.5412727001266824,0.6385825862779826,1.179855286404665
DipMeans,high_data,3,2,0.15,12,25,0.02,0.5418849418268322,0.6402167769212063,1.1821017187480385
DipMeans,high_data,3,2,0.15,12,30,0.02,0.4231791088144877,0.6187049453614942,1.041884054175982
DipMeans,high_data,3,2,0.15,15,20,0.02,0.5349789298801183,0.6631405178838762,1.1981194477639945
DipMeans,high_data,3,2,0.15,15,25,0.02,0.5472877585255613,0.6762949672388114,1.2235827257643728
DipMeans,high_data,3,2,0.15,15,30,0.02,0.4474488453094916,0.6404483756174316,1.0878972209269233
DipMeans,high_data,3,2,0.15,2,10,0.05,0.5217156990267053,0.6335293215764667,1.155245020603172
DipMeans,high_data,3,2,0.15,2,12,0.05,0.5201886312925199,0.6395544184309488,1.1597430497234686
DipMeans,high_data,3,2,0.15,2,15,0.05,0.5238794558897163,0.6440768984312945,1.1679563543210107
DipMeans,high_data,3,2,0.15,2,20,0.05,0.5266935761740126,0.6465259931625545,1.1732195693365672
DipMeans,high_data,3,2,0.15,2,25,0.05,0.5247151940786108,0.6438216648034601,1.1685368588820708
DipMeans,high_data,3,2,0.15,2,30,0.05,0.4911663350467202,0.6302158491369105,1.1213821841836307
DipMeans,high_data,3,2,0.15,5,10,0.05,0.5300803133062871,0.63873007829736,1.168810391603647
DipMeans,high_data,3,2,0.15,5,12,0.05,0.40944585172380576,0.5747067001012749,0.9841525518250807
DipMeans,high_data,3,2,0.15,5,15,0.05,0.47003416467881604,0.6232859636430309,1.093320128321847
DipMeans,high_data,3,2,0.15,5,20,0.05,0.46707239782446475,0.6306881899233998,1.0977605877478647
DipMeans,high_data,3,2,0.15,5,25,0.05,0.47233665001419095,0.6338721383346266,1.1062087883488176
DipMeans,high_data,3,2,0.15,5,30,0.05,0.47002109652040824,0.6318718860273785,1.1018929825477868
DipMeans,high_data,3,2,0.15,7,10,0.05,0.5217156990267053,0.6335293215764666,1.155245020603172
DipMeans,high_data,3,2,0.15,7,12,0.05,0.5201886312925199,0.6395544184309488,1.1597430497234686
DipMeans,high_data,3,2,0.15,7,15,0.05,0.5238794558897163,0.6440768984312943,1.1679563543210105
